assignment_id,submission_id,reviewer_id,assigned_date,review_completed_date,status
A000001,S00001,R039,2023-11-22,24/12/2023,complete
A000002,S00001,R050,2023-11-22,2023-11-29,complete
A000003,S00002,R039,2024-07-30,2024-08-17,Completed
A000004,S00002,R005,2024-08-01,2024-08-25,Completed
A000005,S00002,R043,2024-07-31,2024-09-28,Completed
A000006,S00003,R044,2024-03-21,2024-04-12,complete
A000007,S00003,R010,2024-03-14,2024-04-03,complete
A000008,S00003,R011,2024-03-15,2024-04-09,complete
A000009,S00004,R023,2023-12-18,2024-01-12,complete
A000010,S00004,R006,12/12/2023,2024-01-01,complete
A000011,S00005,R005,2023-07-15,2023-09-02,Done
A000012,S00005,R039,2023-07-18,2023-08-19,complete
A000013,S00006,R045,21/09/2024,2024-10-01,Done
A000014,S00006,R006,2024-09-25,2024-10-27,Completed
A000015,S00007,R045,2023-07-17,2023-07-26,Done
A000016,S00007,R043,2023-07-10,2023-08-23,Completed
A000017,S00008,R006,2024-03-01,2024-03-22,Done
A000018,S00008,R039,2024-03-03,21/03/2024,complete
A000019,S00009,R010,2024-05-20,2024-07-04,Completed
A000020,S00009,R005,2024-05-14,2024-07-13,Done
A000021,S00010,R005,2023-08-10,2023-10-21,Done
A000022,S00010,R006,2023-08-11,2023-08-22,complete
A000023,S00011,R010,2023-11-23,2023-12-05,Done
A000024,S00011,R005,17/11/2023,23/11/2023,Done
A000025,S00012,R023,2024-06-15,2024-07-16,Completed
A000026,S00012,R050,2024-06-18,2024-06-30,Completed
A000027,S00013,R045,2023-09-10,2023-09-15,Done
A000028,S00013,R039,2023-09-09,2023-09-27,Done
A000029,S00013,R050,2023-09-05,2023-09-17,Completed
A000030,S00014,R045,24/03/2024,2024-04-15,Done
A000031,S00014,R006,2024-03-20,2024-03-30,complete
A000032,S00015,R044,14/03/2024,07/04/2024,complete
A000033,S00015,R039,2024-03-14,2024-04-21,Completed
A000034,S00015,R023,2024-03-18,2024-04-06,Done
A000035,S00016,R023,2023-03-20,05/04/2023,Completed
A000036,S00016,R010,18/03/2023,2023-04-21,Done
A000037,S00017,R006,15/02/2024,2024-03-17,Done
A000038,S00017,R023,2024-02-12,2024-03-31,Done
A000039,S00017,R010,2024-02-10,2024-03-19,complete
A000040,S00018,R045,2024-01-07,2024-02-16,Done
A000041,S00018,R050,2024-01-14,25/01/2024,complete
A000042,S00018,R006,2024-01-11,2024-02-02,Done
A000043,S00019,R044,2023-04-17,2023-05-15,Done
A000044,S00019,R005,2023-04-17,12/05/2023,Done
A000045,S00020,R050,2023-10-20,2023-11-19,Done
A000046,S00020,R045,2023-10-23,2023-10-31,Completed
A000047,S00021,R011,2023-04-02,2023-05-07,complete
A000048,S00021,R050,2023-04-01,2023-05-08,Completed
A000049,S00021,R044,2023-04-06,2023-05-07,complete
A000050,S00022,R039,2024-02-02,2024-02-23,Completed
A000051,S00022,R044,2024-02-05,2024-03-08,complete
A000052,S00022,R005,2024-02-07,2024-02-25,complete
A000053,S00023,R006,2024-07-31,03/09/2024,Completed
A000054,S00023,R005,2024-07-28,2024-08-20,Completed
A000055,S00024,R023,2024-01-26,2024-02-01,Completed
A000056,S00024,R045,2024-01-26,2024-02-07,complete
A000057,S00024,R050,2024-01-26,2024-02-12,Completed
A000058,S00025,R006,2023-09-01,2023-11-03,complete
A000059,S00025,R045,2023-09-02,2023-10-25,Done
A000060,S00025,R023,2023-09-01,2023-10-10,Completed
A000061,S00026,R006,2023-12-23,2023-12-31,Done
A000062,S00026,R005,2023-12-19,2024-01-05,Done
A000063,S00027,R039,2024-03-13,2024-03-30,Done
A000064,S00027,R050,2024-03-15,2024-04-27,Done
A000065,S00028,R005,2023-12-24,03/02/2024,Completed
A000066,S00028,R044,2023-12-20,09/01/2024,complete
A000067,S00028,R045,2023-12-22,2024-01-10,Done
A000068,S00029,R043,2024-01-05,2024-01-15,complete
A000069,S00029,R045,2023-12-31,2024-02-28,complete
A000070,S00029,R011,2024-01-07,2024-01-26,Done
A000071,S00030,R044,2024-08-30,2024-09-21,Done
A000072,S00030,R010,2024-08-25,2024-10-08,Done
A000073,S00030,R011,2024-08-23,2024-10-07,Completed
A000074,S00031,R050,2023-06-30,18/07/2023,Completed
A000075,S00031,R011,2023-06-23,2023-06-29,complete
A000076,S00031,R005,2023-06-25,2023-07-18,Completed
A000077,S00032,R011,2024-10-01,2024-10-17,Completed
A000078,S00032,R044,30/09/2024,2024-10-31,Completed
A000079,S00033,R005,2024-08-07,2024-09-26,complete
A000080,S00033,R039,14/08/2024,2024-08-22,Completed
A000081,S00034,R045,2023-04-13,2023-05-09,Done
A000082,S00034,R039,2023-04-12,2023-05-22,Completed
A000083,S00035,R010,2023-04-29,2023-05-27,complete
A000084,S00035,R050,2023-05-01,2023-05-19,complete
A000085,S00036,R006,2024-03-29,2024-04-19,Completed
A000086,S00036,R043,2024-03-31,2024-05-18,Completed
A000087,S00036,R010,2024-03-29,2024-05-28,Completed
A000088,S00037,R050,2023-11-27,2023-12-14,Done
A000089,S00037,R010,2023-11-27,2024-01-01,Completed
A000090,S00038,R006,2024-06-28,2024-08-08,complete
A000091,S00038,R023,2024-07-01,2024-07-08,Done
A000092,S00039,R050,18/08/2023,2023-09-07,Done
A000093,S00039,R011,2023-08-15,2023-10-02,Done
A000094,S00039,R006,11/08/2023,2023-09-07,Completed
A000095,S00040,R010,2023-02-11,2023-03-22,complete
A000096,S00040,R050,2023-02-12,2023-02-19,Done
A000097,S00041,R010,2024-07-25,2024-09-10,Done
A000098,S00041,R039,2024-07-26,2024-08-10,Done
A000099,S00042,R043,2024-01-20,2024-02-16,complete
A000100,S00042,R011,2024-01-19,2024-03-07,Completed
A000101,S00043,R010,2024-07-22,2024-09-14,complete
A000102,S00043,R039,24/07/2024,2024-10-01,Done
A000103,S00043,R011,2024-07-19,2024-09-28,complete
A000104,S00044,R044,2023-06-28,2023-07-27,Completed
A000105,S00044,R043,2023-07-03,2023-08-14,Completed
A000106,S00045,R039,2023-04-18,03/05/2023,Completed
A000107,S00045,R006,2023-04-19,2023-05-05,Completed
A000108,S00046,R044,2024-01-16,2024-02-23,Done
A000109,S00046,R005,2024-01-13,2024-02-14,Done
A000110,S00047,R006,2023-05-12,,pending
A000111,S00047,R043,2023-05-11,2023-06-21,complete
A000112,S00047,R039,2023-05-16,2023-06-19,Completed
A000113,S00048,R006,2023-02-01,2023-03-24,Done
A000114,S00048,R050,2023-02-01,2023-02-09,Done
A000115,S00049,R011,2023-05-16,2023-05-31,complete
A000116,S00049,R043,2023-05-16,23/05/2023,Done
A000117,S00050,R005,01/09/2024,2024-10-01,complete
A000118,S00050,R023,2024-08-27,2024-10-10,Completed
A000119,S00051,R043,2024-03-15,2024-04-08,Done
A000120,S00051,R011,23/03/2024,2024-05-18,Completed
A000121,S00051,R039,2024-03-21,,In Progress
A000122,S00052,R044,2023-02-11,2023-04-05,complete
A000123,S00052,R010,2023-02-12,2023-04-13,complete
A000124,S00053,R039,15/07/2024,2024-08-23,Done
A000125,S00053,R006,2024-07-18,2024-08-11,Done
A000126,S00054,R023,2023-12-03,2023-12-27,complete
A000127,S00054,R010,2023-11-30,2023-12-25,Completed
A000128,S00055,R006,2023-10-03,2023-11-11,Completed
A000129,S00055,R044,2023-10-01,2023-11-27,complete
A000130,S00056,R039,2023-12-09,20/12/2023,Completed
A000131,S00056,R005,2023-12-06,2023-12-26,complete
A000132,S00057,R006,2024-05-21,,Pending
A000133,S00057,R043,2024-05-23,2024-06-03,Done
A000134,S00058,R044,2024-08-26,2024-09-20,Completed
A000135,S00058,R011,2024-08-31,25/09/2024,complete
A000136,S00059,R043,2024-10-06,,Pending
A000137,S00059,R010,2024-10-10,2024-11-12,complete
A000138,S00059,R011,2024-10-04,2024-11-06,complete
A000139,S00060,R010,2023-11-08,2023-11-19,Done
A000140,S00060,R039,2023-11-05,2023-11-16,Done
A000141,S00061,R044,2023-02-22,2023-03-31,Done
A000142,S00061,R023,2023-02-19,2023-03-05,Done
A000143,S00061,R043,2023-02-19,2023-03-20,Completed
A000144,S00062,R006,2024-09-14,2024-11-02,Done
A000145,S00062,R010,2024-09-11,2024-09-17,complete
A000146,S00063,R010,20/05/2023,2023-06-10,Done
A000147,S00063,R050,21/05/2023,2023-06-22,Completed
A000148,S00064,R010,2024-04-28,2024-06-22,complete
A000149,S00064,R043,2024-04-29,18/05/2024,complete
A000150,S00065,R010,2023-09-29,10/10/2023,Done
A000151,S00065,R006,2023-09-30,,In Progress
A000152,S00066,R045,2024-09-22,2024-10-08,Done
A000153,S00066,R044,2024-09-21,2024-09-29,Completed
A000154,S00067,R050,2023-02-18,05/03/2023,complete
A000155,S00067,R023,2023-02-25,06/03/2023,complete
A000156,S00068,R011,2023-03-23,2023-04-03,complete
A000157,S00068,R006,2023-03-22,2023-05-22,Done
A000158,S00069,R043,27/01/2023,2023-03-17,complete
A000159,S00069,R005,2023-01-31,2023-03-11,Done
A000160,S00070,R039,04/06/2024,2024-07-12,complete
A000161,S00070,R044,2024-06-01,2024-07-12,Done
A000162,S00071,R010,2023-10-27,2023-11-20,complete
A000163,S00071,R006,2023-10-23,2023-11-13,complete
A000164,S00072,R005,2024-04-19,2024-05-28,Done
A000165,S00072,R023,2024-04-14,2024-05-11,complete
A000166,S00073,R010,2023-04-05,2023-05-12,Completed
A000167,S00073,R023,2023-04-04,2023-05-30,complete
A000168,S00074,R006,2023-04-28,2023-05-04,Done
A000169,S00074,R039,2023-04-29,2023-05-14,Done
A000170,S00075,R023,2023-01-13,2023-02-08,Done
A000171,S00075,R050,2023-01-08,2023-02-07,Completed
A000172,S00075,R039,2023-01-09,2023-02-16,complete
A000173,S00076,R010,2023-10-19,2023-11-10,Done
A000174,S00076,R005,2023-10-19,2023-12-03,Done
A000175,S00077,R044,2024-07-21,2024-07-28,Done
A000176,S00077,R043,2024-07-23,2024-08-22,Done
A000177,S00077,R011,2024-07-18,2024-09-08,complete
A000178,S00078,R050,2024-02-06,2024-04-14,Done
A000179,S00078,R044,2024-02-05,2024-03-13,Completed
A000180,S00078,R039,2024-02-03,2024-02-08,Completed
A000181,S00079,R006,2024-08-02,2024-08-20,Completed
A000182,S00079,R039,2024-08-02,2024-08-10,Done
A000183,S00079,R005,2024-08-01,2024-09-07,Completed
A000184,S00080,R010,2024-04-06,26/04/2024,Done
A000185,S00080,R045,2024-04-12,2024-05-07,Completed
A000186,S00081,R045,2023-05-30,2023-06-21,Done
A000187,S00081,R044,2023-06-02,2023-06-23,complete
A000188,S00082,R011,2024-05-13,2024-05-20,Done
A000189,S00082,R045,2024-05-15,,pending
A000190,S00083,R005,2023-03-21,,pending
A000191,S00083,R050,2023-03-19,2023-04-30,Done
A000192,S00083,R039,2023-03-21,2023-04-08,complete
A000193,S00084,R045,2024-03-14,2024-03-25,complete
A000194,S00084,R044,2024-03-12,07/05/2024,Done
A000195,S00085,R023,2023-09-16,2023-10-25,complete
A000196,S00085,R010,2023-09-15,2023-11-13,complete
A000197,S00086,R010,2023-11-29,2024-01-17,Completed
A000198,S00086,R005,2023-12-04,2023-12-20,Completed
A000199,S00086,R011,2023-11-30,2023-12-19,Done
A000200,S00087,R006,2024-10-01,2024-10-09,complete
A000201,S00087,R043,2024-09-28,2024-10-07,Completed
A000202,S00088,R006,2023-09-05,2023-09-21,Done
A000203,S00088,R005,2023-08-30,2023-09-05,complete
A000204,S00088,R043,2023-09-03,,In Progress
A000205,S00089,R045,2024-06-09,2024-07-09,Done
A000206,S00089,R023,2024-06-11,2024-06-25,complete
A000207,S00089,R005,10/06/2024,04/07/2024,Done
A000208,S00090,R050,2024-01-31,2024-04-06,Completed
A000209,S00090,R023,2024-02-02,2024-02-21,complete
A000210,S00091,R050,2023-05-01,2023-05-28,Completed
A000211,S00091,R006,2023-05-01,2023-05-08,complete
A000212,S00092,R044,2024-06-25,2024-07-24,Done
A000213,S00092,R045,2024-06-25,2024-07-15,Done
A000214,S00093,R006,2024-04-25,01/06/2024,complete
A000215,S00093,R005,2024-04-20,,In Progress
A000216,S00093,R044,2024-04-22,2024-05-22,complete
A000217,S00094,R039,2024-02-21,2024-03-24,Done
A000218,S00094,R045,2024-02-20,2024-03-01,Done
A000219,S00095,R006,2023-07-28,2023-08-10,Done
A000220,S00095,R043,2023-08-02,2023-09-08,complete
A000221,S00096,R011,2023-11-21,2023-12-24,Completed
A000222,S00096,R045,2023-11-27,2024-01-30,Completed
A000223,S00097,R006,2023-10-02,2023-11-09,Done
A000224,S00097,R023,2023-09-28,2023-11-12,Done
A000225,S00098,R043,2023-11-20,2023-11-28,Done
A000226,S00098,R045,2023-11-17,23/11/2023,Done
A000227,S00099,R045,2024-02-11,2024-03-07,Completed
A000228,S00099,R050,2024-02-05,2024-03-04,Done
A000229,S00099,R023,2024-02-12,2024-02-23,Completed
A000230,S00100,R011,2023-09-24,2023-10-07,complete
A000231,S00100,R010,25/09/2023,2023-10-12,complete
A000232,S00101,R045,2024-04-25,2024-05-15,Completed
A000233,S00101,R006,2024-04-29,2024-05-18,Completed
A000234,S00102,R044,2024-08-18,2024-08-28,Done
A000235,S00102,R023,2024-08-23,2024-09-12,complete
A000236,S00102,R039,2024-08-25,2024-09-20,complete
A000237,S00103,R043,2024-03-07,2024-03-28,Done
A000238,S00103,R005,09/03/2024,2024-03-23,Completed
A000239,S00104,R010,2024-09-28,2024-11-06,Done
A000240,S00104,R044,27/09/2024,03/10/2024,complete
A000241,S00104,R045,2024-09-25,2024-10-13,Done
A000242,S00105,R044,2023-03-07,2023-03-14,complete
A000243,S00105,R039,2023-03-04,2023-05-15,complete
A000244,S00105,R005,2023-03-05,25/03/2023,complete
A000245,S00106,R006,2023-11-16,2024-01-11,Done
A000246,S00106,R039,2023-11-17,2024-01-09,complete
A000247,S00107,R005,2023-01-16,2023-02-23,Completed
A000248,S00107,R011,2023-01-10,09/03/2023,Done
A000249,S00107,R043,2023-01-09,2023-01-14,Completed
A000250,S00108,R011,2024-08-30,2024-10-05,Completed
A000251,S00108,R023,2024-08-26,2024-10-05,complete
A000252,S00108,R010,31/08/2024,2024-09-15,Done
A000253,S00109,R006,2023-02-19,21/03/2023,Done
A000254,S00109,R023,2023-02-18,2023-02-27,Completed
A000255,S00109,R043,2023-02-18,2023-03-13,Completed
A000256,S00110,R050,2024-04-06,2024-04-17,Completed
A000257,S00110,R044,2024-04-12,2024-04-21,Completed
A000258,S00111,R044,2023-02-18,2023-04-04,complete
A000259,S00111,R010,2023-02-17,2023-03-11,Done
A000260,S00111,R023,2023-02-16,2023-03-17,Completed
A000261,S00112,R005,2023-09-15,2023-09-25,Completed
A000262,S00112,R050,2023-09-09,2023-09-18,Completed
A000263,S00113,R050,2024-05-01,2024-06-28,complete
A000264,S00113,R010,05/05/2024,2024-05-11,Completed
A000265,S00113,R045,2024-05-02,2024-06-27,complete
A000266,S00114,R010,2023-08-05,2023-09-22,Completed
A000267,S00114,R023,2023-08-06,2023-09-04,complete
A000268,S00115,R044,2023-06-21,2023-07-24,Done
A000269,S00115,R043,2023-06-21,2023-08-02,Completed
A000270,S00116,R044,2024-02-17,19/03/2024,complete
A000271,S00116,R010,2024-02-13,21/03/2024,Done
A000272,S00117,R043,2024-08-21,2024-10-19,complete
A000273,S00117,R023,17/08/2024,2024-08-24,complete
A000274,S00118,R005,21/05/2023,07/06/2023,Completed
A000275,S00118,R045,2023-05-18,26/06/2023,Completed
A000276,S00119,R043,2023-12-23,13/01/2024,complete
A000277,S00119,R023,2023-12-15,2023-12-30,Done
A000278,S00120,R010,2024-08-18,2024-09-22,complete
A000279,S00120,R050,2024-08-24,2024-10-03,complete
A000280,S00121,R005,2024-06-28,2024-07-12,Done
A000281,S00121,R045,2024-06-25,2024-08-10,Completed
A000282,S00122,R011,21/01/2024,2024-02-26,Done
A000283,S00122,R039,2024-01-25,2024-02-17,Completed
A000284,S00123,R023,2023-12-04,2024-01-05,Done
A000285,S00123,R005,27/11/2023,2023-12-20,Done
A000286,S00124,R044,2024-02-16,2024-02-27,Completed
A000287,S00124,R011,2024-02-16,2024-03-04,Completed
A000288,S00125,R039,2023-08-24,2023-09-25,complete
A000289,S00125,R045,2023-08-23,2023-10-03,Completed
A000290,S00125,R044,2023-08-27,2023-10-01,Completed
A000291,S00126,R023,2024-07-23,2024-09-10,Completed
A000292,S00126,R043,2024-07-25,2024-08-19,Done
A000293,S00127,R050,2024-03-29,,In Progress
A000294,S00127,R043,27/03/2024,2024-05-05,complete
A000295,S00128,R050,2023-09-27,2023-10-25,complete
A000296,S00128,R010,2023-09-29,2023-10-28,complete
A000297,S00129,R006,12/12/2023,2023-12-28,Completed
A000298,S00129,R005,2023-12-14,2024-01-15,Done
A000299,S00129,R010,2023-12-15,2024-01-20,complete
A000300,S00130,R010,2024-08-04,2024-08-21,Completed
A000301,S00130,R044,2024-08-08,2024-08-16,complete
A000302,S00131,R006,23/05/2023,2023-06-17,complete
A000303,S00131,R005,19/05/2023,2023-07-22,Completed
A000304,S00132,R050,2024-02-29,2024-04-09,complete
A000305,S00132,R039,2024-02-28,16/03/2024,complete
A000306,S00133,R010,2024-03-23,2024-04-28,complete
A000307,S00133,R045,2024-03-25,2024-04-15,Completed
A000308,S00134,R011,2023-10-13,2023-11-13,Completed
A000309,S00134,R006,2023-10-16,2023-10-26,Completed
A000310,S00134,R005,2023-10-13,2023-10-23,Done
A000311,S00135,R039,2024-07-15,2024-08-15,complete
A000312,S00135,R010,16/07/2024,01/08/2024,Done
A000313,S00136,R011,2024-08-02,2024-09-26,complete
A000314,S00136,R010,2024-08-07,2024-09-03,Done
A000315,S00137,R043,2023-12-01,2023-12-28,Done
A000316,S00137,R050,01/12/2023,2023-12-13,Done
A000317,S00138,R039,2024-05-02,2024-06-11,Completed
A000318,S00138,R005,2024-05-07,2024-06-10,Completed
A000319,S00139,R005,25/01/2024,05/02/2024,Completed
A000320,S00139,R023,2024-02-01,12/02/2024,complete
A000321,S00140,R005,2023-12-19,2024-02-01,Done
A000322,S00140,R039,2023-12-26,2024-01-28,Completed
A000323,S00141,R023,2024-03-12,09/05/2024,complete
A000324,S00141,R006,2024-03-15,2024-05-05,Done
A000325,S00142,R005,2023-01-15,2023-01-23,Completed
A000326,S00142,R011,2023-01-13,2023-02-19,Done
A000327,S00142,R043,2023-01-15,2023-03-11,complete
A000328,S00143,R045,2023-06-18,2023-08-06,complete
A000329,S00143,R023,2023-06-18,2023-08-22,Done
A000330,S00144,R010,2024-05-04,2024-07-03,Completed
A000331,S00144,R011,06/05/2024,2024-06-15,Completed
A000332,S00144,R050,2024-05-07,2024-05-28,complete
A000333,S00145,R011,2024-06-18,2024-08-02,Done
A000334,S00145,R039,2024-06-17,2024-09-05,complete
A000335,S00146,R006,2024-02-12,2024-04-02,Completed
A000336,S00146,R050,2024-02-08,2024-04-03,Completed
A000337,S00147,R043,2023-01-18,2023-03-12,Done
A000338,S00147,R011,2023-01-12,2023-03-13,Completed
A000339,S00148,R023,2023-08-30,2023-10-30,Done
A000340,S00148,R005,2023-09-03,2023-10-18,Done
A000341,S00149,R050,19/01/2024,2024-03-09,Completed
A000342,S00149,R039,2024-01-15,2024-01-25,Done
A000343,S00149,R005,2024-01-17,,pending
A000344,S00150,R039,2023-04-08,2023-04-21,complete
A000345,S00150,R023,2023-04-08,20/04/2023,complete
A000346,S00151,R050,2023-10-03,2023-10-21,Done
A000347,S00151,R023,2023-10-02,2023-10-23,Done
A000348,S00151,R045,2023-10-01,2023-10-29,Done
A000349,S00152,R050,2023-04-04,2023-05-23,Completed
A000350,S00152,R039,2023-04-02,2023-05-14,Done
A000351,S00153,R043,2024-01-13,2024-01-24,Done
A000352,S00153,R050,2024-01-09,2024-01-26,complete
A000353,S00153,R006,2024-01-09,2024-02-01,complete
A000354,S00154,R006,2024-02-06,2024-03-26,Done
A000355,S00154,R039,11/02/2024,2024-02-18,complete
A000356,S00154,R010,2024-02-11,2024-02-29,Completed
A000357,S00155,R044,2023-09-12,2023-10-01,complete
A000358,S00155,R005,2023-09-16,2023-09-23,Done
A000359,S00155,R011,2023-09-16,2023-10-07,complete
A000360,S00156,R039,2023-02-12,2023-03-13,Done
A000361,S00156,R043,2023-02-17,2023-03-15,Done
A000362,S00156,R023,2023-02-17,2023-03-15,Completed
A000363,S00157,R023,2024-01-29,2024-02-22,Completed
A000364,S00157,R044,2024-02-04,2024-03-09,Completed
A000365,S00158,R045,2023-05-19,2023-06-27,complete
A000366,S00158,R050,2023-05-19,2023-07-07,Completed
A000367,S00158,R011,2023-05-19,2023-06-23,Completed
A000368,S00159,R043,27/03/2023,2023-05-03,complete
A000369,S00159,R045,2023-03-28,2023-04-09,Done
A000370,S00159,R010,2023-03-24,2023-05-14,Completed
A000371,S00160,R050,2024-08-06,2024-08-26,Done
A000372,S00160,R010,2024-08-04,09/09/2024,Completed
A000373,S00161,R043,2023-06-07,2023-07-22,Completed
A000374,S00161,R039,2023-06-05,2023-07-19,Done
A000375,S00162,R011,2023-09-30,2023-10-30,Completed
A000376,S00162,R006,2023-10-07,2023-10-12,Done
A000377,S00163,R043,2024-07-27,2024-09-14,Completed
A000378,S00163,R045,2024-07-27,2024-09-11,complete
A000379,S00164,R044,29/03/2024,2024-05-18,complete
A000380,S00164,R050,2024-03-23,2024-05-26,Completed
A000381,S00165,R011,2023-12-26,13/01/2024,Completed
A000382,S00165,R010,24/12/2023,2023-12-30,Done
A000383,S00165,R045,2023-12-26,2024-01-18,complete
A000384,S00166,R023,2024-06-30,2024-07-24,complete
A000385,S00166,R039,2024-06-25,2024-07-04,complete
A000386,S00167,R044,2024-08-15,2024-09-17,complete
A000387,S00167,R010,2024-08-08,2024-08-28,complete
A000388,S00167,R006,2024-08-09,2024-09-14,Done
A000389,S00168,R006,2024-01-24,2024-03-03,complete
A000390,S00168,R044,2024-01-23,2024-03-06,complete
A000391,S00168,R045,2024-01-27,2024-02-29,Completed
A000392,S00169,R010,2023-06-17,2023-08-21,Completed
A000393,S00169,R050,2023-06-24,2023-08-20,Done
A000394,S00169,R006,2023-06-21,2023-07-01,complete
A000395,S00170,R039,2024-04-15,2024-06-05,complete
A000396,S00170,R050,2024-04-18,2024-05-08,Done
A000397,S00170,R023,2024-04-11,2024-05-24,Completed
A000398,S00171,R043,2023-01-16,2023-02-26,Done
A000399,S00171,R005,2023-01-18,2023-01-25,complete
A000400,S00171,R050,2023-01-10,2023-02-06,Done
A000401,S00172,R050,2023-05-23,2023-06-02,complete
A000402,S00172,R005,2023-05-23,,In Progress
A000403,S00172,R044,2023-05-24,2023-06-06,complete
A000404,S00173,R010,2024-03-12,2024-04-15,Done
A000405,S00173,R043,2024-03-07,2024-04-06,complete
A000406,S00174,R011,2024-08-26,2024-09-21,Done
A000407,S00174,R023,2024-08-24,2024-09-23,Completed
A000408,S00174,R043,2024-08-24,2024-09-30,Done
A000409,S00175,R006,2023-06-14,2023-07-29,Done
A000410,S00175,R023,2023-06-14,2023-08-04,complete
A000411,S00176,R006,2023-04-05,2023-05-01,Done
A000412,S00176,R023,2023-04-07,2023-05-08,Completed
A000413,S00177,R043,2024-03-05,2024-04-15,Done
A000414,S00177,R010,2024-03-11,2024-03-24,complete
A000415,S00178,R010,2023-07-20,2023-07-29,complete
A000416,S00178,R039,2023-07-25,2023-08-04,complete
A000417,S00179,R050,06/08/2024,2024-09-19,Done
A000418,S00179,R005,2024-08-09,2024-08-18,Completed
A000419,S00179,R006,2024-08-13,2024-09-03,Completed
A000420,S00180,R017,2023-05-29,2023-06-19,Completed
A000421,S00180,R047,2023-05-26,11/06/2023,Completed
A000422,S00181,R007,2023-11-19,2023-11-25,complete
A000423,S00181,R014,2023-11-23,,pending
A000424,S00182,R019,30/12/2023,2024-01-13,complete
A000425,S00182,R004,2023-12-26,2024-01-05,Completed
A000426,S00182,R030,2023-12-22,2024-01-02,Done
A000427,S00183,R036,2024-01-09,2024-01-24,Done
A000428,S00183,R019,2024-01-11,01/02/2024,Done
A000429,S00184,R030,2024-05-02,2024-05-11,complete
A000430,S00184,R019,2024-04-30,2024-05-12,Done
A000431,S00184,R047,2024-04-27,2024-05-06,Completed
A000432,S00185,R019,2023-05-06,2023-06-01,Done
A000433,S00185,R040,2023-05-11,2023-05-29,Completed
A000434,S00186,R004,2024-05-02,20/05/2024,Completed
A000435,S00186,R040,2024-05-05,05/06/2024,Completed
A000436,S00187,R047,2023-07-12,2023-07-29,Done
A000437,S00187,R004,2023-07-16,2023-07-26,complete
A000438,S00188,R014,2023-07-11,04/08/2023,complete
A000439,S00188,R004,2023-07-17,2023-07-28,Done
A000440,S00189,R019,2024-03-20,01/04/2024,Completed
A000441,S00189,R047,2024-03-25,2024-04-01,Done
A000442,S00189,R017,2024-03-24,2024-03-29,Completed
A000443,S00190,R007,2023-11-30,2023-12-28,Completed
A000444,S00190,R004,2023-12-06,,pending
A000445,S00190,R040,2023-12-06,2023-12-24,Done
A000446,S00191,R040,2023-02-10,2023-03-08,complete
A000447,S00191,R007,2023-02-07,2023-02-12,Done
A000448,S00192,R040,2023-05-24,2023-06-09,Completed
A000449,S00192,R017,22/05/2023,2023-06-05,Done
A000450,S00192,R014,2023-05-20,2023-06-04,Done
A000451,S00193,R004,2023-10-19,2023-10-26,Done
A000452,S00193,R014,2023-10-22,2023-10-28,Done
A000453,S00193,R040,2023-10-18,2023-11-14,Completed
A000454,S00194,R040,15/05/2024,2024-06-10,complete
A000455,S00194,R047,2024-05-08,2024-05-28,Completed
A000456,S00195,R014,2024-03-11,2024-04-04,Completed
A000457,S00195,R007,2024-03-08,2024-03-15,complete
A000458,S00195,R040,2024-03-11,2024-04-27,Completed
A000459,S00196,R040,28/06/2023,2023-08-02,Done
A000460,S00196,R014,2023-06-26,2023-07-02,Completed
A000461,S00197,R030,2024-07-10,2024-07-18,Done
A000462,S00197,R007,2024-07-12,2024-07-27,complete
A000463,S00198,R036,2024-04-09,2024-05-08,Done
A000464,S00198,R004,2024-04-07,12/04/2024,complete
A000465,S00199,R017,2024-05-12,2024-05-29,Completed
A000466,S00199,R047,18/05/2024,2024-05-25,complete
A000467,S00199,R014,2024-05-11,2024-05-29,complete
A000468,S00200,R007,2023-12-25,2024-01-14,Completed
A000469,S00200,R036,2023-12-19,2024-01-16,complete
A000470,S00200,R017,2023-12-27,2024-01-06,Completed
A000471,S00201,R036,2023-05-04,2023-05-16,Completed
A000472,S00201,R040,30/04/2023,2023-06-15,Completed
A000473,S00202,R040,2023-09-23,2023-11-07,Completed
A000474,S00202,R014,2023-09-21,2023-10-14,Completed
A000475,S00203,R019,2023-11-26,2023-12-05,Completed
A000476,S00203,R004,30/11/2023,2023-12-14,Completed
A000477,S00204,R047,2023-04-25,2023-05-11,complete
A000478,S00204,R036,29/04/2023,2023-05-22,complete
A000479,S00205,R019,2023-12-30,2024-01-09,complete
A000480,S00205,R014,2023-12-24,2024-01-18,Completed
A000481,S00206,R047,2023-04-13,2023-05-01,Done
A000482,S00206,R040,2023-04-19,2023-04-29,complete
A000483,S00207,R017,2024-06-04,2024-06-14,complete
A000484,S00207,R040,2024-06-04,2024-06-11,complete
A000485,S00208,R040,2023-05-16,2023-05-21,complete
A000486,S00208,R019,2023-05-16,2023-06-28,Done
A000487,S00209,R019,07/08/2024,2024-08-29,Completed
A000488,S00209,R036,2024-08-05,2024-08-26,complete
A000489,S00210,R004,2024-07-31,2024-08-28,Done
A000490,S00210,R036,2024-07-28,2024-08-26,complete
A000491,S00211,R047,2023-12-18,2023-12-28,complete
A000492,S00211,R007,2023-12-10,2024-01-11,Completed
A000493,S00212,R036,2023-06-13,2023-06-25,complete
A000494,S00212,R017,2023-06-13,2023-06-29,Done
A000495,S00213,R040,2023-06-17,2023-06-22,complete
A000496,S00213,R017,2023-06-15,25/06/2023,complete
A000497,S00213,R036,2023-06-17,2023-07-02,complete
A000498,S00214,R030,2024-03-19,2024-04-25,Done
A000499,S00214,R014,2024-03-24,2024-04-10,complete
A000500,S00215,R040,2023-11-14,2023-12-11,complete
A000501,S00215,R047,11/11/2023,2023-11-29,Completed
A000502,S00215,R036,2023-11-14,2023-11-26,complete
A000503,S00216,R040,2023-11-25,15/12/2023,Done
A000504,S00216,R030,2023-11-20,2023-11-28,Done
A000505,S00216,R019,2023-11-21,2023-12-16,Done
A000506,S00217,R036,2023-04-27,2023-05-03,Done
A000507,S00217,R014,2023-04-26,2023-06-02,complete
A000508,S00218,R047,2023-03-30,2023-05-06,Completed
A000509,S00218,R040,2023-03-31,2023-04-21,Done
A000510,S00219,R007,19/10/2023,2023-10-29,Done
A000511,S00219,R019,2023-10-19,2023-10-30,complete
A000512,S00220,R047,30/04/2024,2024-05-10,Completed
A000513,S00220,R004,2024-05-01,2024-05-09,Completed
A000514,S00221,R040,25/12/2023,30/12/2023,Done
A000515,S00221,R017,2023-12-23,2024-01-26,Completed
A000516,S00222,R014,2024-06-02,2024-06-30,Done
A000517,S00222,R036,2024-06-02,2024-06-15,complete
A000518,S00222,R030,2024-06-05,2024-06-23,Done
A000519,S00223,R047,2024-04-14,,In Progress
A000520,S00223,R036,2024-04-13,2024-05-10,Done
A000521,S00224,R004,2024-05-04,2024-06-02,Done
A000522,S00224,R019,2024-05-01,2024-05-20,Completed
A000523,S00225,R017,01/04/2024,12/04/2024,Completed
A000524,S00225,R040,2024-03-31,2024-04-14,Completed
A000525,S00226,R040,2023-12-26,,Pending
A000526,S00226,R019,2023-12-24,,Pending
A000527,S00227,R019,2023-06-17,2023-07-01,Done
A000528,S00227,R014,2023-06-19,05/07/2023,Done
A000529,S00227,R004,2023-06-19,25/06/2023,complete
A000530,S00228,R019,07/09/2024,13/09/2024,Done
A000531,S00228,R007,2024-09-05,2024-09-20,complete
A000532,S00229,R019,2023-11-23,2023-12-13,complete
A000533,S00229,R014,2023-11-24,09/12/2023,complete
A000534,S00229,R040,2023-11-22,2023-12-09,Completed
A000535,S00230,R040,2024-04-02,2024-04-23,Done
A000536,S00230,R030,2024-04-03,2024-04-19,Completed
A000537,S00231,R047,2023-07-20,2023-08-02,Completed
A000538,S00231,R030,19/07/2023,2023-08-18,Done
A000539,S00232,R014,04/09/2023,2023-09-19,Completed
A000540,S00232,R047,2023-08-31,2023-09-15,Completed
A000541,S00232,R019,2023-09-01,2023-09-27,Completed
A000542,S00233,R040,2024-07-20,,In Progress
A000543,S00233,R036,20/07/2024,2024-07-27,Done
A000544,S00233,R014,2024-07-19,2024-08-04,Done
A000545,S00234,R004,2023-12-03,2023-12-27,complete
A000546,S00234,R030,2023-12-02,13/12/2023,complete
A000547,S00235,R004,2023-04-26,2023-05-14,Done
A000548,S00235,R007,04/05/2023,2023-05-11,Done
A000549,S00236,R019,2024-07-14,,Pending
A000550,S00236,R004,2024-07-13,2024-08-13,Done
A000551,S00236,R040,2024-07-14,2024-07-23,complete
A000552,S00237,R047,2023-12-20,2024-01-04,complete
A000553,S00237,R030,22/12/2023,2024-01-02,Done
A000554,S00237,R014,2023-12-20,2024-01-08,Completed
A000555,S00238,R030,2024-01-29,2024-02-12,Completed
A000556,S00238,R036,01/02/2024,2024-02-12,complete
A000557,S00238,R007,2024-02-02,2024-02-11,Done
A000558,S00239,R004,2023-01-12,2023-02-08,complete
A000559,S00239,R007,2023-01-06,2023-01-21,Completed
A000560,S00240,R014,2024-05-05,2024-05-14,Completed
A000561,S00240,R017,2024-05-06,2024-05-24,Done
A000562,S00240,R007,2024-05-01,2024-05-22,Done
A000563,S00241,R019,2024-06-11,2024-07-12,Done
A000564,S00241,R004,2024-06-13,08/07/2024,Completed
A000565,S00242,R014,2024-07-07,2024-07-23,Done
A000566,S00242,R004,2024-07-05,2024-07-19,Completed
A000567,S00242,R040,2024-07-08,2024-07-14,complete
A000568,S00243,R036,2023-09-18,2023-10-11,complete
A000569,S00243,R030,2023-09-17,2023-10-07,Completed
A000570,S00244,R040,2024-06-12,2024-07-16,Done
A000571,S00244,R047,2024-06-14,2024-07-07,complete
A000572,S00245,R030,2023-11-26,,pending
A000573,S00245,R036,2023-11-29,,In Progress
A000574,S00245,R014,2023-11-28,2023-12-03,Done
A000575,S00246,R036,2023-11-07,2023-11-13,complete
A000576,S00246,R040,2023-11-02,2023-11-22,Completed
A000577,S00247,R036,2024-08-15,,pending
A000578,S00247,R040,2024-08-21,,In Progress
A000579,S00247,R030,2024-08-19,2024-08-24,Done
A000580,S00248,R036,2024-09-23,2024-10-01,Done
A000581,S00248,R040,2024-09-24,2024-10-08,Completed
A000582,S00248,R017,2024-09-25,2024-10-20,Done
A000583,S00249,R017,2023-03-05,2023-04-01,Done
A000584,S00249,R019,2023-03-03,11/03/2023,complete
A000585,S00249,R007,2023-03-08,2023-03-29,Completed
A000586,S00250,R007,2023-04-12,2023-04-21,complete
A000587,S00250,R017,2023-04-20,01/05/2023,Completed
A000588,S00251,R017,2023-04-02,2023-04-17,complete
A000589,S00251,R019,2023-03-30,2023-04-23,Done
A000590,S00252,R040,2023-03-26,2023-04-26,complete
A000591,S00252,R019,2023-03-28,2023-04-22,Completed
A000592,S00253,R047,04/06/2023,2023-07-16,complete
A000593,S00253,R036,09/06/2023,2023-07-08,complete
A000594,S00253,R040,2023-06-07,22/06/2023,complete
A000595,S00254,R030,25/06/2024,2024-08-04,Completed
A000596,S00254,R040,2024-06-30,2024-08-05,complete
A000597,S00254,R017,2024-06-30,2024-08-08,Done
A000598,S00255,R014,2023-11-12,2023-11-21,complete
A000599,S00255,R007,2023-11-11,2023-11-28,Done
A000600,S00256,R040,2023-11-22,2024-01-06,Done
A000601,S00256,R047,22/11/2023,2023-12-02,Completed
A000602,S00257,R007,2024-06-24,2024-07-29,complete
A000603,S00257,R014,2024-06-24,2024-07-02,Completed
A000604,S00258,R004,2024-04-04,2024-04-23,complete
A000605,S00258,R030,2024-03-30,2024-04-20,Done
A000606,S00259,R047,2023-01-10,2023-02-16,Completed
A000607,S00259,R019,2023-01-06,16/02/2023,Done
A000608,S00259,R004,2023-01-09,2023-01-31,Done
A000609,S00260,R047,2023-01-20,2023-01-27,complete
A000610,S00260,R030,2023-01-20,2023-02-13,Completed
A000611,S00260,R017,2023-01-19,2023-02-15,Completed
A000612,S00261,R030,2023-10-12,2023-10-29,Completed
A000613,S00261,R017,2023-10-15,04/11/2023,Done
A000614,S00262,R040,2023-05-09,18/05/2023,Completed
A000615,S00262,R036,2023-05-12,2023-05-27,Done
A000616,S00262,R017,2023-05-10,2023-05-26,complete
A000617,S00263,R040,2024-06-11,2024-06-23,Done
A000618,S00263,R007,2024-06-09,28/06/2024,Done
A000619,S00264,R019,2023-10-07,2023-10-16,Done
A000620,S00264,R014,2023-10-05,2023-10-12,Done
A000621,S00265,R047,2023-06-25,2023-07-18,Done
A000622,S00265,R030,2023-06-30,2023-07-19,Done
A000623,S00266,R014,2023-07-13,2023-07-26,complete
A000624,S00266,R004,2023-07-16,2023-07-24,complete
A000625,S00267,R030,2023-12-19,2023-12-24,complete
A000626,S00267,R040,19/12/2023,2023-12-24,complete
A000627,S00267,R014,2023-12-19,,In Progress
A000628,S00268,R036,20/11/2023,2023-12-19,Completed
A000629,S00268,R047,2023-11-17,2023-12-08,complete
A000630,S00269,R014,11/03/2024,2024-04-02,Completed
A000631,S00269,R004,2024-03-13,2024-03-20,complete
A000632,S00269,R047,2024-03-08,11/04/2024,Completed
A000633,S00270,R014,2023-09-04,2023-09-13,Done
A000634,S00270,R019,2023-09-06,2023-10-06,Completed
A000635,S00271,R017,2023-04-09,2023-05-06,Done
A000636,S00271,R036,2023-04-01,2023-05-05,Done
A000637,S00272,R047,2023-01-08,2023-01-16,complete
A000638,S00272,R017,2023-01-12,2023-02-04,Done
A000639,S00273,R019,2023-12-28,2024-01-05,complete
A000640,S00273,R036,2023-12-28,2024-01-14,Done
A000641,S00273,R017,2024-01-03,2024-01-11,Done
A000642,S00274,R030,2023-09-02,2023-09-12,Done
A000643,S00274,R017,2023-09-02,2023-09-25,Completed
A000644,S00275,R007,2024-08-19,2024-09-09,complete
A000645,S00275,R040,23/08/2024,2024-09-09,Done
A000646,S00275,R017,2024-08-21,2024-09-05,Done
A000647,S00276,R036,2024-03-01,2024-03-27,Completed
A000648,S00276,R014,2024-03-05,2024-03-28,Done
A000649,S00276,R047,2024-03-04,2024-03-19,complete
A000650,S00277,R004,2023-07-20,2023-08-05,Done
A000651,S00277,R030,2023-07-20,2023-08-01,complete
A000652,S00278,R036,2024-10-02,2024-10-09,Completed
A000653,S00278,R047,2024-10-10,2024-10-18,complete
A000654,S00279,R004,2024-09-29,2024-10-12,complete
A000655,S00279,R017,2024-09-29,2024-10-07,complete
A000656,S00279,R007,2024-09-30,2024-10-09,Done
A000657,S00280,R007,2024-06-08,23/06/2024,complete
A000658,S00280,R004,2024-06-07,2024-06-19,Done
A000659,S00280,R019,2024-06-09,06/07/2024,Done
A000660,S00281,R036,2024-08-03,2024-08-17,Done
A000661,S00281,R019,2024-08-03,2024-08-18,complete
A000662,S00281,R040,2024-08-02,2024-08-28,Done
A000663,S00282,R030,2024-06-08,16/06/2024,Done
A000664,S00282,R007,2024-06-07,2024-06-12,Completed
A000665,S00282,R047,2024-06-03,,In Progress
A000666,S00283,R030,2024-03-25,2024-04-18,Done
A000667,S00283,R047,20/03/2024,2024-04-16,Done
A000668,S00284,R040,2024-08-09,2024-08-22,Done
A000669,S00284,R004,2024-08-10,2024-08-27,complete
A000670,S00285,R007,2024-04-29,2024-06-06,Completed
A000671,S00285,R047,2024-04-26,2024-05-12,Completed
A000672,S00286,R036,08/06/2023,2023-06-17,complete
A000673,S00286,R014,2023-06-12,2023-06-22,Done
A000674,S00287,R019,2023-10-26,2023-11-12,Completed
A000675,S00287,R014,30/10/2023,10/11/2023,Done
A000676,S00287,R047,2023-10-30,2023-11-15,complete
A000677,S00288,R036,2024-08-14,2024-09-06,complete
A000678,S00288,R019,2024-08-13,2024-08-22,Done
A000679,S00288,R047,2024-08-17,2024-09-08,Completed
A000680,S00289,R036,2024-09-10,2024-10-03,Done
A000681,S00289,R047,2024-09-05,2024-10-11,Done
A000682,S00289,R014,2024-09-03,2024-09-08,Done
A000683,S00290,R007,2023-07-19,2023-08-16,Done
A000684,S00290,R014,2023-07-13,2023-07-30,Completed
A000685,S00291,R004,2024-06-18,2024-07-18,complete
A000686,S00291,R040,2024-06-22,2024-07-25,Completed
A000687,S00292,R040,2023-11-21,19/12/2023,Completed
A000688,S00292,R014,2023-11-29,2023-12-07,complete
A000689,S00293,R040,2024-09-02,2024-09-21,Done
A000690,S00293,R019,2024-08-28,2024-09-24,Done
A000691,S00294,R030,2023-11-20,2023-11-27,Done
A000692,S00294,R036,17/11/2023,,pending
A000693,S00295,R040,2023-08-29,2023-09-16,Completed
A000694,S00295,R017,2023-08-23,2023-08-28,complete
A000695,S00296,R004,2024-10-01,2024-10-06,Done
A000696,S00296,R036,03/10/2024,2024-10-21,Completed
A000697,S00297,R014,2024-09-15,2024-09-23,Completed
A000698,S00297,R030,2024-09-19,2024-09-27,complete
A000699,S00297,R019,2024-09-21,2024-10-09,Completed
A000700,S00298,R012,2024-08-17,2024-09-17,complete
A000701,S00298,R032,2024-08-21,2024-09-24,complete
A000702,S00299,R029,2024-07-19,2024-07-26,complete
A000703,S00299,R034,2024-07-19,2024-07-25,Completed
A000704,S00300,R029,2023-07-18,2023-08-09,Completed
A000705,S00300,R034,2023-07-19,2023-08-02,complete
A000706,S00301,R029,2023-02-14,2023-02-20,Done
A000707,S00301,R032,2023-02-15,2023-02-25,complete
A000708,S00302,R022,2023-02-18,2023-03-17,Done
A000709,S00302,R012,2023-02-17,2023-03-17,Done
A000710,S00303,R001,2023-12-10,2023-12-15,complete
A000711,S00303,R009,2023-12-02,2024-01-17,Completed
A000712,S00303,R012,2023-12-10,30/12/2023,Completed
A000713,S00304,R029,20/05/2023,2023-06-08,Completed
A000714,S00304,R032,2023-05-18,2023-06-07,complete
A000715,S00305,R001,2024-10-08,2024-10-15,Completed
A000716,S00305,R009,2024-10-04,2024-10-17,Done
A000717,S00306,R032,2024-02-21,2024-03-15,complete
A000718,S00306,R022,2024-02-20,2024-04-06,complete
A000719,S00307,R029,2024-02-26,2024-03-15,complete
A000720,S00307,R042,2024-02-25,2024-03-11,Done
A000721,S00308,R009,2023-07-15,17/08/2023,Done
A000722,S00308,R001,2023-07-11,2023-08-15,Completed
A000723,S00309,R001,2024-04-12,13/05/2024,Done
A000724,S00309,R029,2024-04-12,2024-05-17,Completed
A000725,S00309,R034,2024-04-18,2024-05-16,Completed
A000726,S00310,R009,2023-12-05,17/12/2023,Done
A000727,S00310,R029,2023-12-06,2023-12-22,Completed
A000728,S00311,R012,2024-01-03,2024-02-10,complete
A000729,S00311,R032,2024-01-05,2024-01-12,Completed
A000730,S00312,R042,30/05/2023,2023-06-29,complete
A000731,S00312,R022,2023-05-31,2023-07-03,complete
A000732,S00313,R029,2023-12-02,2024-01-01,complete
A000733,S00313,R009,06/12/2023,2024-01-02,Completed
A000734,S00314,R034,2023-06-20,30/06/2023,Done
A000735,S00314,R012,22/06/2023,2023-06-30,Completed
A000736,S00315,R012,2023-09-28,2023-10-12,complete
A000737,S00315,R029,28/09/2023,2023-10-20,complete
A000738,S00316,R012,2023-03-04,2023-03-10,Done
A000739,S00316,R009,2023-03-04,26/03/2023,Done
A000740,S00316,R042,2023-03-04,2023-03-19,complete
A000741,S00317,R022,2023-01-23,2023-02-01,Done
A000742,S00317,R034,2023-01-21,2023-02-10,Completed
A000743,S00317,R029,2023-01-24,2023-02-20,complete
A000744,S00318,R022,2024-07-07,,pending
A000745,S00318,R034,2024-07-07,19/08/2024,Completed
A000746,S00319,R001,2023-09-15,2023-09-21,Done
A000747,S00319,R042,2023-09-14,2023-10-26,Done
A000748,S00319,R022,2023-09-17,2023-10-15,Completed
A000749,S00320,R009,27/01/2023,2023-03-04,Completed
A000750,S00320,R022,2023-01-25,2023-02-22,complete
A000751,S00321,R034,2024-08-21,2024-09-04,Completed
A000752,S00321,R009,2024-08-20,2024-10-23,Done
A000753,S00321,R012,2024-08-20,05/09/2024,Done
A000754,S00322,R009,2023-09-03,2023-10-13,complete
A000755,S00322,R001,02/09/2023,2023-10-19,Completed
A000756,S00322,R022,02/09/2023,2023-09-28,Done
A000757,S00323,R009,2023-08-29,2023-09-12,Done
A000758,S00323,R001,2023-08-27,2023-10-12,complete
A000759,S00324,R001,2024-09-14,2024-10-25,Done
A000760,S00324,R012,2024-09-12,2024-10-31,Done
A000761,S00324,R022,2024-09-09,2024-10-16,complete
A000762,S00325,R029,2024-03-08,,pending
A000763,S00325,R012,2024-03-03,2024-03-11,Done
A000764,S00326,R009,2024-07-18,2024-08-02,Done
A000765,S00326,R029,2024-07-13,2024-08-16,Done
A000766,S00327,R029,2024-06-03,2024-06-13,Completed
A000767,S00327,R012,2024-06-03,2024-07-14,Done
A000768,S00327,R042,2024-06-01,2024-06-22,complete
A000769,S00328,R034,2023-07-24,2023-08-17,Completed
A000770,S00328,R029,2023-07-25,2023-08-16,Completed
A000771,S00329,R012,2023-11-08,2023-11-24,Completed
A000772,S00329,R029,2023-11-08,23/11/2023,Done
A000773,S00329,R034,10/11/2023,29/11/2023,Completed
A000774,S00330,R012,2023-04-21,2023-05-07,Done
A000775,S00330,R001,2023-04-20,08/05/2023,complete
A000776,S00331,R009,2023-08-07,2023-08-12,Completed
A000777,S00331,R012,2023-08-07,12/08/2023,Done
A000778,S00332,R012,2024-01-08,2024-01-26,Completed
A000779,S00332,R032,2024-01-05,2024-02-15,complete
A000780,S00333,R042,2024-01-26,2024-02-22,Completed
A000781,S00333,R009,2024-01-27,2024-02-18,Done
A000782,S00334,R042,2023-06-06,2023-07-11,complete
A000783,S00334,R001,2023-06-03,2023-06-13,complete
A000784,S00335,R029,17/08/2024,2024-08-23,Done
A000785,S00335,R001,2024-08-19,25/09/2024,complete
A000786,S00336,R012,2023-03-27,2023-04-09,Done
A000787,S00336,R022,2023-03-28,2023-04-21,complete
A000788,S00337,R034,2024-09-02,2024-10-25,complete
A000789,S00337,R042,2024-08-28,2024-09-06,complete
A000790,S00338,R032,2023-10-17,2023-11-20,Completed
A000791,S00338,R009,2023-10-21,2023-11-16,Completed
A000792,S00339,R032,2023-06-05,11/06/2023,Completed
A000793,S00339,R012,2023-06-05,2023-06-11,complete
A000794,S00339,R034,2023-06-02,2023-06-10,Completed
A000795,S00340,R001,29/07/2024,2024-08-13,Completed
A000796,S00340,R029,2024-07-29,2024-08-15,Completed
A000797,S00341,R009,2024-09-20,2024-10-04,Done
A000798,S00341,R032,2024-09-20,2024-09-28,Done
A000799,S00341,R012,2024-09-12,2024-09-27,complete
A000800,S00342,R029,2023-11-08,2023-11-28,complete
A000801,S00342,R032,2023-11-11,13/12/2023,Done
A000802,S00343,R022,2023-10-16,2023-11-23,complete
A000803,S00343,R009,2023-10-15,2023-11-22,Completed
A000804,S00343,R032,2023-10-17,2023-11-23,Done
A000805,S00344,R009,2023-04-09,2023-05-04,Completed
A000806,S00344,R042,2023-04-15,2023-04-20,complete
A000807,S00345,R001,2023-11-02,2023-12-02,complete
A000808,S00345,R012,2023-11-05,2023-11-29,Completed
A000809,S00345,R042,2023-10-29,2023-11-21,complete
A000810,S00346,R009,2024-06-19,2024-07-09,complete
A000811,S00346,R012,2024-06-21,,In Progress
A000812,S00347,R001,2023-05-07,2023-05-20,Completed
A000813,S00347,R042,2023-05-08,2023-06-24,Completed
A000814,S00348,R022,2023-07-07,2023-07-15,Completed
A000815,S00348,R012,2023-07-10,2023-07-27,complete
A000816,S00349,R022,2024-04-01,2024-04-26,complete
A000817,S00349,R029,2024-03-30,2024-04-06,Completed
A000818,S00349,R032,2024-03-28,2024-04-25,complete
A000819,S00350,R012,29/09/2023,2023-10-12,complete
A000820,S00350,R042,2023-09-29,27/10/2023,complete
A000821,S00350,R022,22/09/2023,2023-10-24,complete
A000822,S00351,R042,2023-11-14,2023-12-27,Done
A000823,S00351,R029,2023-11-20,2023-11-30,Done
A000824,S00351,R012,2023-11-20,2024-01-07,Done
A000825,S00352,R032,2023-03-22,2023-04-15,Done
A000826,S00352,R012,24/03/2023,2023-04-23,Completed
A000827,S00353,R042,2023-09-14,2023-10-06,complete
A000828,S00353,R022,2023-09-13,2023-10-13,Done
A000829,S00354,R009,2023-06-21,2023-06-26,Completed
A000830,S00354,R034,2023-06-24,21/07/2023,Done
A000831,S00355,R042,2023-03-01,2023-04-11,Completed
A000832,S00355,R001,2023-02-28,2023-03-07,Done
A000833,S00356,R001,2024-03-16,2024-04-23,complete
A000834,S00356,R032,2024-03-12,2024-04-20,complete
A000835,S00357,R032,2023-03-31,2023-04-17,complete
A000836,S00357,R009,29/03/2023,2023-04-20,complete
A000837,S00358,R009,2024-10-04,2024-10-19,Done
A000838,S00358,R042,2024-10-05,2024-11-11,complete
A000839,S00359,R029,2024-05-01,2024-05-07,Done
A000840,S00359,R032,2024-05-05,,pending
A000841,S00359,R012,2024-05-01,2024-05-31,Completed
A000842,S00360,R012,2024-06-25,2024-07-26,Completed
A000843,S00360,R034,2024-06-25,2024-07-14,Done
A000844,S00361,R001,2023-05-21,2023-06-18,complete
A000845,S00361,R022,2023-05-21,2023-05-28,Completed
A000846,S00361,R029,2023-05-26,2023-06-12,Done
A000847,S00362,R012,2024-07-22,2024-08-13,complete
A000848,S00362,R009,2024-07-23,2024-08-16,Done
A000849,S00362,R042,2024-07-25,2024-08-03,complete
A000850,S00363,R034,2023-04-28,2023-05-21,Completed
A000851,S00363,R001,2023-05-02,2023-05-26,Completed
A000852,S00364,R009,2023-10-22,2023-11-07,complete
A000853,S00364,R042,2023-10-26,2023-11-27,complete
A000854,S00365,R022,2023-08-09,2023-10-02,Done
A000855,S00365,R042,2023-08-04,2023-09-13,complete
A000856,S00366,R029,2024-09-18,2024-10-31,Completed
A000857,S00366,R012,2024-09-15,2024-10-28,Done
A000858,S00367,R034,2023-07-27,14/08/2023,complete
A000859,S00367,R022,2023-07-27,2023-08-14,Done
A000860,S00368,R022,2023-07-05,2023-07-15,complete
A000861,S00368,R012,2023-07-03,2023-07-30,complete
A000862,S00368,R034,2023-07-01,2023-08-12,complete
A000863,S00369,R009,2024-08-02,2024-08-10,Completed
A000864,S00369,R012,2024-07-30,2024-08-10,complete
A000865,S00370,R012,2024-08-22,2024-09-17,Completed
A000866,S00370,R034,2024-08-23,2024-08-30,Completed
A000867,S00370,R001,2024-08-23,30/09/2024,Completed
A000868,S00371,R029,2024-04-15,2024-06-06,Done
A000869,S00371,R009,2024-04-14,2024-05-14,Done
A000870,S00372,R029,2023-07-11,2023-08-22,Done
A000871,S00372,R012,2023-07-15,2023-08-24,complete
A000872,S00372,R022,2023-07-14,2023-07-30,Completed
A000873,S00373,R001,2024-07-02,2024-07-28,Completed
A000874,S00373,R032,2024-06-29,2024-07-13,Completed
A000875,S00374,R001,2024-02-18,,In Progress
A000876,S00374,R032,24/02/2024,2024-03-19,complete
A000877,S00375,R029,2024-09-02,16/09/2024,complete
A000878,S00375,R042,2024-09-05,2024-10-01,complete
A000879,S00376,R001,2023-08-17,2023-09-03,Completed
A000880,S00376,R029,2023-08-14,2023-08-26,Done
A000881,S00377,R032,2024-07-25,2024-09-19,Done
A000882,S00377,R029,2024-07-29,2024-08-12,Done
A000883,S00378,R032,02/02/2023,2023-03-12,Done
A000884,S00378,R034,2023-02-06,2023-02-14,Done
A000885,S00379,R042,2024-01-27,2024-02-17,Done
A000886,S00379,R032,02/02/2024,2024-03-18,complete
A000887,S00380,R009,2024-09-21,2024-11-01,complete
A000888,S00380,R029,2024-09-27,2024-10-21,Done
A000889,S00381,R034,2024-03-08,02/04/2024,Completed
A000890,S00381,R029,08/03/2024,2024-04-04,complete
A000891,S00382,R022,2023-05-04,2023-06-05,Done
A000892,S00382,R009,2023-05-03,2023-06-03,Done
A000893,S00382,R034,2023-05-04,2023-05-23,complete
A000894,S00383,R009,2024-06-05,15/06/2024,complete
A000895,S00383,R029,2024-05-29,2024-06-05,Done
A000896,S00383,R001,03/06/2024,2024-06-15,Done
A000897,S00384,R012,2023-05-09,2023-05-16,Done
A000898,S00384,R001,2023-05-07,2023-06-01,complete
A000899,S00384,R022,2023-05-09,2023-06-10,Completed
A000900,S00385,R034,2023-10-23,2023-11-03,Completed
A000901,S00385,R029,2023-10-20,13/11/2023,Completed
A000902,S00385,R022,23/10/2023,2023-11-10,Done
A000903,S00386,R022,2023-06-30,2023-08-06,Completed
A000904,S00386,R032,2023-06-27,2023-07-29,Done
A000905,S00387,R034,2023-03-25,2023-05-06,Completed
A000906,S00387,R012,2023-03-31,2023-05-06,Completed
A000907,S00388,R042,2024-06-23,2024-08-09,Completed
A000908,S00388,R034,2024-06-21,2024-07-10,complete
A000909,S00388,R022,2024-06-22,2024-08-11,Done
A000910,S00389,R029,2023-12-07,2023-12-21,Completed
A000911,S00389,R034,2023-12-09,13/01/2024,complete
A000912,S00389,R032,2023-12-08,2023-12-26,Completed
A000913,S00390,R009,2023-08-17,2023-09-22,Completed
A000914,S00390,R032,2023-08-20,,Pending
A000915,S00390,R012,2023-08-19,2023-08-27,Completed
A000916,S00391,R012,2023-02-15,2023-03-12,Completed
A000917,S00391,R034,2023-02-17,2023-03-13,Completed
A000918,S00391,R032,2023-02-15,2023-02-23,Completed
A000919,S00392,R009,2023-06-03,2023-07-08,Completed
A000920,S00392,R032,2023-06-11,2023-06-20,Done
A000921,S00393,R042,23/10/2023,2023-12-16,complete
A000922,S00393,R034,2023-10-17,2023-12-28,complete
A000923,S00393,R009,20/10/2023,2023-11-18,Done
A000924,S00394,R034,2024-07-16,2024-08-04,Done
A000925,S00394,R009,2024-07-22,2024-08-29,complete
A000926,S00394,R001,2024-07-22,2024-08-08,Done
A000927,S00395,R032,2024-01-01,2024-01-14,Completed
A000928,S00395,R001,2024-01-02,2024-01-27,Done
A000929,S00396,R042,2024-04-15,2024-04-25,complete
A000930,S00396,R034,2024-04-14,2024-05-03,Completed
A000931,S00397,R009,2023-12-03,2023-12-21,Done
A000932,S00397,R001,2023-12-04,2023-12-23,Done
A000933,S00398,R022,27/07/2024,2024-08-02,Done
A000934,S00398,R012,2024-08-01,2024-09-24,Completed
A000935,S00399,R032,2024-09-18,2024-09-29,complete
A000936,S00399,R001,2024-09-19,,In Progress
A000937,S00399,R009,2024-09-25,2024-10-22,complete
A000938,S00400,R009,2023-06-24,2023-07-06,Completed
A000939,S00400,R012,2023-06-30,2023-07-13,Completed
A000940,S00400,R029,2023-06-28,2023-07-03,Completed
A000941,S00401,R009,2024-09-02,2024-10-22,complete
A000942,S00401,R032,2024-09-01,2024-09-17,Done
A000943,S00401,R042,03/09/2024,2024-10-11,Done
A000944,S00402,R032,2023-01-10,2023-01-21,complete
A000945,S00402,R034,2023-01-07,2023-02-07,Done
A000946,S00403,R029,2024-04-07,2024-04-30,Completed
A000947,S00403,R034,2024-04-13,2024-05-09,Done
A000948,S00404,R001,2023-05-24,2023-06-13,Done
A000949,S00404,R029,2023-05-24,2023-07-19,Done
A000950,S00404,R012,2023-05-23,2023-06-13,complete
A000951,S00405,R001,2024-05-05,2024-05-11,Done
A000952,S00405,R034,2024-05-11,24/05/2024,Done
A000953,S00406,R032,2023-06-25,2023-08-01,complete
A000954,S00406,R012,27/06/2023,2023-07-15,Done
A000955,S00406,R022,2023-06-24,2023-07-13,complete
A000956,S00407,R034,2023-02-24,2023-04-27,Completed
A000957,S00407,R012,2023-03-02,2023-03-25,complete
A000958,S00408,R029,2024-09-14,2024-10-03,Completed
A000959,S00408,R022,2024-09-12,2024-09-30,Completed
A000960,S00408,R012,2024-09-14,2024-10-15,Done
A000961,S00409,R012,2023-01-21,2023-01-26,complete
A000962,S00409,R029,2023-01-20,2023-01-27,Completed
A000963,S00410,R009,2024-01-29,2024-02-04,complete
A000964,S00410,R022,2024-01-30,12/02/2024,complete
A000965,S00411,R022,2024-06-14,2024-07-27,complete
A000966,S00411,R042,2024-06-17,15/07/2024,Done
A000967,S00412,R009,2023-05-02,2023-05-19,Done
A000968,S00412,R001,2023-04-27,2023-05-23,Completed
A000969,S00412,R042,2023-05-02,08/05/2023,Done
A000970,S00413,R034,2024-03-11,2024-04-07,Done
A000971,S00413,R001,2024-03-13,2024-04-05,Completed
A000972,S00413,R042,2024-03-18,2024-04-05,Done
A000973,S00414,R012,2024-06-12,2024-06-22,Completed
A000974,S00414,R034,2024-06-16,2024-06-25,complete
A000975,S00415,R032,2023-05-21,16/06/2023,Done
A000976,S00415,R029,2023-05-29,2023-06-05,complete
A000977,S00415,R012,2023-05-23,2023-05-30,Completed
A000978,S00416,R029,2024-01-23,2024-02-23,Completed
A000979,S00416,R032,2024-01-26,2024-02-09,Completed
A000980,S00416,R001,2024-01-23,2024-02-28,Done
A000981,S00417,R009,2023-11-05,2023-11-28,complete
A000982,S00417,R001,2023-11-04,2024-01-06,complete
A000983,S00418,R022,23/01/2023,2023-02-21,complete
A000984,S00418,R009,2023-01-23,2023-02-14,Done
A000985,S00419,R042,2023-04-26,10/05/2023,complete
A000986,S00419,R032,2023-04-27,2023-05-19,Completed
A000987,S00419,R029,2023-04-21,2023-05-15,Completed
A000988,S00420,R032,01/05/2024,2024-05-24,Completed
A000989,S00420,R012,2024-05-07,26/05/2024,complete
A000990,S00421,R009,2023-08-08,2023-08-16,Completed
A000991,S00421,R029,2023-08-07,2023-09-14,Done
A000992,S00421,R034,2023-08-06,2023-09-07,Done
A000993,S00422,R034,2023-12-16,2024-01-05,Done
A000994,S00422,R042,2023-12-13,2023-12-26,Completed
A000995,S00423,R022,2023-07-11,09/08/2023,complete
A000996,S00423,R029,2023-07-11,2023-07-21,complete
A000997,S00424,R022,2024-03-06,,In Progress
A000998,S00424,R032,2024-03-04,2024-04-02,Completed
A000999,S00425,R029,2024-07-18,2024-08-18,complete
A001000,S00425,R022,2024-07-16,2024-08-02,Done
A001001,S00426,R034,2023-09-17,17/10/2023,complete
A001002,S00426,R029,15/09/2023,2023-09-25,Done
A001003,S00427,R012,2023-02-12,2023-03-06,Completed
A001004,S00427,R042,2023-02-12,2023-02-23,Completed
A001005,S00428,R029,2024-01-07,2024-01-26,Completed
A001006,S00428,R001,2024-01-04,2024-01-21,complete
A001007,S00429,R042,2023-10-25,2023-11-12,Done
A001008,S00429,R012,2023-10-23,2023-10-28,Done
A001009,S00429,R022,2023-10-27,2023-11-02,complete
A001010,S00430,R001,02/09/2024,2024-09-16,Completed
A001011,S00430,R009,2024-08-26,2024-09-17,complete
A001012,S00431,R009,2023-07-25,2023-08-17,Done
A001013,S00431,R042,2023-07-25,2023-08-08,Completed
A001014,S00431,R029,2023-07-23,2023-08-10,complete
A001015,S00432,R032,2024-01-20,2024-02-04,complete
A001016,S00432,R022,2024-01-17,2024-02-23,complete
A001017,S00433,R034,2024-07-12,2024-08-25,Done
A001018,S00433,R029,2024-07-15,2024-09-13,complete
A001019,S00433,R032,2024-07-17,2024-07-28,Done
A001020,S00434,R029,2023-05-13,2023-06-06,Done
A001021,S00434,R012,2023-05-18,2023-06-11,complete
A001022,S00435,R042,2024-08-20,2024-09-12,complete
A001023,S00435,R012,2024-08-19,2024-10-02,complete
A001024,S00436,R001,2024-09-18,2024-10-05,Done
A001025,S00436,R029,15/09/2024,2024-09-27,Done
A001026,S00437,R029,2023-12-27,2024-02-05,Done
A001027,S00437,R042,2023-12-21,2023-12-29,complete
A001028,S00438,R029,2023-09-08,2023-10-02,Done
A001029,S00438,R012,2023-09-08,2023-09-30,Completed
A001030,S00439,R009,03/09/2024,2024-09-16,Done
A001031,S00439,R012,2024-09-09,21/09/2024,complete
A001032,S00440,R034,2024-08-09,23/09/2024,Done
A001033,S00440,R029,2024-08-09,2024-09-28,complete
A001034,S00441,R012,2023-06-18,2023-07-17,complete
A001035,S00441,R032,2023-06-14,2023-06-22,complete
A001036,S00441,R022,2023-06-16,2023-07-24,complete
A001037,S00442,R001,2023-12-29,2024-02-05,complete
A001038,S00442,R022,2023-12-27,2024-01-20,Completed
A001039,S00443,R034,2023-04-20,2023-04-27,Done
A001040,S00443,R012,2023-04-15,2023-05-17,complete
A001041,S00444,R034,2023-08-14,2023-09-26,Completed
A001042,S00444,R012,2023-08-17,2023-09-27,complete
A001043,S00445,R001,2023-03-22,2023-04-29,complete
A001044,S00445,R042,2023-03-25,2023-04-19,Done
A001045,S00446,R029,2024-03-23,2024-05-01,complete
A001046,S00446,R012,2024-03-25,2024-04-06,Done
A001047,S00447,R029,2024-01-08,2024-03-07,complete
A001048,S00447,R042,2024-01-12,2024-03-03,complete
A001049,S00448,R022,2023-04-06,2023-04-18,Done
A001050,S00448,R001,2023-04-02,2023-04-18,complete
A001051,S00449,R029,2023-09-20,2023-11-05,complete
A001052,S00449,R034,19/09/2023,01/11/2023,Done
A001053,S00450,R009,2024-01-19,2024-02-15,Completed
A001054,S00450,R012,2024-01-24,2024-03-08,Completed
A001055,S00450,R034,2024-01-24,2024-03-19,Done
A001056,S00451,R042,2024-06-08,2024-07-09,complete
A001057,S00451,R029,2024-06-10,2024-07-30,Done
A001058,S00452,R034,2023-11-28,2024-01-07,Done
A001059,S00452,R042,2023-11-22,2024-01-09,Done
A001060,S00453,R009,2024-04-29,2024-05-16,Done
A001061,S00453,R042,2024-05-03,2024-05-17,Done
A001062,S00454,R001,2024-04-19,2024-05-14,complete
A001063,S00454,R022,2024-04-20,2024-05-21,Done
A001064,S00455,R001,2024-01-09,2024-03-03,Completed
A001065,S00455,R012,2024-01-16,2024-02-21,complete
A001066,S00455,R042,2024-01-11,21/01/2024,complete
A001067,S00456,R012,2024-09-08,2024-10-12,Completed
A001068,S00456,R034,2024-09-08,2024-10-08,complete
A001069,S00457,R042,2024-05-18,15/06/2024,complete
A001070,S00457,R034,2024-05-19,01/06/2024,Done
A001071,S00458,R022,2024-03-14,2024-04-04,complete
A001072,S00458,R042,2024-03-07,27/03/2024,complete
A001073,S00459,R032,2024-05-19,2024-06-09,Completed
A001074,S00459,R009,2024-05-12,11/06/2024,Completed
A001075,S00460,R042,2023-02-28,,Pending
A001076,S00460,R034,2023-02-27,2023-03-19,complete
A001077,S00461,R001,2024-08-21,2024-08-30,Completed
A001078,S00461,R042,2024-08-23,2024-09-03,Completed
A001079,S00462,R042,2024-10-03,2024-10-29,Completed
A001080,S00462,R029,2024-10-06,2024-11-13,Completed
A001081,S00463,R029,2024-03-28,2024-05-15,Done
A001082,S00463,R022,2024-03-21,2024-04-05,Done
A001083,S00463,R034,2024-03-21,2024-05-15,complete
A001084,S00464,R032,2024-07-02,2024-07-13,complete
A001085,S00464,R009,2024-07-08,2024-08-09,Done
A001086,S00465,R042,2023-12-23,2024-01-13,complete
A001087,S00465,R022,2023-12-21,2024-01-07,complete
A001088,S00466,R018,2023-06-09,,Pending
A001089,S00466,R028,2023-06-03,2023-06-11,complete
A001090,S00467,R020,2023-03-06,2023-03-17,complete
A001091,S00467,R025,2023-03-12,2023-03-20,Completed
A001092,S00467,R049,2023-03-10,2023-03-17,Completed
A001093,S00468,R020,2023-05-30,2023-06-10,complete
A001094,S00468,R049,2023-06-04,2023-06-28,Done
A001095,S00469,R049,2024-08-05,2024-08-12,Done
A001096,S00469,R021,2024-08-04,2024-08-18,complete
A001097,S00470,R025,2023-08-13,2023-09-07,Done
A001098,S00470,R018,2023-08-20,2023-08-30,Completed
A001099,S00470,R021,2023-08-17,2023-08-25,Done
A001100,S00471,R002,2023-06-09,2023-06-20,complete
A001101,S00471,R015,2023-06-14,2023-06-20,Done
A001102,S00472,R020,2023-12-27,2024-01-10,Done
A001103,S00472,R025,2023-12-24,2024-01-17,Done
A001104,S00473,R041,2024-07-20,,In Progress
A001105,S00473,R026,2024-07-17,2024-07-22,Done
A001106,S00473,R002,2024-07-15,,Pending
A001107,S00474,R028,2024-08-03,09/08/2024,Done
A001108,S00474,R002,26/07/2024,2024-08-09,Completed
A001109,S00475,R025,2024-08-31,2024-09-13,Done
A001110,S00475,R026,31/08/2024,2024-09-17,Done
A001111,S00476,R020,2023-01-19,2023-01-24,Completed
A001112,S00476,R025,2023-01-20,2023-02-02,Done
A001113,S00477,R015,2024-01-09,2024-01-23,Completed
A001114,S00477,R020,2024-01-05,2024-01-23,complete
A001115,S00478,R048,2024-05-23,2024-05-29,Done
A001116,S00478,R015,2024-05-26,,pending
A001117,S00479,R018,11/05/2024,2024-05-18,Done
A001118,S00479,R020,05/05/2024,2024-05-15,complete
A001119,S00480,R002,2023-11-02,2023-11-12,Done
A001120,S00480,R041,2023-11-02,2023-11-15,complete
A001121,S00481,R018,2023-06-22,,In Progress
A001122,S00481,R028,2023-06-25,,In Progress
A001123,S00482,R048,2023-02-24,2023-03-01,Done
A001124,S00482,R046,2023-03-03,,Pending
A001125,S00483,R025,2023-07-17,2023-07-24,complete
A001126,S00483,R049,2023-07-22,2023-07-28,complete
A001127,S00484,R015,2024-06-14,02/07/2024,Done
A001128,S00484,R026,2024-06-10,2024-06-28,Done
A001129,S00485,R015,2024-01-30,2024-02-11,Completed
A001130,S00485,R048,2024-02-02,12/02/2024,Done
A001131,S00486,R028,2023-11-03,2023-11-13,complete
A001132,S00486,R041,2023-10-30,2023-11-05,Completed
A001133,S00487,R041,2024-03-16,2024-04-04,Done
A001134,S00487,R048,2024-03-10,2024-03-24,Completed
A001135,S00488,R002,2023-09-09,2023-09-29,Completed
A001136,S00488,R025,2023-09-11,2023-10-02,complete
A001137,S00488,R046,2023-09-09,2023-09-16,complete
A001138,S00489,R049,2024-07-20,2024-07-29,Completed
A001139,S00489,R046,2024-07-20,2024-08-01,Completed
A001140,S00490,R048,2024-09-17,2024-10-04,Done
A001141,S00490,R018,2024-09-15,24/09/2024,Completed
A001142,S00491,R020,2023-12-17,29/12/2023,Completed
A001143,S00491,R015,2023-12-13,26/12/2023,Completed
A001144,S00492,R041,2023-07-05,2023-07-10,Completed
A001145,S00492,R046,2023-06-30,2023-07-05,Done
A001146,S00492,R026,2023-07-06,2023-07-15,Done
A001147,S00493,R026,2023-06-08,2023-06-19,complete
A001148,S00493,R046,2023-06-04,14/06/2023,Done
A001149,S00494,R002,2023-07-28,2023-08-02,complete
A001150,S00494,R021,2023-07-29,,In Progress
A001151,S00495,R049,08/06/2024,01/07/2024,Completed
A001152,S00495,R015,2024-06-11,2024-06-17,Done
A001153,S00496,R025,17/09/2023,2023-10-06,Completed
A001154,S00496,R049,2023-09-16,29/09/2023,complete
A001155,S00497,R021,2023-08-18,2023-08-31,Completed
A001156,S00497,R046,2023-08-25,2023-08-31,Done
A001157,S00497,R049,2023-08-23,,Pending
A001158,S00498,R025,2024-07-15,2024-08-10,complete
A001159,S00498,R048,2024-07-19,2024-07-28,Completed
A001160,S00498,R018,2024-07-20,2024-08-08,complete
A001161,S00499,R020,2024-09-11,,pending
A001162,S00499,R021,2024-09-04,2024-09-10,Done
A001163,S00500,R002,2024-03-13,2024-03-18,Completed
A001164,S00500,R026,2024-03-18,2024-03-28,Done
A001165,S00501,R025,22/06/2023,,Pending
A001166,S00501,R020,2023-06-22,,pending
A001167,S00501,R028,2023-06-25,2023-06-30,Done
A001168,S00502,R048,2023-07-30,2023-08-09,Done
A001169,S00502,R025,2023-07-28,2023-08-04,complete
A001170,S00502,R018,2023-08-01,12/08/2023,Completed
A001171,S00503,R026,2023-06-03,2023-06-14,Completed
A001172,S00503,R028,2023-05-31,2023-06-09,Done
A001173,S00503,R025,30/05/2023,2023-06-13,complete
A001174,S00504,R020,14/06/2023,2023-06-22,complete
A001175,S00504,R046,2023-06-08,2023-06-20,Done
A001176,S00505,R026,2024-03-27,2024-04-03,Done
A001177,S00505,R025,2024-04-01,2024-04-07,Done
A001178,S00505,R041,2024-03-26,,In Progress
A001179,S00506,R018,2023-08-30,2023-09-16,Done
A001180,S00506,R020,2023-09-05,2023-09-17,Completed
A001181,S00507,R049,29/06/2023,2023-07-04,complete
A001182,S00507,R021,2023-07-05,,pending
A001183,S00508,R018,2024-04-15,,pending
A001184,S00508,R041,2024-04-12,2024-04-26,complete
A001185,S00508,R021,2024-04-13,2024-04-27,Completed
A001186,S00509,R021,2023-08-23,2023-09-14,complete
A001187,S00509,R049,2023-08-24,2023-09-07,complete
A001188,S00510,R046,2024-04-21,2024-04-28,complete
A001189,S00510,R002,2024-04-23,2024-04-30,Completed
A001190,S00511,R041,2024-05-16,2024-06-01,complete
A001191,S00511,R020,14/05/2024,2024-05-26,Done
A001192,S00511,R015,09/05/2024,2024-05-27,Completed
A001193,S00512,R048,2024-01-08,2024-01-22,complete
A001194,S00512,R041,2024-01-16,2024-01-27,Completed
A001195,S00513,R046,2024-03-05,2024-04-02,complete
A001196,S00513,R018,2024-03-11,2024-04-06,complete
A001197,S00514,R015,2023-05-14,2023-05-28,Completed
A001198,S00514,R046,2023-05-09,2023-05-16,Completed
A001199,S00515,R025,2024-03-09,2024-03-21,complete
A001200,S00515,R046,2024-03-09,2024-03-24,Done
A001201,S00516,R048,2024-01-09,23/01/2024,Done
A001202,S00516,R015,2024-01-09,2024-01-18,Completed
A001203,S00516,R041,2024-01-06,2024-01-17,complete
A001204,S00517,R049,12/06/2024,2024-06-23,Completed
A001205,S00517,R015,2024-06-18,,pending
A001206,S00518,R041,2023-09-28,2023-10-03,Done
A001207,S00518,R015,2023-10-04,2023-10-16,Done
A001208,S00519,R021,2024-06-26,12/07/2024,Done
A001209,S00519,R020,2024-06-24,05/07/2024,Completed
A001210,S00520,R015,2023-02-02,08/02/2023,Completed
A001211,S00520,R041,2023-01-31,07/02/2023,Done
A001212,S00520,R018,05/02/2023,,pending
A001213,S00521,R018,2024-03-22,2024-03-28,Done
A001214,S00521,R020,2024-03-24,2024-04-05,Completed
A001215,S00522,R015,2023-03-30,06/04/2023,Completed
A001216,S00522,R025,2023-04-06,,pending
A001217,S00522,R028,2023-03-29,2023-04-08,Completed
A001218,S00523,R028,2024-05-07,2024-05-15,Completed
A001219,S00523,R049,2024-05-09,2024-05-16,complete
A001220,S00523,R046,2024-05-12,22/05/2024,Done
A001221,S00524,R021,2023-08-19,2023-09-05,Done
A001222,S00524,R015,2023-08-14,2023-09-07,complete
A001223,S00525,R002,2024-08-14,28/08/2024,Completed
A001224,S00525,R026,2024-08-16,2024-08-25,Completed
A001225,S00526,R002,2024-05-14,,Pending
A001226,S00526,R048,2024-05-19,,Pending
A001227,S00527,R048,2023-05-07,2023-05-12,complete
A001228,S00527,R002,2023-05-03,2023-05-13,complete
A001229,S00527,R020,2023-05-08,,Pending
A001230,S00528,R015,2024-01-01,12/01/2024,Done
A001231,S00528,R028,2023-12-30,2024-01-14,Done
A001232,S00529,R018,2023-11-20,28/11/2023,Completed
A001233,S00529,R049,2023-11-22,2023-11-28,Completed
A001234,S00530,R041,2023-08-15,20/08/2023,complete
A001235,S00530,R021,2023-08-16,2023-08-28,Done
A001236,S00531,R002,2023-10-29,2023-11-12,complete
A001237,S00531,R028,2023-11-03,2023-11-13,complete
A001238,S00531,R020,2023-11-02,,Pending
A001239,S00532,R025,2023-07-31,2023-08-07,Done
A001240,S00532,R026,2023-08-04,,In Progress
A001241,S00533,R026,2023-01-31,09/02/2023,Completed
A001242,S00533,R002,2023-02-04,2023-02-18,Completed
A001243,S00534,R028,2024-10-05,2024-10-22,complete
A001244,S00534,R049,2024-10-01,2024-10-06,complete
A001245,S00534,R002,2024-10-01,2024-10-09,Completed
A001246,S00535,R041,2024-02-01,2024-02-11,Completed
A001247,S00535,R020,2024-02-05,2024-02-13,Completed
A001248,S00536,R026,2023-07-12,2023-07-21,complete
A001249,S00536,R041,2023-07-10,2023-07-25,complete
A001250,S00536,R018,2023-07-09,2023-07-18,Completed
A001251,S00537,R048,2023-02-16,,pending
A001252,S00537,R041,2023-02-09,2023-02-19,Completed
A001253,S00537,R018,2023-02-13,2023-02-19,complete
A001254,S00538,R021,2023-04-13,2023-04-29,Completed
A001255,S00538,R018,17/04/2023,24/04/2023,Done
A001256,S00539,R048,17/04/2024,,In Progress
A001257,S00539,R046,2024-04-16,2024-05-04,Done
A001258,S00540,R021,2024-07-10,,Pending
A001259,S00540,R028,2024-07-13,,In Progress
A001260,S00540,R046,2024-07-15,2024-07-20,Completed
A001261,S00541,R018,2023-10-22,2023-11-17,complete
A001262,S00541,R041,2023-10-21,2023-11-06,Completed
A001263,S00542,R020,2024-08-06,20/08/2024,complete
A001264,S00542,R041,2024-08-09,2024-08-23,Done
A001265,S00543,R020,2024-02-28,,In Progress
A001266,S00543,R021,2024-03-01,2024-03-09,Done
A001267,S00544,R049,2023-03-11,2023-03-26,Completed
A001268,S00544,R046,2023-03-09,2023-03-16,Completed
A001269,S00545,R026,2023-06-18,2023-06-23,complete
A001270,S00545,R002,2023-06-20,2023-07-01,Completed
A001271,S00546,R021,2024-02-27,10/03/2024,complete
A001272,S00546,R048,2024-02-27,2024-03-14,Completed
A001273,S00547,R016,2023-06-02,09/06/2023,Done
A001274,S00547,R035,03/06/2023,2023-06-09,Done
A001275,S00547,R027,2023-06-03,2023-06-08,complete
A001276,S00548,R016,2023-07-31,2023-08-07,Completed
A001277,S00548,R035,2023-07-31,2023-08-09,Done
A001278,S00549,R016,2023-02-20,03/03/2023,Completed
A001279,S00549,R027,2023-02-22,2023-03-01,complete
A001280,S00550,R027,2023-10-29,2023-11-18,complete
A001281,S00550,R035,2023-10-23,2023-11-17,Done
A001282,S00551,R016,2024-03-15,,Pending
A001283,S00551,R038,2024-03-13,2024-03-18,complete
A001284,S00552,R027,2023-06-28,04/07/2023,Done
A001285,S00552,R035,2023-06-27,12/07/2023,Done
A001286,S00553,R038,2024-02-22,,Pending
A001287,S00553,R016,2024-02-15,,Pending
A001288,S00554,R038,2023-08-28,2023-09-03,complete
A001289,S00554,R027,2023-08-28,2023-09-02,Completed
A001290,S00554,R035,2023-08-23,2023-08-30,Done
A001291,S00555,R016,2024-02-17,2024-03-03,Completed
A001292,S00555,R038,2024-02-16,2024-03-08,complete
A001293,S00555,R027,2024-02-13,2024-03-07,Completed
A001294,S00556,R038,23/09/2024,03/10/2024,Completed
A001295,S00556,R016,2024-09-25,2024-10-02,complete
A001296,S00556,R035,2024-09-21,2024-10-02,Completed
A001297,S00557,R038,2023-10-02,2023-10-11,Done
A001298,S00557,R016,2023-10-04,11/10/2023,complete
A001299,S00557,R035,2023-09-26,2023-10-07,complete
A001300,S00558,R027,2023-03-03,20/03/2023,complete
A001301,S00558,R016,2023-03-08,2023-03-17,complete
A001302,S00558,R035,2023-03-11,2023-03-16,complete
A001303,S00559,R027,2024-06-17,2024-06-26,Completed
A001304,S00559,R035,12/06/2024,19/06/2024,Completed
A001305,S00560,R027,2023-07-28,2023-08-10,complete
A001306,S00560,R016,2023-07-23,2023-07-30,complete
A001307,S00561,R035,2023-12-18,2023-12-31,complete
A001308,S00561,R038,2023-12-14,2023-12-30,complete
A001309,S00562,R035,2023-01-26,2023-02-07,Done
A001310,S00562,R038,2023-01-26,2023-02-13,Done
A001311,S00563,R035,2023-02-24,2023-03-05,complete
A001312,S00563,R016,2023-02-23,2023-03-05,Done
A001313,S00564,R027,2023-06-26,2023-07-05,Done
A001314,S00564,R038,2023-06-27,2023-07-07,Completed
A001315,S00564,R035,2023-06-28,2023-07-10,Completed
A001316,S00565,R035,2024-06-10,2024-06-16,Completed
A001317,S00565,R027,2024-06-10,2024-06-20,complete
A001318,S00565,R038,2024-06-10,28/06/2024,complete
A001319,S00566,R016,2023-02-28,2023-03-21,Done
A001320,S00566,R035,2023-03-06,2023-03-15,complete
A001321,S00567,R035,2024-09-27,2024-10-11,Completed
A001322,S00567,R027,02/10/2024,2024-10-12,Completed
A001323,S00567,R016,2024-10-05,2024-10-12,Done
A001324,S00568,R035,2024-03-26,2024-04-01,Completed
A001325,S00568,R027,2024-03-19,2024-03-28,Completed
A001326,S00569,R027,2024-07-31,2024-08-21,Done
A001327,S00569,R035,2024-08-05,2024-08-21,Completed
A001328,S00569,R016,2024-08-02,2024-08-17,complete
A001329,S00570,R038,2023-11-12,,In Progress
A001330,S00570,R016,2023-11-14,2023-11-20,complete
A001331,S00571,R016,2024-05-30,2024-06-05,Done
A001332,S00571,R035,2024-05-24,2024-05-29,Done
A001333,S00572,R035,2024-08-09,2024-08-17,Completed
A001334,S00572,R016,2024-08-16,2024-08-25,complete
A001335,S00573,R016,2024-08-27,2024-09-06,Done
A001336,S00573,R038,2024-08-26,2024-09-03,Done
A001337,S00573,R027,2024-08-24,2024-09-05,Completed
A001338,S00574,R038,2023-09-10,2023-09-19,Done
A001339,S00574,R035,2023-09-08,2023-09-13,complete
A001340,S00575,R038,2023-12-21,2023-12-26,Completed
A001341,S00575,R016,2023-12-19,2023-12-29,Completed
A001342,S00576,R035,29/11/2023,2023-12-05,Done
A001343,S00576,R016,2023-11-28,2023-12-05,complete
A001344,S00576,R027,25/11/2023,2023-12-01,complete
A001345,S00577,R016,2024-05-11,,pending
A001346,S00577,R027,2024-05-06,2024-05-17,complete
A001347,S00578,R016,2024-04-06,2024-04-18,Completed
A001348,S00578,R038,2024-04-11,2024-04-17,Completed
A001349,S00579,R016,2024-08-29,2024-09-06,Done
A001350,S00579,R038,2024-08-31,2024-09-11,complete
A001351,S00580,R038,2024-04-10,2024-04-25,complete
A001352,S00580,R016,2024-04-08,2024-04-25,Done
A001353,S00581,R038,2023-02-17,23/02/2023,Completed
A001354,S00581,R016,2023-02-24,2023-03-05,complete
A001355,S00582,R016,24/10/2023,2023-11-03,complete
A001356,S00582,R035,2023-10-24,2023-11-01,complete
A001357,S00583,R038,2024-07-15,2024-07-30,Done
A001358,S00583,R027,2024-07-14,2024-07-19,complete
A001359,S00583,R016,19/07/2024,2024-07-28,Completed
A001360,S00584,R016,03/04/2023,2023-04-10,Done
A001361,S00584,R038,2023-04-06,,pending
A001362,S00584,R027,2023-04-05,2023-04-13,complete
A001363,S00585,R027,2023-10-01,2023-10-09,Completed
A001364,S00585,R016,29/09/2023,2023-10-04,Done
A001365,S00586,R038,2023-04-30,2023-05-12,Completed
A001366,S00586,R016,2023-05-07,2023-05-12,Completed
A001367,S00587,R016,2024-05-27,2024-06-05,Done
A001368,S00587,R027,2024-05-24,2024-06-04,complete
A001369,S00587,R035,2024-05-26,2024-06-02,Done
A001370,S00588,R038,2024-08-14,2024-08-27,complete
A001371,S00588,R016,2024-08-18,,In Progress
A001372,S00589,R035,16/04/2023,2023-04-22,Done
A001373,S00589,R027,2023-04-17,2023-04-26,Done
A001374,S00589,R038,2023-04-18,2023-04-24,Completed
A001375,S00590,R027,2023-10-04,,In Progress
A001376,S00590,R035,2023-10-08,,pending
A001377,S00590,R016,2023-10-05,2023-10-10,Done
A001378,S00591,R035,2023-05-28,2023-06-09,complete
A001379,S00591,R038,2023-05-28,2023-06-18,Completed
A001380,S00592,R016,2023-09-14,2023-09-25,complete
A001381,S00592,R027,2023-09-18,2023-09-26,Done
A001382,S00593,R038,17/12/2023,2023-12-28,complete
A001383,S00593,R027,2023-12-18,2023-12-23,Completed
A001384,S00594,R016,10/10/2023,,pending
A001385,S00594,R027,2023-10-04,2023-10-14,Done
A001386,S00595,R038,2024-08-02,,In Progress
A001387,S00595,R035,2024-07-28,,pending
A001388,S00595,R016,2024-07-30,2024-08-07,Completed
A001389,S00596,R027,2024-01-10,2024-01-27,Completed
A001390,S00596,R038,2024-01-10,2024-01-26,Completed
A001391,S00597,R035,2024-02-05,2024-02-17,Completed
A001392,S00597,R038,05/02/2024,2024-02-13,Completed
A001393,S00598,R035,2023-11-20,2023-11-25,complete
A001394,S00598,R016,2023-11-18,2023-11-28,Done
A001395,S00599,R027,2024-01-26,2024-02-12,Done
A001396,S00599,R038,31/01/2024,2024-02-17,complete
A001397,S00599,R016,2024-02-01,2024-02-15,Done
A001398,S00600,R038,2023-12-16,2023-12-23,Completed
A001399,S00600,R027,14/12/2023,,pending
A001400,S00600,R035,2023-12-20,2023-12-26,Done
A001401,S00601,R016,2023-10-19,2023-11-02,Completed
A001402,S00601,R035,2023-10-23,2023-11-01,complete
A001403,S00602,R016,2023-08-08,,In Progress
A001404,S00602,R038,2023-08-09,14/08/2023,complete
A001405,S00602,R035,2023-08-08,2023-08-15,Done
A001406,S00603,R038,2023-01-20,,Pending
A001407,S00603,R016,2023-01-16,2023-01-26,complete
A001408,S00604,R035,02/07/2023,2023-07-14,Done
A001409,S00604,R016,2023-06-29,2023-07-05,Completed
A001410,S00605,R027,2024-10-02,2024-10-08,Done
A001411,S00605,R035,2024-09-27,2024-10-02,complete
A001412,S00606,R038,2024-10-01,2024-10-06,complete
A001413,S00606,R035,29/09/2024,2024-10-12,Done
A001414,S00606,R027,2024-10-02,2024-10-07,Done
A001415,S00607,R035,2023-03-25,12/04/2023,Completed
A001416,S00607,R016,2023-03-28,2023-04-09,complete
A001417,S00608,R035,2023-10-04,,Pending
A001418,S00608,R038,2023-09-27,2023-10-06,complete
A001419,S00609,R016,25/01/2023,2023-02-16,complete
A001420,S00609,R035,2023-02-02,2023-02-22,Completed
A001421,S00610,R027,2024-08-19,,pending
A001422,S00610,R038,2024-08-18,2024-09-04,Completed
A001423,S00610,R035,16/08/2024,2024-08-26,complete
A001424,S00611,R038,2024-08-29,2024-09-04,complete
A001425,S00611,R016,05/09/2024,2024-09-12,Done
A001426,S00612,R038,2023-09-21,2023-10-06,Completed
A001427,S00612,R016,2023-09-24,2023-10-04,Completed
A001428,S00612,R035,2023-09-28,2023-10-06,Done
A001429,S00613,R038,2024-04-10,20/04/2024,Completed
A001430,S00613,R016,2024-04-13,,In Progress
A001431,S00613,R035,2024-04-13,2024-04-20,Done
A001432,S00614,R027,2024-06-21,,pending
A001433,S00614,R038,20/06/2024,25/06/2024,Done
A001434,S00614,R035,2024-06-19,2024-07-03,Done
A001435,S00615,R038,2024-02-02,2024-02-16,Done
A001436,S00615,R035,2024-02-05,2024-02-16,complete
A001437,S00616,R035,2024-02-12,23/02/2024,Done
A001438,S00616,R038,2024-02-17,2024-02-27,Completed
A001439,S00616,R016,2024-02-14,2024-02-21,Completed
A001440,S00617,R027,2023-04-24,2023-04-29,Completed
A001441,S00617,R016,2023-04-22,,Pending
A001442,S00618,R027,2023-01-04,2023-01-16,Done
A001443,S00618,R035,2023-01-07,,Pending
A001444,S00618,R016,2023-01-05,2023-01-18,Completed
A001445,S00619,R016,2023-09-18,2023-09-28,Completed
A001446,S00619,R038,2023-09-19,2023-09-27,Done
A001447,S00619,R035,2023-09-17,,pending
A001448,S00620,R027,2023-06-26,,Pending
A001449,S00620,R035,2023-06-22,2023-06-28,Completed
A001450,S00621,R016,20/06/2024,02/07/2024,complete
A001451,S00621,R027,2024-06-24,2024-06-30,Done
A001452,S00622,R035,2024-03-12,2024-03-23,Done
A001453,S00622,R038,2024-03-14,,pending
A001454,S00622,R027,2024-03-10,2024-03-18,Completed
A001455,S00623,R027,2024-08-19,,Pending
A001456,S00623,R038,2024-08-20,2024-08-26,Done
A001457,S00624,R009,2023-05-31,2023-06-10,complete
A001458,S00624,R022,2023-06-02,2023-06-19,Completed
A001459,S00625,R029,02/04/2023,2023-04-12,Done
A001460,S00625,R012,2023-04-03,06/05/2023,Completed
A001461,S00626,R029,2024-08-08,2024-08-23,complete
A001462,S00626,R009,2024-08-04,2024-08-12,Completed
A001463,S00626,R001,2024-08-05,2024-08-10,complete
A001464,S00627,R012,2024-09-09,2024-10-03,Done
A001465,S00627,R022,2024-09-02,2024-09-21,Done
A001466,S00628,R032,2023-07-11,2023-08-01,Done
A001467,S00628,R012,2023-07-13,2023-08-05,Completed
A001468,S00629,R009,2024-05-11,,In Progress
A001469,S00629,R022,2024-05-08,19/05/2024,Completed
A001470,S00630,R042,2023-04-01,2023-04-11,complete
A001471,S00630,R009,2023-03-29,2023-04-11,Done
A001472,S00631,R001,2024-07-24,2024-09-24,Done
A001473,S00631,R022,2024-07-30,2024-08-16,Completed
A001474,S00632,R009,2024-07-21,2024-08-28,Completed
A001475,S00632,R032,2024-07-18,27/07/2024,Completed
A001476,S00633,R042,2023-01-27,2023-02-11,complete
A001477,S00633,R012,2023-01-22,2023-01-29,Completed
A001478,S00634,R012,2023-04-27,2023-05-10,complete
A001479,S00634,R029,2023-04-26,2023-05-16,complete
A001480,S00635,R042,2024-07-26,2024-09-16,Completed
A001481,S00635,R001,2024-07-31,2024-08-14,complete
A001482,S00636,R001,2023-05-22,2023-05-29,Completed
A001483,S00636,R022,2023-05-24,07/06/2023,complete
A001484,S00637,R032,2024-07-16,2024-08-02,Completed
A001485,S00637,R042,2024-07-21,28/08/2024,Completed
A001486,S00638,R001,2024-02-10,2024-03-03,Done
A001487,S00638,R022,2024-02-05,2024-02-27,complete
A001488,S00639,R042,2024-04-02,2024-05-11,Done
A001489,S00639,R009,2024-04-07,14/04/2024,Completed
A001490,S00639,R032,2024-04-07,06/05/2024,Done
A001491,S00640,R034,2023-12-16,2024-01-16,Completed
A001492,S00640,R029,2023-12-11,2023-12-23,Done
A001493,S00640,R001,2023-12-11,2023-12-18,Completed
A001494,S00641,R001,2024-04-28,2024-05-04,Completed
A001495,S00641,R022,2024-04-20,2024-05-08,Completed
A001496,S00642,R042,2024-09-02,2024-10-08,Completed
A001497,S00642,R034,2024-09-03,2024-09-21,Done
A001498,S00643,R029,2023-06-09,2023-07-04,Completed
A001499,S00643,R034,2023-06-11,2023-06-23,complete
A001500,S00644,R012,2023-10-13,2023-11-12,Done
A001501,S00644,R009,16/10/2023,2023-10-31,Done
A001502,S00645,R022,2024-09-18,2024-10-14,complete
A001503,S00645,R034,2024-09-16,2024-10-24,complete
A001504,S00646,R012,2024-03-05,26/03/2024,Completed
A001505,S00646,R009,2024-03-06,2024-03-20,Done
A001506,S00646,R029,2024-03-09,2024-03-29,complete
A001507,S00647,R032,2023-04-11,2023-04-27,Done
A001508,S00647,R029,2023-04-12,2023-05-07,complete
A001509,S00648,R009,2023-06-09,2023-07-06,complete
A001510,S00648,R012,2023-06-13,2023-07-12,Completed
A001511,S00649,R009,2023-11-30,2023-12-17,complete
A001512,S00649,R022,2023-11-27,2023-12-29,Completed
A001513,S00649,R034,2023-11-28,2023-12-25,Done
A001514,S00650,R029,2023-12-04,2024-01-03,Done
A001515,S00650,R022,2023-12-04,2024-01-02,Completed
A001516,S00651,R022,2023-05-22,2023-06-02,complete
A001517,S00651,R034,2023-05-23,2023-06-09,Done
A001518,S00652,R001,18/06/2023,2023-06-25,Completed
A001519,S00652,R034,20/06/2023,2023-07-22,Completed
A001520,S00652,R009,2023-06-16,30/06/2023,Completed
A001521,S00653,R032,2023-05-31,2023-07-05,Done
A001522,S00653,R012,2023-06-01,30/06/2023,Done
A001523,S00654,R009,2023-06-02,2023-06-08,Completed
A001524,S00654,R034,2023-05-29,2023-06-08,Completed
A001525,S00655,R001,2024-06-27,2024-07-13,Done
A001526,S00655,R042,2024-06-27,,In Progress
A001527,S00656,R012,2024-01-13,2024-02-11,Completed
A001528,S00656,R022,2024-01-11,2024-02-06,complete
A001529,S00657,R034,2024-04-24,2024-05-25,Completed
A001530,S00657,R001,2024-04-29,13/05/2024,Completed
A001531,S00657,R029,2024-04-23,2024-05-20,Done
A001532,S00658,R029,01/09/2024,2024-09-29,Completed
A001533,S00658,R001,2024-09-02,12/10/2024,Done
A001534,S00659,R022,2024-09-01,2024-09-22,complete
A001535,S00659,R001,2024-09-05,2024-10-05,Done
A001536,S00660,R034,2023-06-26,28/07/2023,Done
A001537,S00660,R042,2023-07-01,2023-08-18,Completed
A001538,S00660,R009,2023-06-27,2023-08-19,Done
A001539,S00661,R029,2023-12-18,2024-01-03,complete
A001540,S00661,R034,2023-12-18,2024-02-01,complete
A001541,S00662,R001,2023-05-13,2023-06-16,Completed
A001542,S00662,R022,2023-05-15,2023-06-11,Done
A001543,S00663,R032,2023-12-24,2024-01-27,Completed
A001544,S00663,R042,25/12/2023,2024-01-18,complete
A001545,S00663,R001,2024-01-01,2024-01-27,Done
A001546,S00664,R022,2024-09-03,2024-10-08,Done
A001547,S00664,R012,2024-09-03,12/09/2024,complete
A001548,S00664,R029,07/09/2024,2024-09-14,Done
A001549,S00665,R034,2024-03-26,2024-03-31,Done
A001550,S00665,R029,2024-03-19,2024-04-11,complete
A001551,S00666,R022,2023-08-27,2023-10-13,complete
A001552,S00666,R012,2023-09-03,2023-09-23,Completed
A001553,S00667,R001,2023-02-18,2023-03-16,Done
A001554,S00667,R009,2023-02-19,2023-03-29,Done
A001555,S00668,R012,2024-07-21,2024-08-28,Done
A001556,S00668,R032,24/07/2024,2024-08-16,complete
A001557,S00668,R009,26/07/2024,2024-08-01,complete
A001558,S00669,R001,2024-04-20,2024-05-22,Done
A001559,S00669,R042,2024-04-21,2024-05-27,Completed
A001560,S00670,R022,16/10/2023,2023-11-03,complete
A001561,S00670,R001,2023-10-16,2023-10-28,Done
A001562,S00671,R042,2023-01-26,2023-02-24,Done
A001563,S00671,R029,2023-01-29,2023-02-10,Done
A001564,S00672,R001,2024-04-24,2024-05-25,Completed
A001565,S00672,R009,24/04/2024,2024-05-23,Completed
A001566,S00673,R029,2023-10-25,2023-11-21,Done
A001567,S00673,R001,2023-10-22,2023-11-21,Done
A001568,S00674,R022,2023-07-03,2023-08-23,Completed
A001569,S00674,R034,28/06/2023,2023-07-20,complete
A001570,S00674,R029,2023-07-01,2023-07-19,Done
A001571,S00675,R012,2023-02-09,2023-02-18,Done
A001572,S00675,R001,2023-02-10,2023-02-25,complete
A001573,S00675,R032,2023-02-10,2023-02-27,Done
A001574,S00676,R034,14/06/2024,2024-06-30,complete
A001575,S00676,R029,2024-06-11,2024-06-24,Done
A001576,S00677,R001,2024-02-26,2024-04-19,complete
A001577,S00677,R012,29/02/2024,2024-04-08,complete
A001578,S00677,R029,2024-02-24,2024-03-06,Completed
A001579,S00678,R012,2023-08-17,2023-08-25,complete
A001580,S00678,R042,2023-08-17,2023-09-03,complete
A001581,S00679,R029,2023-03-19,2023-04-08,Done
A001582,S00679,R001,2023-03-17,2023-03-28,Completed
A001583,S00679,R009,18/03/2023,07/04/2023,complete
A001584,S00680,R009,2023-06-28,2023-07-20,complete
A001585,S00680,R001,2023-06-27,2023-08-18,Done
A001586,S00680,R029,2023-06-30,2023-07-11,complete
A001587,S00681,R001,2024-08-05,2024-08-27,complete
A001588,S00681,R034,2024-08-03,11/08/2024,Completed
A001589,S00681,R042,2024-08-05,2024-08-17,complete
A001590,S00682,R032,2024-02-01,17/02/2024,complete
A001591,S00682,R029,2024-01-24,2024-02-09,complete
A001592,S00683,R034,09/03/2024,2024-04-09,complete
A001593,S00683,R009,12/03/2024,2024-03-19,Completed
A001594,S00684,R012,2024-07-17,2024-07-26,complete
A001595,S00684,R034,09/07/2024,2024-08-08,Completed
A001596,S00685,R029,2023-05-13,2023-06-09,Completed
A001597,S00685,R012,2023-05-13,2023-06-02,Completed
A001598,S00686,R009,2023-03-14,26/03/2023,complete
A001599,S00686,R022,2023-03-15,2023-04-16,complete
A001600,S00687,R032,2023-10-27,2023-11-19,Done
A001601,S00687,R009,2023-10-28,2023-11-24,complete
A001602,S00688,R029,2023-07-27,2023-08-21,Completed
A001603,S00688,R001,2023-08-01,2023-09-02,complete
A001604,S00689,R042,2024-07-05,2024-07-20,Completed
A001605,S00689,R034,2024-07-06,15/07/2024,complete
A001606,S00689,R001,2024-07-05,01/08/2024,Completed
A001607,S00690,R029,2023-12-25,2024-01-22,complete
A001608,S00690,R009,2023-12-28,2024-01-30,complete
A001609,S00690,R022,2023-12-20,2023-12-30,Completed
A001610,S00691,R032,21/04/2023,2023-04-26,Done
A001611,S00691,R009,2023-04-16,2023-05-15,Completed
A001612,S00692,R001,2023-07-28,,In Progress
A001613,S00692,R029,2023-07-30,2023-08-12,Done
A001614,S00692,R032,2023-07-27,2023-08-07,Done
A001615,S00693,R001,2024-01-09,2024-02-03,Completed
A001616,S00693,R042,13/01/2024,2024-02-12,Done
A001617,S00694,R022,2023-06-29,2023-07-17,complete
A001618,S00694,R029,2023-06-26,2023-07-16,complete
A001619,S00695,R012,27/06/2024,2024-07-04,Completed
A001620,S00695,R034,26/06/2024,07/07/2024,Done
A001621,S00696,R034,2023-04-23,2023-05-16,Completed
A001622,S00696,R029,2023-04-22,2023-05-28,Done
A001623,S00697,R001,2023-06-22,2023-08-08,Done
A001624,S00697,R012,2023-06-19,02/07/2023,Done
A001625,S00697,R029,2023-06-21,21/07/2023,Done
A001626,S00698,R001,2024-03-29,2024-04-21,complete
A001627,S00698,R034,2024-04-02,2024-04-19,complete
A001628,S00699,R032,2023-09-02,2023-09-18,Done
A001629,S00699,R034,2023-08-29,21/09/2023,Done
A001630,S00699,R009,2023-08-28,04/09/2023,Done
A001631,S00700,R032,2023-03-08,2023-04-05,Completed
A001632,S00700,R034,2023-03-09,2023-03-21,Completed
A001633,S00701,R001,2023-04-04,2023-04-09,Done
A001634,S00701,R012,2023-03-31,23/04/2023,Completed
A001635,S00702,R022,2024-04-10,2024-05-28,Completed
A001636,S00702,R029,08/04/2024,2024-05-14,complete
A001637,S00702,R032,2024-04-14,30/04/2024,complete
A001638,S00703,R022,2023-11-03,2023-12-02,Done
A001639,S00703,R012,07/11/2023,2023-12-07,Completed
A001640,S00704,R001,09/07/2023,2023-07-14,Done
A001641,S00704,R012,2023-07-06,2023-07-22,Done
A001642,S00705,R012,2023-02-04,2023-02-20,Completed
A001643,S00705,R029,2023-02-11,25/02/2023,complete
A001644,S00706,R029,2023-12-07,2023-12-25,Completed
A001645,S00706,R022,2023-12-10,2023-12-17,Done
A001646,S00707,R001,2024-02-03,09/03/2024,Done
A001647,S00707,R032,04/02/2024,2024-03-05,Completed
A001648,S00708,R022,2023-10-14,25/10/2023,complete
A001649,S00708,R009,2023-10-10,2023-11-01,complete
A001650,S00709,R032,2023-06-20,2023-07-13,Done
A001651,S00709,R042,2023-06-15,2023-06-20,complete
A001652,S00710,R012,2023-04-04,2023-04-13,Completed
A001653,S00710,R029,2023-04-04,2023-04-17,Done
A001654,S00710,R022,2023-04-05,2023-04-16,Done
A001655,S00711,R022,2024-07-19,11/08/2024,complete
A001656,S00711,R042,2024-07-13,04/09/2024,Done
A001657,S00712,R032,02/04/2024,2024-04-15,complete
A001658,S00712,R034,2024-04-06,,Pending
A001659,S00713,R009,2023-05-23,2023-06-20,Completed
A001660,S00713,R001,2023-05-30,2023-06-04,Completed
A001661,S00713,R042,28/05/2023,2023-06-17,Done
A001662,S00714,R012,2024-01-13,2024-01-23,complete
A001663,S00714,R022,2024-01-05,2024-02-01,Completed
A001664,S00714,R009,2024-01-08,2024-01-20,Done
A001665,S00715,R029,2023-09-20,2023-10-15,Done
A001666,S00715,R034,2023-09-13,2023-10-23,Done
A001667,S00715,R012,16/09/2023,2023-11-04,complete
A001668,S00716,R029,2024-02-20,2024-04-02,complete
A001669,S00716,R022,2024-02-14,22/02/2024,complete
A001670,S00717,R009,28/08/2023,2023-09-18,Done
A001671,S00717,R029,2023-09-01,2023-09-29,complete
A001672,S00717,R032,2023-08-26,2023-09-12,complete
A001673,S00718,R029,2023-12-22,2023-12-27,Done
A001674,S00718,R012,2023-12-21,2024-01-10,Completed
A001675,S00718,R001,2023-12-20,2024-01-16,complete
A001676,S00719,R009,2023-08-01,2023-09-15,Completed
A001677,S00719,R029,2023-07-30,11/08/2023,Done
A001678,S00720,R022,07/01/2024,2024-01-24,complete
A001679,S00720,R034,2024-01-07,01/02/2024,complete
A001680,S00721,R009,2023-01-27,2023-02-13,Done
A001681,S00721,R001,2023-01-28,05/03/2023,complete
A001682,S00721,R012,2023-01-30,2023-02-16,complete
A001683,S00722,R029,2024-08-02,2024-09-02,Done
A001684,S00722,R001,2024-08-07,,In Progress
A001685,S00723,R001,2023-11-05,2023-11-12,Done
A001686,S00723,R032,2023-11-07,2023-12-13,Done
A001687,S00724,R042,2024-01-03,2024-01-28,complete
A001688,S00724,R022,2024-01-03,2024-02-09,complete
A001689,S00725,R032,15/05/2023,2023-06-06,complete
A001690,S00725,R022,2023-05-15,2023-05-28,complete
A001691,S00726,R042,2023-11-08,2023-11-29,Completed
A001692,S00726,R001,2023-11-07,2023-12-12,Done
A001693,S00727,R042,2023-05-05,2023-06-04,Done
A001694,S00727,R029,28/04/2023,2023-06-11,Completed
A001695,S00727,R012,2023-05-02,2023-05-14,Done
A001696,S00728,R001,2023-12-23,2024-01-27,complete
A001697,S00728,R022,2023-12-27,2024-01-18,complete
A001698,S00729,R029,2023-09-14,2023-09-24,Done
A001699,S00729,R009,2023-09-15,2023-10-10,Completed
A001700,S00729,R012,2023-09-07,20/09/2023,complete
A001701,S00730,R029,2024-07-09,2024-07-17,complete
A001702,S00730,R022,2024-07-10,2024-08-11,complete
A001703,S00731,R042,2023-10-28,2023-11-08,Done
A001704,S00731,R012,2023-10-23,2023-11-28,complete
A001705,S00731,R022,2023-10-23,2023-12-02,complete
A001706,S00732,R029,2024-07-30,2024-08-31,complete
A001707,S00732,R009,2024-08-04,2024-08-23,Completed
A001708,S00732,R001,2024-08-06,2024-08-21,complete
A001709,S00733,R042,2023-05-05,2023-05-19,Done
A001710,S00733,R012,2023-05-04,2023-06-14,complete
A001711,S00734,R032,2023-03-13,2023-05-09,Completed
A001712,S00734,R034,2023-03-17,2023-04-06,complete
A001713,S00735,R009,23/03/2024,2024-04-01,Done
A001714,S00735,R034,2024-03-28,2024-04-14,Completed
A001715,S00736,R022,2024-03-03,2024-04-09,complete
A001716,S00736,R029,2024-02-25,2024-03-27,Completed
A001717,S00736,R012,2024-03-01,2024-04-16,complete
A001718,S00737,R029,2023-07-03,17/07/2023,Done
A001719,S00737,R022,02/07/2023,2023-08-03,Completed
A001720,S00737,R042,2023-07-05,2023-08-04,Completed
A001721,S00738,R042,2023-12-19,25/12/2023,Done
A001722,S00738,R012,18/12/2023,2024-01-02,Done
A001723,S00738,R034,26/12/2023,2024-01-02,complete
A001724,S00739,R032,2024-08-23,03/09/2024,Completed
A001725,S00739,R034,2024-08-16,2024-08-25,Completed
A001726,S00740,R009,2023-09-11,2023-10-26,complete
A001727,S00740,R029,2023-09-18,2023-11-08,Done
A001728,S00741,R009,06/02/2023,2023-02-12,Completed
A001729,S00741,R032,2023-02-07,2023-02-14,complete
A001730,S00741,R001,08/02/2023,2023-02-26,complete
A001731,S00742,R009,2024-04-08,2024-04-16,Done
A001732,S00742,R032,2024-04-16,,Pending
A001733,S00743,R012,2023-10-26,2023-11-13,complete
A001734,S00743,R029,2023-10-24,31/10/2023,complete
A001735,S00743,R042,2023-10-30,2023-11-22,complete
A001736,S00744,R001,2024-04-30,2024-06-13,complete
A001737,S00744,R009,2024-05-08,2024-06-05,Completed
A001738,S00744,R042,30/04/2024,2024-05-17,Completed
A001739,S00745,R001,2023-06-04,2023-06-10,Done
A001740,S00745,R032,2023-05-29,2023-06-04,complete
A001741,S00745,R009,2023-06-01,2023-06-11,complete
A001742,S00746,R042,2023-04-30,2023-05-31,Done
A001743,S00746,R029,2023-04-26,2023-05-11,Completed
A001744,S00747,R042,2023-03-06,2023-04-18,Completed
A001745,S00747,R012,2023-03-12,2023-03-29,Completed
A001746,S00747,R001,2023-03-07,2023-04-06,complete
A001747,S00748,R032,2023-08-04,2023-09-10,Completed
A001748,S00748,R034,2023-08-06,2023-09-06,Completed
A001749,S00748,R009,2023-08-06,2023-08-20,Done
A001750,S00749,R029,2023-01-17,2023-02-26,Completed
A001751,S00749,R012,2023-01-17,2023-01-22,Completed
A001752,S00749,R001,2023-01-18,2023-02-28,Completed
A001753,S00750,R032,2023-07-19,2023-08-02,Done
A001754,S00750,R001,2023-07-19,2023-08-26,Done
A001755,S00751,R009,2023-06-19,2023-07-03,Done
A001756,S00751,R042,25/06/2023,,In Progress
A001757,S00752,R032,2024-02-17,05/03/2024,Completed
A001758,S00752,R029,14/02/2024,,pending
A001759,S00753,R034,2023-04-23,2023-05-23,Done
A001760,S00753,R042,15/04/2023,2023-04-25,complete
A001761,S00754,R022,2024-07-29,2024-09-01,Done
A001762,S00754,R029,2024-08-01,2024-08-30,complete
A001763,S00755,R001,06/07/2023,2023-08-23,Done
A001764,S00755,R034,2023-07-12,23/08/2023,Done
A001765,S00755,R022,2023-07-11,2023-08-25,complete
A001766,S00756,R009,2024-04-12,2024-05-03,complete
A001767,S00756,R042,2024-04-15,2024-05-18,complete
A001768,S00757,R001,2024-02-01,2024-02-07,Done
A001769,S00757,R022,2024-02-03,2024-03-03,Completed
A001770,S00757,R032,2024-02-07,2024-03-16,Done
A001771,S00758,R009,2024-04-16,2024-05-17,Done
A001772,S00758,R032,15/04/2024,2024-05-23,Done
A001773,S00759,R029,2023-01-19,2023-02-18,complete
A001774,S00759,R001,2023-01-21,2023-02-16,Completed
A001775,S00760,R009,2023-04-15,2023-04-28,Completed
A001776,S00760,R029,2023-04-18,2023-06-22,complete
A001777,S00761,R032,2024-06-13,2024-06-21,Completed
A001778,S00761,R009,2024-06-18,2024-07-01,Completed
A001779,S00762,R042,2024-03-13,2024-04-24,complete
A001780,S00762,R029,2024-03-14,2024-04-16,complete
A001781,S00763,R032,2023-07-17,2023-08-02,Completed
A001782,S00763,R012,2023-07-21,2023-08-25,Done
A001783,S00764,R001,18/04/2023,,Pending
A001784,S00764,R009,2023-04-24,12/05/2023,Completed
A001785,S00765,R009,2023-10-09,2023-11-05,Completed
A001786,S00765,R042,2023-10-15,2023-10-27,Completed
A001787,S00765,R032,2023-10-10,2023-10-24,Completed
A001788,S00766,R012,2024-04-29,2024-05-07,complete
A001789,S00766,R034,2024-04-24,2024-05-07,Done
A001790,S00766,R009,2024-04-21,2024-05-28,Completed
A001791,S00767,R032,2024-01-21,2024-02-13,complete
A001792,S00767,R012,2024-01-16,2024-01-28,Completed
A001793,S00768,R032,2023-07-15,2023-08-06,Done
A001794,S00768,R009,2023-07-18,2023-07-29,complete
A001795,S00768,R029,2023-07-17,2023-08-05,Completed
A001796,S00769,R022,2024-09-08,2024-09-26,complete
A001797,S00769,R029,01/09/2024,2024-10-01,Done
A001798,S00770,R034,09/01/2024,31/01/2024,complete
A001799,S00770,R029,2024-01-12,2024-02-18,complete
A001800,S00770,R022,2024-01-13,2024-02-19,Completed
A001801,S00771,R022,2023-08-23,2023-09-15,Done
A001802,S00771,R034,2023-08-25,2023-09-21,Done
A001803,S00771,R032,2023-08-25,2023-09-30,complete
A001804,S00772,R042,2023-08-25,2023-10-13,Done
A001805,S00772,R009,2023-08-28,2023-10-11,Done
A001806,S00773,R029,2023-05-22,2023-06-13,Done
A001807,S00773,R022,2023-05-27,2023-06-12,complete
A001808,S00773,R042,2023-05-21,2023-06-12,Completed
A001809,S00774,R022,2023-02-07,2023-03-05,Completed
A001810,S00774,R001,13/02/2023,2023-03-18,complete
A001811,S00775,R029,2024-02-04,2024-03-19,complete
A001812,S00775,R034,2024-02-05,2024-04-04,Completed
A001813,S00775,R001,2024-02-04,2024-03-24,Completed
A001814,S00776,R034,2023-04-18,,In Progress
A001815,S00776,R022,2023-04-23,,In Progress
A001816,S00777,R032,2024-05-03,2024-05-28,complete
A001817,S00777,R012,2024-04-25,2024-05-20,Done
A001818,S00778,R032,2023-08-19,2023-09-26,Done
A001819,S00778,R012,2023-08-24,2023-09-05,Completed
A001820,S00779,R012,30/09/2024,2024-11-24,Completed
A001821,S00779,R009,2024-09-28,2024-11-01,Done
A001822,S00780,R042,2023-10-28,2023-12-18,Done
A001823,S00780,R029,2023-10-31,11/12/2023,Completed
A001824,S00780,R022,2023-11-03,2023-12-19,complete
A001825,S00781,R022,2023-05-01,2023-06-01,Completed
A001826,S00781,R009,02/05/2023,2023-05-22,Completed
A001827,S00781,R001,2023-05-02,2023-06-12,Done
A001828,S00782,R022,2023-04-12,23/05/2023,complete
A001829,S00782,R034,2023-04-16,2023-05-18,complete
A001830,S00783,R009,2024-04-10,2024-06-01,complete
A001831,S00783,R022,2024-04-14,17/05/2024,Done
A001832,S00784,R034,2024-09-26,2024-10-07,Done
A001833,S00784,R012,2024-09-21,2024-10-04,Done
A001834,S00785,R029,2023-03-27,2023-04-06,Done
A001835,S00785,R034,2023-03-25,2023-04-15,Completed
A001836,S00785,R009,2023-03-24,09/04/2023,Completed
A001837,S00786,R032,2024-07-30,2024-08-07,complete
A001838,S00786,R001,2024-07-24,07/08/2024,complete
A001839,S00787,R009,2023-07-14,2023-07-25,Completed
A001840,S00787,R022,2023-07-09,2023-07-20,Done
A001841,S00788,R012,2023-02-16,2023-03-30,Done
A001842,S00788,R022,2023-02-17,2023-03-07,complete
A001843,S00788,R001,2023-02-11,2023-03-12,complete
A001844,S00789,R042,14/01/2024,2024-02-05,Completed
A001845,S00789,R012,2024-01-15,2024-02-02,complete
A001846,S00790,R001,2024-01-20,26/01/2024,complete
A001847,S00790,R022,2024-01-17,,pending
A001848,S00791,R012,2024-09-13,2024-09-20,Completed
A001849,S00791,R022,2024-09-11,05/10/2024,Completed
A001850,S00792,R009,2024-08-18,2024-09-01,Completed
A001851,S00792,R034,19/08/2024,2024-09-01,Completed
A001852,S00792,R032,2024-08-19,2024-08-30,Done
A001853,S00793,R034,2024-05-21,2024-06-20,Done
A001854,S00793,R029,2024-05-28,2024-06-12,Done
A001855,S00794,R034,2023-11-26,2024-01-26,Done
A001856,S00794,R001,2023-11-27,2024-01-10,complete
A001857,S00795,R034,2023-04-24,2023-06-04,complete
A001858,S00795,R009,2023-04-21,2023-05-26,complete
A001859,S00796,R034,2024-04-11,2024-05-07,Completed
A001860,S00796,R029,2024-04-10,2024-05-19,complete
A001861,S00796,R009,2024-04-04,2024-04-23,complete
A001862,S00797,R042,2024-05-06,2024-05-12,Completed
A001863,S00797,R001,2024-05-06,2024-06-02,Completed
A001864,S00797,R032,2024-05-09,2024-06-22,Completed
A001865,S00798,R032,2023-12-20,2024-01-11,complete
A001866,S00798,R042,2023-12-15,2024-01-22,complete
A001867,S00798,R012,2023-12-22,2024-01-17,Done
A001868,S00799,R009,2024-07-13,2024-07-23,complete
A001869,S00799,R032,2024-07-16,2024-08-08,Completed
A001870,S00800,R012,2023-04-25,2023-05-13,Done
A001871,S00800,R042,2023-04-24,2023-05-19,complete
A001872,S00801,R034,2024-09-29,2024-10-06,Done
A001873,S00801,R032,2024-09-28,2024-10-10,complete
A001874,S00802,R022,2024-07-30,2024-08-25,Completed
A001875,S00802,R042,2024-07-31,2024-08-14,Done
A001876,S00803,R022,10/08/2023,2023-10-01,complete
A001877,S00803,R029,2023-08-15,2023-09-04,Done
A001878,S00804,R029,2024-03-05,2024-04-11,Completed
A001879,S00804,R032,29/02/2024,15/04/2024,Completed
A001880,S00805,R006,2023-02-12,04/03/2023,complete
A001881,S00805,R045,2023-02-13,2023-02-20,Completed
A001882,S00805,R005,2023-02-11,2023-03-03,complete
A001883,S00806,R050,2024-02-22,2024-03-09,complete
A001884,S00806,R006,2024-02-26,03/04/2024,complete
A001885,S00807,R044,2023-02-22,25/03/2023,Done
A001886,S00807,R039,2023-02-21,16/03/2023,Done
A001887,S00808,R045,2023-01-26,23/02/2023,complete
A001888,S00808,R039,2023-01-25,2023-02-20,complete
A001889,S00809,R005,08/02/2024,2024-02-24,Done
A001890,S00809,R039,2024-02-09,04/03/2024,complete
A001891,S00810,R010,06/04/2024,2024-05-02,Completed
A001892,S00810,R044,2024-04-12,2024-05-09,complete
A001893,S00811,R050,2024-07-07,2024-08-10,Done
A001894,S00811,R045,2024-07-13,2024-07-30,complete
A001895,S00812,R023,2024-08-12,2024-09-24,Done
A001896,S00812,R045,2024-08-13,15/09/2024,Completed
A001897,S00812,R039,2024-08-17,2024-09-09,Completed
A001898,S00813,R011,2023-11-08,2023-11-21,Completed
A001899,S00813,R039,2023-11-02,17/11/2023,complete
A001900,S00814,R050,2024-03-22,2024-04-17,complete
A001901,S00814,R043,2024-03-26,2024-04-27,Completed
A001902,S00815,R045,2024-05-11,2024-07-06,Done
A001903,S00815,R044,2024-05-12,2024-06-19,complete
A001904,S00816,R050,2024-03-05,2024-04-12,Completed
A001905,S00816,R006,2024-03-08,2024-04-07,Completed
A001906,S00817,R006,2023-08-25,2023-09-25,complete
A001907,S00817,R005,18/08/2023,2023-09-08,Completed
A001908,S00817,R010,2023-08-19,2023-10-18,complete
A001909,S00818,R011,2023-01-27,24/02/2023,complete
A001910,S00818,R043,2023-02-01,2023-02-11,complete
A001911,S00819,R050,2024-09-05,2024-10-02,Completed
A001912,S00819,R043,2024-09-06,2024-10-06,complete
A001913,S00819,R010,2024-09-07,2024-10-05,Completed
A001914,S00820,R006,2023-01-24,09/02/2023,complete
A001915,S00820,R044,2023-01-24,17/02/2023,Done
A001916,S00820,R005,2023-01-27,,In Progress
A001917,S00821,R050,09/01/2023,,In Progress
A001918,S00821,R010,2023-01-05,25/01/2023,Completed
A001919,S00822,R039,2024-06-03,2024-06-22,Completed
A001920,S00822,R005,2024-06-06,28/06/2024,Done
A001921,S00823,R023,2024-02-20,2024-03-03,Done
A001922,S00823,R043,2024-02-19,2024-03-31,complete
A001923,S00823,R045,2024-02-14,2024-03-20,complete
A001924,S00824,R023,2024-06-28,2024-07-03,complete
A001925,S00824,R043,2024-06-22,2024-07-18,Done
A001926,S00825,R045,2023-09-30,2023-10-28,complete
A001927,S00825,R010,2023-09-29,2023-10-09,complete
A001928,S00826,R006,2024-06-10,2024-07-02,Done
A001929,S00826,R005,2024-06-07,2024-07-20,complete
A001930,S00826,R044,2024-06-06,2024-07-24,complete
A001931,S00827,R045,2024-04-21,2024-05-10,Done
A001932,S00827,R010,2024-04-24,2024-05-28,Done
A001933,S00828,R005,28/05/2024,2024-07-15,complete
A001934,S00828,R045,2024-05-20,2024-07-09,complete
A001935,S00829,R005,2023-07-02,2023-08-12,Completed
A001936,S00829,R010,2023-07-03,2023-07-11,complete
A001937,S00829,R050,2023-07-04,2023-08-18,Completed
A001938,S00830,R011,2024-01-22,2024-03-10,Done
A001939,S00830,R050,2024-01-24,2024-02-14,Completed
A001940,S00830,R045,2024-01-16,2024-02-01,Done
A001941,S00831,R043,2024-02-14,2024-02-19,Done
A001942,S00831,R005,2024-02-15,2024-03-09,Done
A001943,S00831,R023,2024-02-18,2024-04-09,Done
A001944,S00832,R005,2024-01-27,2024-02-10,Completed
A001945,S00832,R043,2024-01-29,2024-03-05,Completed
A001946,S00833,R050,27/04/2024,2024-05-14,complete
A001947,S00833,R023,2024-05-01,13/06/2024,Done
A001948,S00833,R045,2024-05-03,2024-06-28,Done
A001949,S00834,R044,2024-05-04,2024-05-31,complete
A001950,S00834,R043,2024-05-12,2024-06-18,Completed
A001951,S00835,R023,2023-07-03,2023-07-22,Done
A001952,S00835,R044,2023-07-01,2023-08-02,Completed
A001953,S00835,R050,2023-06-29,2023-07-19,complete
A001954,S00836,R010,2024-02-16,30/03/2024,Completed
A001955,S00836,R043,2024-02-17,2024-02-25,Done
A001956,S00836,R006,2024-02-14,12/04/2024,Done
A001957,S00837,R043,2023-11-09,01/12/2023,complete
A001958,S00837,R010,2023-11-09,2023-11-20,Completed
A001959,S00838,R023,2024-03-23,2024-03-28,Completed
A001960,S00838,R006,2024-03-27,2024-05-09,complete
A001961,S00839,R045,2023-01-30,2023-02-24,Completed
A001962,S00839,R023,2023-02-02,,Pending
A001963,S00839,R043,01/02/2023,2023-02-25,Completed
A001964,S00840,R039,2023-04-30,,pending
A001965,S00840,R043,2023-04-30,,In Progress
A001966,S00841,R005,2023-02-21,2023-04-20,Completed
A001967,S00841,R011,2023-02-25,2023-03-04,Completed
A001968,S00842,R023,2023-04-10,2023-06-15,Done
A001969,S00842,R045,10/04/2023,2023-04-17,Done
A001970,S00842,R006,2023-04-12,2023-04-25,complete
A001971,S00843,R044,2023-09-22,2023-11-14,complete
A001972,S00843,R006,2023-09-24,2023-10-02,Done
A001973,S00843,R039,2023-09-24,2023-10-02,complete
A001974,S00844,R045,2024-04-02,2024-04-28,complete
A001975,S00844,R043,2024-04-02,2024-05-14,complete
A001976,S00844,R011,2024-04-04,03/05/2024,Completed
A001977,S00845,R005,01/05/2024,2024-05-08,complete
A001978,S00845,R010,2024-05-02,2024-05-18,Completed
A001979,S00846,R044,2023-08-29,05/11/2023,Done
A001980,S00846,R006,2023-08-26,2023-10-31,Done
A001981,S00847,R005,06/10/2023,2023-10-28,complete
A001982,S00847,R010,2023-10-05,2023-11-21,Completed
A001983,S00848,R010,2023-08-12,2023-08-17,Completed
A001984,S00848,R023,2023-08-15,2023-09-19,Completed
A001985,S00848,R011,14/08/2023,2023-08-21,Completed
A001986,S00849,R006,2023-07-24,2023-08-12,Completed
A001987,S00849,R010,2023-07-26,2023-08-08,Completed
A001988,S00849,R011,2023-07-21,2023-08-16,Done
A001989,S00850,R006,2023-02-23,2023-03-06,Done
A001990,S00850,R023,2023-02-23,2023-03-12,Done
A001991,S00850,R043,2023-02-27,2023-03-11,complete
A001992,S00851,R045,2023-09-18,2023-10-17,complete
A001993,S00851,R043,17/09/2023,,pending
A001994,S00852,R043,2024-03-06,02/04/2024,complete
A001995,S00852,R010,2024-03-08,30/03/2024,complete
A001996,S00853,R045,2024-02-22,2024-03-29,complete
A001997,S00853,R006,2024-02-24,03/03/2024,Done
A001998,S00854,R044,2023-07-09,2023-08-18,Completed
A001999,S00854,R023,2023-07-15,2023-07-30,complete
A002000,S00855,R050,2024-08-24,2024-09-06,complete
A002001,S00855,R006,22/08/2024,2024-09-10,complete
A002002,S00856,R039,2023-11-23,07/12/2023,Completed
A002003,S00856,R010,2023-11-19,2023-12-02,complete
A002004,S00856,R005,2023-11-18,17/12/2023,Done
A002005,S00857,R039,2024-01-23,25/02/2024,complete
A002006,S00857,R006,2024-01-23,2024-03-13,Completed
A002007,S00857,R045,28/01/2024,12/02/2024,Done
A002008,S00858,R023,2023-11-22,2023-12-16,Completed
A002009,S00858,R039,2023-11-18,2023-12-18,Done
A002010,S00859,R044,2024-08-05,2024-08-17,Done
A002011,S00859,R006,2024-08-05,2024-08-31,Done
A002012,S00860,R043,2023-04-24,2023-06-20,Done
A002013,S00860,R005,2023-04-30,2023-06-19,complete
A002014,S00861,R045,2024-09-16,2024-09-23,complete
A002015,S00861,R039,14/09/2024,2024-10-25,Completed
A002016,S00861,R043,2024-09-14,2024-10-18,complete
A002017,S00862,R045,2023-05-27,2023-06-16,Completed
A002018,S00862,R043,30/05/2023,,In Progress
A002019,S00863,R044,2023-07-30,2023-08-20,Completed
A002020,S00863,R050,2023-07-30,2023-08-14,Completed
A002021,S00863,R010,27/07/2023,2023-08-14,Completed
A002022,S00864,R045,2023-03-17,2023-05-06,complete
A002023,S00864,R050,2023-03-13,2023-03-22,Done
A002024,S00864,R023,2023-03-20,2023-04-29,complete
A002025,S00865,R006,2024-04-04,09/05/2024,Done
A002026,S00865,R011,2024-03-30,2024-04-25,Completed
A002027,S00865,R005,2024-03-28,2024-04-20,Completed
A002028,S00866,R006,01/02/2024,2024-02-12,Done
A002029,S00866,R045,2024-01-29,2024-02-13,complete
A002030,S00866,R005,2024-01-31,2024-03-06,Done
A002031,S00867,R043,2024-01-14,2024-01-29,Completed
A002032,S00867,R039,2024-01-19,2024-01-24,Completed
A002033,S00868,R023,17/09/2024,2024-10-26,Completed
A002034,S00868,R005,2024-09-23,2024-11-07,Done
A002035,S00869,R044,2023-07-16,2023-07-26,complete
A002036,S00869,R006,2023-07-21,2023-08-18,Completed
A002037,S00870,R010,22/09/2023,19/10/2023,Completed
A002038,S00870,R023,2023-09-26,2023-10-13,complete
A002039,S00871,R043,2023-02-15,2023-03-06,Completed
A002040,S00871,R045,2023-02-17,2023-03-11,complete
A002041,S00872,R044,2023-12-24,2024-01-05,Done
A002042,S00872,R043,2023-12-26,2024-01-05,complete
A002043,S00873,R011,2024-02-14,2024-04-06,Completed
A002044,S00873,R010,2024-02-14,2024-02-26,Completed
A002045,S00874,R039,16/01/2024,2024-03-01,Completed
A002046,S00874,R005,2024-01-21,2024-02-25,complete
A002047,S00874,R006,2024-01-17,20/02/2024,Completed
A002048,S00875,R011,2024-03-27,2024-04-15,Done
A002049,S00875,R044,2024-03-31,28/04/2024,complete
A002050,S00876,R050,2023-02-21,2023-04-01,Done
A002051,S00876,R023,2023-02-21,01/03/2023,complete
A002052,S00877,R006,2023-03-28,23/05/2023,Done
A002053,S00877,R023,2023-04-02,2023-05-20,Completed
A002054,S00878,R006,2024-09-02,2024-10-01,complete
A002055,S00878,R050,2024-09-03,14/09/2024,Completed
A002056,S00879,R006,2023-10-19,2023-12-20,Completed
A002057,S00879,R039,2023-10-12,2023-12-13,Completed
A002058,S00880,R043,2023-03-26,2023-05-07,Completed
A002059,S00880,R045,2023-03-25,10/05/2023,Completed
A002060,S00880,R006,2023-03-19,2023-04-02,Completed
A002061,S00881,R010,2023-03-07,06/04/2023,Done
A002062,S00881,R006,2023-03-11,22/04/2023,Completed
A002063,S00882,R010,2023-10-05,2023-10-22,complete
A002064,S00882,R005,2023-10-10,2023-11-13,Done
A002065,S00882,R043,2023-10-09,2023-10-15,Completed
A002066,S00883,R050,2024-09-13,27/09/2024,Done
A002067,S00883,R045,2024-09-16,2024-10-01,Completed
A002068,S00884,R044,2024-02-11,2024-03-08,Done
A002069,S00884,R023,2024-02-16,24/03/2024,Completed
A002070,S00884,R006,2024-02-15,29/02/2024,Done
A002071,S00885,R045,2024-09-11,2024-09-20,Done
A002072,S00885,R039,16/09/2024,2024-10-25,Done
A002073,S00886,R050,2023-11-24,2023-12-11,complete
A002074,S00886,R045,2023-11-22,2023-12-20,Done
A002075,S00887,R006,2023-08-02,2023-08-13,Completed
A002076,S00887,R039,27/07/2023,2023-08-08,Completed
A002077,S00887,R044,2023-07-28,2023-08-14,complete
A002078,S00888,R005,20/07/2023,2023-08-29,Done
A002079,S00888,R006,2023-07-19,2023-09-07,Completed
A002080,S00888,R044,2023-07-16,2023-08-01,Done
A002081,S00889,R044,2024-07-16,,pending
A002082,S00889,R045,2024-07-11,2024-07-18,Done
A002083,S00890,R044,2024-09-12,2024-10-13,Completed
A002084,S00890,R050,2024-09-15,2024-10-25,Completed
A002085,S00891,R010,2023-01-07,2023-01-17,Done
A002086,S00891,R039,2023-01-09,2023-01-22,Done
A002087,S00891,R050,2023-01-14,21/01/2023,Completed
A002088,S00892,R023,2024-09-16,2024-10-31,Completed
A002089,S00892,R006,2024-09-14,,In Progress
A002090,S00893,R039,2024-05-13,2024-07-10,Completed
A002091,S00893,R043,2024-05-15,2024-06-03,complete
A002092,S00894,R006,2023-01-27,2023-03-11,complete
A002093,S00894,R005,23/01/2023,2023-02-23,complete
A002094,S00895,R050,2023-12-15,2024-01-03,complete
A002095,S00895,R005,2023-12-17,2024-01-17,complete
A002096,S00896,R006,2024-05-14,2024-06-10,Completed
A002097,S00896,R039,2024-05-07,2024-05-15,complete
A002098,S00897,R050,2023-12-21,2024-01-02,complete
A002099,S00897,R005,2023-12-19,2024-02-05,Completed
A002100,S00898,R011,2024-01-18,2024-02-23,complete
A002101,S00898,R006,2024-01-18,2024-02-27,Completed
A002102,S00899,R050,2024-08-08,2024-09-02,Completed
A002103,S00899,R006,2024-08-08,2024-09-16,Done
A002104,S00900,R010,2024-06-25,2024-07-11,Completed
A002105,S00900,R039,2024-06-24,2024-06-29,Done
A002106,S00901,R043,2024-01-27,2024-02-09,complete
A002107,S00901,R039,2024-01-29,2024-02-15,Completed
A002108,S00902,R044,2023-09-14,2023-10-17,Completed
A002109,S00902,R006,2023-09-07,2023-09-18,Done
A002110,S00902,R050,2023-09-09,2023-09-18,Completed
A002111,S00903,R044,2023-12-21,2024-02-19,Done
A002112,S00903,R023,2023-12-23,2024-01-13,Done
A002113,S00904,R043,13/01/2024,2024-02-17,Done
A002114,S00904,R006,2024-01-05,2024-02-18,Done
A002115,S00904,R005,2024-01-07,2024-01-25,complete
A002116,S00905,R039,2024-05-12,2024-06-08,complete
A002117,S00905,R010,2024-05-12,2024-05-26,Completed
A002118,S00905,R006,2024-05-12,2024-06-02,complete
A002119,S00906,R050,2023-05-30,2023-06-24,Done
A002120,S00906,R010,2023-05-31,2023-06-26,Completed
A002121,S00907,R039,2024-07-26,2024-08-14,complete
A002122,S00907,R023,2024-07-24,2024-08-16,complete
A002123,S00907,R044,2024-07-31,2024-08-13,Completed
A002124,S00908,R039,2023-09-10,12/10/2023,Done
A002125,S00908,R006,10/09/2023,2023-09-23,complete
A002126,S00909,R023,2024-04-15,2024-05-04,Completed
A002127,S00909,R011,2024-04-11,2024-05-03,Done
A002128,S00910,R011,2023-07-07,2023-07-25,Completed
A002129,S00910,R010,2023-07-13,19/08/2023,Completed
A002130,S00910,R045,2023-07-08,2023-07-26,Completed
A002131,S00911,R005,2024-03-29,2024-04-21,complete
A002132,S00911,R045,2024-04-03,2024-05-04,Done
A002133,S00912,R044,2023-03-28,2023-04-12,Completed
A002134,S00912,R045,2023-03-29,2023-04-13,Done
A002135,S00913,R011,2023-09-08,2023-10-03,complete
A002136,S00913,R005,2023-09-09,2023-10-20,Done
A002137,S00914,R039,2023-09-17,2023-10-05,Done
A002138,S00914,R010,23/09/2023,2023-11-17,complete
A002139,S00915,R006,2023-02-23,12/03/2023,Done
A002140,S00915,R010,15/02/2023,2023-02-24,Completed
A002141,S00916,R039,23/02/2023,2023-03-28,Done
A002142,S00916,R005,2023-02-26,05/03/2023,Completed
A002143,S00917,R006,2023-02-27,2023-04-27,Done
A002144,S00917,R050,2023-03-02,26/03/2023,complete
A002145,S00918,R010,03/04/2024,2024-05-06,Completed
A002146,S00918,R005,03/04/2024,2024-05-09,complete
A002147,S00918,R006,2024-04-06,2024-04-20,Completed
A002148,S00919,R044,2024-02-25,2024-04-03,complete
A002149,S00919,R045,21/02/2024,2024-04-16,Completed
A002150,S00920,R006,2023-01-21,2023-02-14,Done
A002151,S00920,R050,2023-01-26,07/02/2023,complete
A002152,S00920,R010,2023-01-24,2023-02-26,Completed
A002153,S00921,R050,2023-02-07,2023-02-21,Done
A002154,S00921,R039,2023-02-11,2023-02-22,Completed
A002155,S00921,R010,08/02/2023,2023-04-07,complete
A002156,S00922,R044,2024-03-30,28/04/2024,Completed
A002157,S00922,R045,2024-03-29,2024-04-29,Completed
A002158,S00923,R045,2023-04-09,2023-05-24,Done
A002159,S00923,R011,2023-04-03,2023-05-06,complete
A002160,S00923,R050,2023-04-07,2023-05-17,Done
A002161,S00924,R023,2024-03-19,28/03/2024,Done
A002162,S00924,R044,2024-03-14,2024-04-13,Completed
A002163,S00925,R045,10/05/2023,2023-06-19,Completed
A002164,S00925,R039,09/05/2023,2023-06-20,Completed
A002165,S00926,R045,2023-11-03,2023-12-17,complete
A002166,S00926,R005,2023-10-29,,Pending
A002167,S00926,R006,2023-11-01,2023-11-23,Done
A002168,S00927,R045,2024-07-13,11/08/2024,complete
A002169,S00927,R005,2024-07-06,,In Progress
A002170,S00928,R010,10/06/2024,2024-06-23,Done
A002171,S00928,R039,2024-06-03,25/07/2024,complete
A002172,S00929,R043,2023-06-04,11/06/2023,Done
A002173,S00929,R050,2023-06-05,2023-07-04,Completed
A002174,S00929,R045,2023-06-02,2023-06-07,complete
A002175,S00930,R043,2024-01-17,2024-02-06,complete
A002176,S00930,R011,2024-01-16,2024-02-08,Done
A002177,S00931,R043,2024-08-15,2024-09-01,Completed
A002178,S00931,R044,2024-08-22,2024-09-25,Completed
A002179,S00931,R039,2024-08-16,2024-10-02,Completed
A002180,S00932,R045,2024-01-28,2024-02-02,Completed
A002181,S00932,R005,2024-01-28,2024-02-12,Done
A002182,S00932,R044,23/01/2024,2024-02-23,complete
A002183,S00933,R045,2023-09-14,2023-10-09,Done
A002184,S00933,R006,2023-09-17,2023-10-05,Completed
A002185,S00934,R010,2023-05-05,,In Progress
A002186,S00934,R044,2023-05-04,2023-06-14,Done
A002187,S00935,R043,2024-08-22,2024-09-13,Done
A002188,S00935,R005,2024-08-19,2024-08-29,Completed
A002189,S00936,R045,2024-02-12,2024-03-06,Completed
A002190,S00936,R043,2024-02-10,2024-02-21,Done
A002191,S00937,R045,2023-01-23,2023-02-13,complete
A002192,S00937,R050,2023-01-19,02/02/2023,Done
A002193,S00938,R010,2023-03-25,2023-05-01,Done
A002194,S00938,R043,2023-03-26,2023-05-03,Done
A002195,S00938,R045,2023-03-24,2023-05-05,Done
A002196,S00939,R044,2023-02-23,2023-03-02,Completed
A002197,S00939,R045,2023-02-22,2023-03-15,Done
A002198,S00939,R023,2023-02-22,2023-03-16,Done
A002199,S00940,R045,2023-10-23,2024-01-03,Completed
A002200,S00940,R010,2023-10-27,2023-12-16,complete
A002201,S00940,R005,2023-10-27,2023-12-13,Done
A002202,S00941,R043,2023-02-03,2023-02-12,complete
A002203,S00941,R044,2023-02-09,14/04/2023,Completed
A002204,S00942,R045,2024-05-20,13/06/2024,complete
A002205,S00942,R039,2024-05-15,2024-06-20,Completed
A002206,S00943,R045,2024-06-13,2024-06-18,Done
A002207,S00943,R043,2024-06-12,2024-07-05,complete
A002208,S00943,R006,2024-06-11,2024-07-06,Completed
A002209,S00944,R043,2024-05-28,2024-07-03,complete
A002210,S00944,R039,2024-05-30,2024-06-30,Completed
A002211,S00944,R044,2024-05-31,2024-07-09,Done
A002212,S00945,R039,2023-01-06,2023-01-16,complete
A002213,S00945,R044,2023-01-08,2023-03-07,Done
A002214,S00945,R050,2023-01-05,17/02/2023,Completed
A002215,S00946,R010,2024-04-09,2024-04-21,Completed
A002216,S00946,R006,2024-04-08,2024-05-14,complete
A002217,S00946,R050,2024-04-13,2024-04-22,complete
A002218,S00947,R039,2023-10-22,2023-11-23,complete
A002219,S00947,R023,2023-10-18,2023-11-25,complete
A002220,S00948,R044,2023-10-22,2023-11-02,Done
A002221,S00948,R006,2023-10-21,2023-11-14,Completed
A002222,S00948,R010,2023-10-28,2023-11-13,Completed
A002223,S00949,R010,2023-05-13,2023-06-25,complete
A002224,S00949,R039,2023-05-17,2023-05-27,Completed
A002225,S00950,R039,2024-05-15,2024-06-06,Completed
A002226,S00950,R005,2024-05-20,06/06/2024,complete
A002227,S00950,R045,2024-05-12,2024-05-26,complete
A002228,S00951,R006,2023-08-23,2023-09-19,Done
A002229,S00951,R045,28/08/2023,,Pending
A002230,S00952,R023,02/08/2023,2023-08-30,complete
A002231,S00952,R044,2023-07-30,2023-09-02,Completed
A002232,S00953,R005,2023-04-02,2023-04-13,Done
A002233,S00953,R011,2023-04-08,2023-05-05,complete
A002234,S00954,R005,2024-04-17,2024-06-08,Done
A002235,S00954,R044,2024-04-21,2024-06-18,complete
A002236,S00954,R006,2024-04-22,2024-05-08,Completed
A002237,S00955,R050,2023-08-21,2023-09-29,Done
A002238,S00955,R011,2023-08-20,27/08/2023,complete
A002239,S00956,R010,2024-09-15,2024-11-07,Completed
A002240,S00956,R039,2024-09-11,14/11/2024,Completed
A002241,S00957,R045,2024-02-03,2024-04-09,complete
A002242,S00957,R050,2024-01-31,2024-02-25,Done
A002243,S00958,R050,2024-02-12,2024-03-03,Completed
A002244,S00958,R006,2024-02-09,17/02/2024,Done
A002245,S00959,R011,2023-04-09,2023-05-03,complete
A002246,S00959,R005,2023-04-11,26/05/2023,Done
A002247,S00959,R039,2023-04-13,2023-06-01,Completed
A002248,S00960,R011,2024-02-18,2024-03-05,complete
A002249,S00960,R006,2024-02-20,2024-04-05,Completed
A002250,S00960,R043,2024-02-18,2024-03-01,Completed
A002251,S00961,R043,2024-09-28,2024-11-24,Done
A002252,S00961,R044,2024-10-04,2024-11-03,complete
A002253,S00961,R039,2024-10-04,2024-11-28,Completed
A002254,S00962,R010,2024-07-22,2024-08-12,Completed
A002255,S00962,R011,2024-07-23,2024-08-20,complete
A002256,S00963,R011,2024-04-12,2024-06-04,complete
A002257,S00963,R005,2024-04-11,2024-05-19,complete
A002258,S00964,R011,2023-12-05,19/12/2023,Completed
A002259,S00964,R039,2023-12-02,11/12/2023,Done
A002260,S00964,R045,2023-12-04,2024-01-15,complete
A002261,S00965,R050,2023-12-13,2023-12-29,Done
A002262,S00965,R005,2023-12-08,,pending
A002263,S00966,R023,2023-06-08,2023-07-23,Completed
A002264,S00966,R010,2023-06-09,2023-07-26,complete
A002265,S00966,R043,2023-06-05,2023-06-20,Completed
A002266,S00967,R011,10/09/2023,2023-09-27,Completed
A002267,S00967,R005,2023-09-07,13/10/2023,complete
A002268,S00968,R039,2024-06-16,2024-07-09,complete
A002269,S00968,R044,2024-06-10,2024-06-18,Completed
A002270,S00969,R010,05/05/2024,30/05/2024,Completed
A002271,S00969,R044,2024-05-09,2024-05-15,Done
A002272,S00970,R023,2023-09-20,21/10/2023,complete
A002273,S00970,R006,2023-09-13,,In Progress
A002274,S00971,R005,2023-12-04,2023-12-14,Completed
A002275,S00971,R044,2023-11-28,2024-01-26,Completed
A002276,S00972,R044,2023-11-30,2024-01-04,Done
A002277,S00972,R050,2023-12-03,2024-01-22,complete
A002278,S00973,R009,2023-10-03,2023-10-08,Done
A002279,S00973,R001,2023-10-04,2023-10-28,Done
A002280,S00973,R022,04/10/2023,2023-10-15,Completed
A002281,S00974,R032,22/06/2023,2023-07-10,Done
A002282,S00974,R029,2023-06-19,2023-07-05,complete
A002283,S00975,R029,2024-01-30,2024-02-05,complete
A002284,S00975,R032,2024-01-30,2024-02-07,Completed
A002285,S00975,R042,01/02/2024,2024-02-08,Completed
A002286,S00976,R034,2023-06-22,2023-08-29,Completed
A002287,S00976,R012,2023-06-28,2023-08-06,Completed
A002288,S00977,R009,2023-11-13,2023-12-03,complete
A002289,S00977,R012,2023-11-17,2023-12-06,complete
A002290,S00977,R032,2023-11-19,2024-01-09,complete
A002291,S00978,R029,2023-03-17,2023-04-18,complete
A002292,S00978,R032,2023-03-23,2023-04-08,complete
A002293,S00979,R022,28/07/2024,2024-08-17,complete
A002294,S00979,R009,2024-08-03,,In Progress
A002295,S00979,R032,2024-08-01,2024-08-24,Completed
A002296,S00980,R032,2024-02-18,2024-02-26,Completed
A002297,S00980,R042,18/02/2024,2024-03-01,Completed
A002298,S00981,R001,2024-06-05,,pending
A002299,S00981,R012,2024-06-03,21/06/2024,Done
A002300,S00982,R022,2024-08-16,2024-09-27,Done
A002301,S00982,R001,2024-08-17,2024-09-05,complete
A002302,S00983,R012,2023-11-02,2023-12-03,complete
A002303,S00983,R022,2023-11-05,2023-11-21,Completed
A002304,S00984,R029,2023-07-20,2023-08-04,Done
A002305,S00984,R032,14/07/2023,24/08/2023,Done
A002306,S00985,R001,2024-01-30,2024-03-14,Completed
A002307,S00985,R029,2024-01-29,2024-02-19,Completed
A002308,S00985,R009,2024-02-02,2024-03-15,complete
A002309,S00986,R009,2023-06-03,2023-06-21,complete
A002310,S00986,R012,06/06/2023,2023-06-15,complete
A002311,S00987,R001,2023-10-13,2023-11-03,Done
A002312,S00987,R032,13/10/2023,2023-10-21,Done
A002313,S00988,R012,31/10/2023,08/11/2023,Done
A002314,S00988,R042,2023-10-29,2023-11-17,complete
A002315,S00988,R029,2023-10-29,2023-11-15,Done
A002316,S00989,R042,2023-05-28,2023-07-07,Done
A002317,S00989,R012,2023-05-30,2023-06-28,complete
A002318,S00990,R042,2023-11-05,2023-12-15,Done
A002319,S00990,R022,2023-11-05,21/11/2023,Done
A002320,S00991,R034,2023-02-27,2023-03-10,complete
A002321,S00991,R042,02/03/2023,2023-04-19,complete
A002322,S00992,R032,2023-04-28,2023-06-02,Done
A002323,S00992,R001,2023-04-21,2023-05-27,Completed
A002324,S00993,R012,2023-12-10,2023-12-24,complete
A002325,S00993,R032,2023-12-12,2023-12-25,complete
A002326,S00993,R009,2023-12-12,2023-12-17,Done
A002327,S00994,R012,2023-04-02,2023-04-14,Completed
A002328,S00994,R029,2023-04-02,2023-04-18,complete
A002329,S00995,R001,2024-02-12,2024-03-28,Completed
A002330,S00995,R029,15/02/2024,2024-04-01,Done
A002331,S00996,R029,2023-01-19,27/01/2023,Done
A002332,S00996,R034,2023-01-14,2023-03-05,Completed
A002333,S00997,R034,2024-10-05,2024-10-12,complete
A002334,S00997,R029,2024-09-30,2024-10-27,complete
A002335,S00998,R001,2024-03-25,2024-04-22,Completed
A002336,S00998,R022,2024-03-26,2024-03-31,complete
A002337,S00999,R022,2023-02-07,2023-02-22,Completed
A002338,S00999,R009,2023-02-10,2023-02-23,Completed
A002339,S00999,R042,2023-02-12,2023-02-28,Done
A002340,S01000,R042,2024-06-25,2024-08-15,Completed
A002341,S01000,R012,2024-06-29,2024-08-27,Completed
A002342,S01001,R029,2023-02-08,2023-02-24,Completed
A002343,S01001,R009,2023-02-05,22/02/2023,Done
A002344,S01001,R032,2023-02-09,2023-02-17,Done
A002345,S01002,R009,2023-11-26,2023-12-20,Completed
A002346,S01002,R042,2023-12-03,2023-12-17,Completed
A002347,S01002,R022,2023-11-26,2023-12-16,complete
A002348,S01003,R009,20/03/2024,2024-04-10,Done
A002349,S01003,R022,2024-03-14,2024-05-10,Completed
A002350,S01003,R012,2024-03-15,2024-04-16,Done
A002351,S01004,R032,2024-08-16,2024-09-26,complete
A002352,S01004,R042,2024-08-18,2024-09-16,Done
A002353,S01005,R009,2024-02-27,2024-03-22,Completed
A002354,S01005,R032,21/02/2024,2024-03-08,Done
A002355,S01006,R042,2023-10-21,29/11/2023,complete
A002356,S01006,R029,19/10/2023,2023-12-17,Done
A002357,S01006,R022,2023-10-24,2023-11-07,Completed
A002358,S01007,R022,2023-08-23,2023-09-14,complete
A002359,S01007,R042,2023-08-29,2023-09-17,Done
A002360,S01008,R001,2023-05-18,2023-07-07,complete
A002361,S01008,R034,17/05/2023,2023-06-25,Completed
A002362,S01009,R034,2023-09-17,2023-11-15,Completed
A002363,S01009,R022,2023-09-24,2023-11-10,Done
A002364,S01010,R032,2023-02-16,2023-02-28,complete
A002365,S01010,R042,2023-02-14,2023-03-13,Completed
A002366,S01011,R032,2024-07-31,2024-08-20,Completed
A002367,S01011,R042,2024-07-26,2024-08-16,complete
A002368,S01012,R029,2024-06-30,2024-08-04,Completed
A002369,S01012,R034,2024-07-01,2024-07-30,Completed
A002370,S01012,R009,2024-07-03,2024-07-16,complete
A002371,S01013,R042,2023-12-08,2023-12-20,complete
A002372,S01013,R022,2023-12-07,16/12/2023,Done
A002373,S01014,R022,10/03/2024,2024-04-10,Completed
A002374,S01014,R029,2024-03-08,17/03/2024,Completed
A002375,S01014,R001,2024-03-02,2024-05-01,Completed
A002376,S01015,R034,20/02/2024,2024-03-12,Done
A002377,S01015,R029,2024-02-24,2024-03-25,Done
A002378,S01015,R042,2024-02-21,2024-03-15,Completed
A002379,S01016,R029,2024-08-22,19/09/2024,Completed
A002380,S01016,R012,19/08/2024,2024-09-23,Completed
A002381,S01017,R034,2024-01-24,12/03/2024,complete
A002382,S01017,R022,2024-01-25,2024-01-30,complete
A002383,S01017,R042,2024-01-26,2024-02-12,Completed
A002384,S01018,R001,2024-02-06,25/02/2024,Completed
A002385,S01018,R042,11/02/2024,,Pending
A002386,S01019,R001,2023-09-22,2023-10-05,Done
A002387,S01019,R022,2023-09-24,2023-10-03,Done
A002388,S01019,R032,2023-09-30,2023-10-13,complete
A002389,S01020,R029,2024-03-29,2024-05-12,Completed
A002390,S01020,R034,2024-03-21,2024-04-16,complete
A002391,S01020,R022,2024-03-21,2024-03-28,Done
A002392,S01021,R032,2023-04-24,07/05/2023,Done
A002393,S01021,R001,2023-04-24,2023-06-08,Completed
A002394,S01022,R034,2024-01-21,2024-02-21,Done
A002395,S01022,R012,26/01/2024,2024-02-16,Completed
A002396,S01022,R001,2024-01-29,2024-02-11,Completed
A002397,S01023,R029,2024-05-16,2024-06-19,Completed
A002398,S01023,R009,2024-05-18,28/05/2024,Completed
A002399,S01023,R034,2024-05-18,2024-06-07,Done
A002400,S01024,R012,2023-03-06,2023-03-28,Completed
A002401,S01024,R034,2023-03-03,2023-03-16,Completed
A002402,S01025,R032,2023-10-16,2023-12-01,Completed
A002403,S01025,R042,2023-10-18,2023-11-05,complete
A002404,S01026,R034,2023-01-07,2023-01-23,complete
A002405,S01026,R032,2023-01-10,2023-02-06,Done
A002406,S01026,R042,2023-01-12,01/02/2023,Done
A002407,S01027,R001,2024-06-05,2024-06-28,complete
A002408,S01027,R042,2024-06-09,2024-06-26,complete
A002409,S01028,R012,2023-03-14,2023-04-02,Completed
A002410,S01028,R042,2023-03-15,2023-04-03,Completed
A002411,S01028,R034,2023-03-11,16/03/2023,complete
A002412,S01029,R034,2024-09-21,2024-10-11,Completed
A002413,S01029,R022,2024-09-25,2024-10-11,Done
A002414,S01030,R032,2024-09-30,2024-11-06,complete
A002415,S01030,R001,27/09/2024,2024-11-26,Completed
A002416,S01031,R012,2024-04-09,2024-06-01,Completed
A002417,S01031,R034,2024-04-08,2024-05-18,complete
A002418,S01032,R012,25/08/2024,2024-09-05,Done
A002419,S01032,R029,2024-08-26,2024-09-16,Completed
A002420,S01033,R034,12/11/2023,2023-11-28,Completed
A002421,S01033,R012,2023-11-15,2023-11-24,Completed
A002422,S01034,R029,2024-09-07,2024-10-09,complete
A002423,S01034,R009,2024-09-11,2024-09-24,Completed
A002424,S01034,R034,04/09/2024,2024-10-16,Completed
A002425,S01035,R029,2023-08-04,2023-08-25,complete
A002426,S01035,R034,2023-08-09,31/08/2023,Completed
A002427,S01035,R042,2023-08-07,2023-08-28,Done
A002428,S01036,R034,2023-09-12,2023-09-18,Completed
A002429,S01036,R029,11/09/2023,2023-09-21,Done
A002430,S01037,R032,2023-06-13,2023-07-03,Completed
A002431,S01037,R009,2023-06-14,2023-06-30,complete
A002432,S01038,R034,2023-07-18,2023-08-05,Completed
A002433,S01038,R029,17/07/2023,2023-08-05,Done
A002434,S01039,R042,2023-01-09,2023-02-10,complete
A002435,S01039,R009,2023-01-13,2023-01-22,complete
A002436,S01040,R034,2023-03-19,2023-04-07,Done
A002437,S01040,R009,2023-03-19,2023-03-26,complete
A002438,S01041,R012,2023-01-10,2023-02-19,complete
A002439,S01041,R009,2023-01-04,2023-02-16,complete
A002440,S01041,R042,2023-01-08,2023-01-13,Done
A002441,S01042,R012,2023-01-19,2023-01-24,Completed
A002442,S01042,R042,2023-01-18,2023-02-06,complete
A002443,S01043,R029,2024-04-04,2024-05-05,Completed
A002444,S01043,R001,2024-04-06,2024-04-26,Completed
A002445,S01044,R034,2024-03-22,2024-04-16,Done
A002446,S01044,R022,2024-03-22,2024-04-02,Done
A002447,S01044,R012,2024-03-23,2024-04-02,Done
A002448,S01045,R032,2023-07-18,2023-07-31,Done
A002449,S01045,R001,2023-07-16,2023-07-29,Done
A002450,S01045,R009,2023-07-19,2023-08-19,complete
A002451,S01046,R042,2024-01-30,2024-02-11,Done
A002452,S01046,R022,2024-01-26,2024-02-05,complete
A002453,S01046,R034,25/01/2024,2024-02-23,complete
A002454,S01047,R012,2023-01-30,2023-03-24,complete
A002455,S01047,R009,2023-02-02,2023-02-25,complete
A002456,S01047,R032,2023-01-28,2023-04-01,complete
A002457,S01048,R034,2023-08-01,2023-08-19,complete
A002458,S01048,R029,2023-08-05,2023-08-23,Completed
A002459,S01049,R009,2023-10-07,2023-11-15,Completed
A002460,S01049,R034,2023-10-11,2023-11-06,Done
A002461,S01050,R001,2023-08-28,2023-09-07,complete
A002462,S01050,R034,2023-08-22,2023-09-23,complete
A002463,S01051,R009,2024-03-07,2024-03-27,complete
A002464,S01051,R042,2024-03-08,2024-03-26,Completed
A002465,S01052,R042,20/07/2024,2024-08-06,Done
A002466,S01052,R029,2024-07-18,2024-07-30,Done
A002467,S01052,R032,2024-07-25,2024-08-02,Done
A002468,S01053,R022,2023-03-21,16/04/2023,complete
A002469,S01053,R029,2023-03-24,2023-04-23,complete
A002470,S01054,R009,17/03/2024,2024-03-22,Done
A002471,S01054,R032,2024-03-15,2024-03-22,complete
A002472,S01055,R009,20/11/2023,2023-12-09,complete
A002473,S01055,R001,2023-11-18,2023-12-22,complete
A002474,S01056,R034,2023-04-24,05/06/2023,Done
A002475,S01056,R042,23/04/2023,18/06/2023,complete
A002476,S01057,R032,2024-05-31,2024-07-22,Done
A002477,S01057,R034,2024-05-31,27/06/2024,Done
A002478,S01058,R022,2023-08-05,2023-09-02,Done
A002479,S01058,R001,30/07/2023,2023-09-22,Done
A002480,S01059,R012,2023-08-08,2023-08-25,complete
A002481,S01059,R034,2023-08-12,2023-08-23,complete
A002482,S01060,R029,2023-12-30,2024-01-23,Done
A002483,S01060,R012,2023-12-30,12/01/2024,complete
A002484,S01060,R034,2024-01-01,2024-01-26,complete
A002485,S01061,R034,2024-07-16,2024-08-10,complete
A002486,S01061,R012,2024-07-15,2024-07-28,Completed
A002487,S01061,R022,2024-07-09,2024-08-04,complete
A002488,S01062,R001,03/12/2023,11/12/2023,complete
A002489,S01062,R042,2023-11-28,2023-12-28,complete
A002490,S01063,R009,07/07/2023,22/07/2023,complete
A002491,S01063,R022,2023-07-05,2023-07-26,Done
A002492,S01063,R042,2023-07-08,,pending
A002493,S01064,R029,2024-03-28,2024-05-02,Completed
A002494,S01064,R001,2024-03-25,2024-04-02,complete
A002495,S01065,R032,2023-11-14,2023-11-27,Done
A002496,S01065,R042,2023-11-13,,In Progress
A002497,S01066,R009,2023-03-20,2023-04-18,complete
A002498,S01066,R001,21/03/2023,03/04/2023,Completed
A002499,S01066,R022,2023-03-20,2023-04-07,complete
A002500,S01067,R022,2023-08-08,14/09/2023,Completed
A002501,S01067,R009,2023-08-11,2023-08-18,complete
A002502,S01068,R042,2023-01-30,2023-03-23,Completed
A002503,S01068,R001,2023-01-31,2023-03-29,Completed
A002504,S01068,R029,2023-02-02,18/02/2023,Completed
A002505,S01069,R001,2023-01-14,2023-01-25,complete
A002506,S01069,R042,2023-01-15,2023-01-29,complete
A002507,S01070,R012,2024-02-17,2024-03-20,Done
A002508,S01070,R009,2024-02-13,2024-02-28,Completed
A002509,S01070,R029,2024-02-16,2024-03-04,Done
A002510,S01071,R034,2023-05-23,19/06/2023,Done
A002511,S01071,R032,2023-05-23,2023-06-27,Done
A002512,S01072,R009,2023-04-30,2023-05-22,complete
A002513,S01072,R001,2023-04-30,2023-05-16,Done
A002514,S01073,R009,2024-02-06,2024-02-11,Completed
A002515,S01073,R029,2024-02-09,2024-02-29,Completed
A002516,S01074,R001,07/06/2024,2024-06-12,Done
A002517,S01074,R012,2024-06-06,20/07/2024,Completed
A002518,S01074,R009,2024-06-14,2024-07-06,Done
A002519,S01075,R042,2023-04-08,2023-04-14,complete
A002520,S01075,R012,04/04/2023,2023-04-10,Completed
A002521,S01076,R001,2023-10-16,2023-11-04,complete
A002522,S01076,R012,2023-10-11,2023-11-30,Completed
A002523,S01076,R034,2023-10-12,2023-11-07,Done
A002524,S01077,R042,2023-11-06,2024-01-03,Completed
A002525,S01077,R022,2023-11-10,2023-11-15,Completed
A002526,S01078,R032,2023-04-28,2023-06-01,complete
A002527,S01078,R029,2023-04-26,2023-07-06,Done
A002528,S01079,R032,16/09/2023,2023-10-09,Done
A002529,S01079,R009,12/09/2023,,Pending
A002530,S01080,R009,2023-02-11,2023-03-18,Completed
A002531,S01080,R012,2023-02-11,2023-03-12,Done
A002532,S01081,R034,2023-12-07,2023-12-12,Done
A002533,S01081,R032,2023-12-12,2024-01-12,Done
A002534,S01082,R032,2023-02-21,2023-03-11,Completed
A002535,S01082,R009,2023-02-20,2023-03-02,complete
A002536,S01083,R032,2023-07-13,20/07/2023,complete
A002537,S01083,R012,14/07/2023,2023-07-25,Completed
A002538,S01084,R012,29/07/2023,2023-08-22,complete
A002539,S01084,R034,2023-08-03,2023-08-10,Completed
A002540,S01085,R012,2023-08-15,2023-08-22,Completed
A002541,S01085,R034,2023-08-16,,In Progress
A002542,S01085,R032,2023-08-14,2023-09-22,Done
A002543,S01086,R032,2024-08-26,02/09/2024,complete
A002544,S01086,R034,2024-08-31,2024-09-28,Completed
A002545,S01087,R032,2024-10-03,2024-10-15,Done
A002546,S01087,R034,2024-10-05,2024-10-16,Done
A002547,S01088,R042,2024-09-24,2024-11-14,complete
A002548,S01088,R022,2024-10-01,2024-11-04,Completed
A002549,S01089,R009,2024-01-03,2024-01-08,complete
A002550,S01089,R032,2024-01-01,2024-01-15,Done
A002551,S01089,R034,2024-01-06,2024-01-22,Completed
A002552,S01090,R032,2023-02-02,2023-02-26,Done
A002553,S01090,R001,2023-02-02,2023-03-15,Completed
A002554,S01091,R012,2023-10-06,,In Progress
A002555,S01091,R029,2023-10-04,2023-10-14,complete
A002556,S01091,R034,2023-10-04,2023-11-15,Done
A002557,S01092,R032,2024-10-09,2024-10-22,Completed
A002558,S01092,R009,2024-10-07,2024-10-18,Done
A002559,S01092,R042,2024-10-02,2024-10-08,Completed
A002560,S01093,R009,2023-11-07,2023-12-17,complete
A002561,S01093,R042,2023-11-04,2023-11-24,Done
A002562,S01094,R029,2024-03-06,12/03/2024,Completed
A002563,S01094,R001,2024-03-03,2024-03-22,Done
A002564,S01095,R032,2024-03-24,2024-04-04,complete
A002565,S01095,R022,2024-03-17,,pending
A002566,S01096,R032,2023-08-19,2023-09-28,Done
A002567,S01096,R029,2023-08-20,2023-08-26,Done
A002568,S01097,R022,2024-04-04,2024-05-01,Completed
A002569,S01097,R009,2024-04-01,26/04/2024,Done
A002570,S01098,R001,2023-04-23,2023-05-03,Completed
A002571,S01098,R032,2023-04-16,2023-04-29,Done
A002572,S01098,R009,17/04/2023,03/06/2023,Completed
A002573,S01099,R009,2023-05-07,2023-06-25,complete
A002574,S01099,R032,2023-05-07,21/05/2023,Completed
A002575,S01099,R001,2023-05-09,2023-05-17,complete
A002576,S01100,R012,10/06/2024,2024-07-10,Completed
A002577,S01100,R001,08/06/2024,2024-07-11,complete
A002578,S01101,R034,2023-02-05,2023-02-10,Completed
A002579,S01101,R022,2023-02-11,2023-02-23,Done
A002580,S01101,R009,2023-02-09,,pending
A002581,S01102,R029,2023-02-28,2023-03-12,complete
A002582,S01102,R022,2023-03-05,,Pending
A002583,S01102,R042,2023-02-26,2023-03-27,Completed
A002584,S01103,R009,2024-06-15,01/07/2024,complete
A002585,S01103,R032,2024-06-13,22/06/2024,Done
A002586,S01104,R022,2024-05-25,2024-06-25,Completed
A002587,S01104,R012,2024-05-23,2024-06-25,complete
A002588,S01105,R042,01/06/2023,2023-07-13,Done
A002589,S01105,R029,2023-06-02,2023-06-17,complete
A002590,S01105,R001,2023-06-03,2023-06-27,Done
A002591,S01106,R034,2023-07-07,2023-07-14,complete
A002592,S01106,R032,08/07/2023,24/07/2023,Done
A002593,S01106,R009,2023-07-04,2023-08-21,Completed
A002594,S01107,R022,2023-10-28,2023-11-14,complete
A002595,S01107,R012,2023-10-21,2023-11-08,complete
A002596,S01108,R029,2024-05-02,2024-06-12,Done
A002597,S01108,R032,2024-04-30,2024-05-29,complete
A002598,S01108,R009,2024-05-05,2024-05-13,complete
A002599,S01109,R012,2023-05-28,2023-06-18,Completed
A002600,S01109,R001,2023-05-26,2023-07-08,complete
A002601,S01109,R032,2023-05-31,2023-06-14,Done
A002602,S01110,R001,2024-04-10,2024-05-04,complete
A002603,S01110,R009,2024-04-15,2024-05-21,Done
A002604,S01111,R034,2024-03-22,2024-04-16,Done
A002605,S01111,R029,2024-03-23,2024-05-08,Done
A002606,S01111,R009,2024-03-16,24/04/2024,Completed
A002607,S01112,R009,23/03/2024,2024-04-17,complete
A002608,S01112,R029,2024-03-23,,In Progress
A002609,S01113,R034,10/05/2023,09/06/2023,Completed
A002610,S01113,R001,2023-05-13,2023-06-11,complete
A002611,S01113,R042,2023-05-15,2023-05-28,Completed
A002612,S01114,R012,2024-04-09,2024-05-22,Done
A002613,S01114,R022,2024-04-09,2024-04-19,Completed
A002614,S01115,R029,2023-12-20,2024-01-14,complete
A002615,S01115,R032,2023-12-16,2024-01-14,complete
A002616,S01115,R009,2023-12-17,2024-01-17,Done
A002617,S01116,R034,2024-02-12,2024-02-23,Completed
A002618,S01116,R001,2024-02-06,02/03/2024,Done
A002619,S01117,R034,2024-07-04,2024-08-15,Completed
A002620,S01117,R042,2024-06-28,2024-07-28,complete
A002621,S01118,R022,2023-02-20,2023-04-03,Done
A002622,S01118,R009,2023-02-20,2023-03-07,Done
A002623,S01118,R001,2023-02-22,2023-04-15,complete
A002624,S01119,R001,2024-03-09,2024-04-15,complete
A002625,S01119,R022,2024-03-05,2024-04-06,Done
A002626,S01120,R034,2023-09-11,2023-09-29,Completed
A002627,S01120,R029,2023-09-14,2023-10-03,Completed
A002628,S01120,R022,2023-09-09,2023-10-04,complete
A002629,S01121,R032,2023-01-13,2023-02-13,Completed
A002630,S01121,R012,2023-01-15,2023-02-23,complete
A002631,S01121,R029,2023-01-17,2023-02-06,complete
A002632,S01122,R022,2023-09-27,2023-10-15,Done
A002633,S01122,R012,2023-10-01,2023-10-12,complete
A002634,S01123,R012,2024-01-26,2024-03-16,complete
A002635,S01123,R029,28/01/2024,2024-02-02,Completed
A002636,S01124,R009,2023-04-29,2023-06-29,complete
A002637,S01124,R012,2023-04-30,2023-05-08,Completed
A002638,S01125,R029,2023-05-13,2023-06-15,Done
A002639,S01125,R009,2023-05-09,2023-05-14,Completed
A002640,S01126,R022,2024-05-14,2024-06-03,complete
A002641,S01126,R012,2024-05-18,2024-06-20,Completed
A002642,S01126,R042,2024-05-19,2024-06-07,Completed
A002643,S01127,R009,2024-05-08,2024-06-15,Completed
A002644,S01127,R029,2024-05-04,2024-05-12,complete
A002645,S01128,R042,2024-09-12,2024-10-26,Done
A002646,S01128,R001,06/09/2024,2024-11-06,Completed
A002647,S01128,R034,2024-09-08,2024-11-02,Completed
A002648,S01129,R022,2024-10-08,25/11/2024,Completed
A002649,S01129,R034,2024-10-03,22/11/2024,Done
A002650,S01130,R012,2024-06-28,2024-07-17,Completed
A002651,S01130,R001,06/07/2024,2024-07-30,complete
A002652,S01131,R029,2024-08-27,2024-09-08,Done
A002653,S01131,R034,2024-08-25,2024-10-11,complete
A002654,S01132,R034,2023-01-11,23/01/2023,Completed
A002655,S01132,R012,2023-01-06,2023-02-12,Done
A002656,S01132,R022,2023-01-05,2023-02-23,Completed
A002657,S01133,R012,2024-06-25,25/07/2024,Done
A002658,S01133,R042,2024-06-25,2024-07-04,complete
A002659,S01133,R001,26/06/2024,2024-07-30,Completed
A002660,S01134,R022,2023-03-06,23/03/2023,complete
A002661,S01134,R029,2023-03-11,2023-03-28,Done
A002662,S01135,R034,17/07/2024,2024-07-24,complete
A002663,S01135,R029,2024-07-11,26/07/2024,complete
A002664,S01135,R009,2024-07-13,2024-08-18,Done
A002665,S01136,R001,2023-10-11,2023-11-03,Done
A002666,S01136,R034,2023-10-12,2023-11-08,complete
A002667,S01137,R014,2024-09-21,2024-10-14,Done
A002668,S01137,R030,2024-09-25,2024-10-06,complete
A002669,S01138,R004,2024-06-06,2024-06-29,Done
A002670,S01138,R017,13/06/2024,2024-07-15,Completed
A002671,S01139,R019,2023-10-17,2023-11-10,complete
A002672,S01139,R040,2023-10-18,2023-11-12,Done
A002673,S01140,R030,2024-07-27,2024-08-27,complete
A002674,S01140,R047,2024-08-01,2024-08-26,Done
A002675,S01140,R017,2024-07-27,2024-08-30,Completed
A002676,S01141,R047,2023-04-16,2023-04-23,Completed
A002677,S01141,R030,2023-04-17,2023-04-23,Completed
A002678,S01142,R040,2024-10-10,2024-10-18,Completed
A002679,S01142,R019,2024-10-10,2024-10-17,Completed
A002680,S01142,R017,2024-10-11,2024-10-19,Done
A002681,S01143,R019,2023-01-26,2023-02-24,Done
A002682,S01143,R017,2023-01-30,2023-03-04,complete
A002683,S01143,R007,2023-01-28,2023-02-10,Completed
A002684,S01144,R036,26/05/2023,2023-06-13,Done
A002685,S01144,R030,31/05/2023,2023-06-14,Done
A002686,S01145,R007,2023-11-11,2023-11-19,complete
A002687,S01145,R036,2023-11-13,,Pending
A002688,S01146,R047,2024-07-27,2024-08-12,Completed
A002689,S01146,R040,2024-07-26,2024-08-11,Completed
A002690,S01146,R030,2024-07-23,2024-07-28,Done
A002691,S01147,R030,2023-12-10,2024-01-14,complete
A002692,S01147,R040,2023-12-08,2024-01-14,Completed
A002693,S01148,R017,2024-05-02,2024-05-25,complete
A002694,S01148,R014,2024-04-28,2024-05-11,Completed
A002695,S01149,R047,2023-10-20,2023-11-08,Done
A002696,S01149,R004,2023-10-24,2023-10-30,Completed
A002697,S01149,R030,2023-10-26,2023-11-25,Completed
A002698,S01150,R040,2023-04-28,2023-05-22,Done
A002699,S01150,R007,2023-04-29,2023-05-12,Done
A002700,S01151,R019,2023-12-15,2024-01-02,Done
A002701,S01151,R047,2023-12-13,2023-12-18,Done
A002702,S01152,R017,2023-12-06,2023-12-12,Completed
A002703,S01152,R030,2023-12-03,15/12/2023,Completed
A002704,S01153,R040,2023-01-17,2023-01-23,Completed
A002705,S01153,R030,2023-01-17,23/01/2023,complete
A002706,S01153,R036,2023-01-12,2023-01-30,Completed
A002707,S01154,R017,2024-08-04,2024-09-02,Completed
A002708,S01154,R036,2024-08-02,2024-08-16,Done
A002709,S01155,R030,2023-11-13,2023-12-01,Completed
A002710,S01155,R007,2023-11-15,2023-12-04,Done
A002711,S01156,R047,2023-07-10,2023-08-16,Completed
A002712,S01156,R040,14/07/2023,2023-07-27,Completed
A002713,S01157,R004,29/01/2024,,In Progress
A002714,S01157,R014,24/01/2024,2024-02-08,complete
A002715,S01157,R007,2024-01-22,2024-02-04,Done
A002716,S01158,R040,2024-06-01,2024-06-10,complete
A002717,S01158,R017,2024-05-26,2024-06-06,Completed
A002718,S01159,R019,2023-11-08,2023-11-21,Completed
A002719,S01159,R036,13/11/2023,,Pending
A002720,S01160,R017,17/09/2024,2024-10-02,complete
A002721,S01160,R047,2024-09-20,25/09/2024,Done
A002722,S01160,R040,2024-09-15,2024-10-03,Done
A002723,S01161,R036,2024-04-17,2024-05-14,Completed
A002724,S01161,R007,2024-04-19,2024-04-25,Completed
A002725,S01162,R019,2023-07-21,2023-08-02,complete
A002726,S01162,R036,24/07/2023,2023-08-03,complete
A002727,S01162,R030,2023-07-19,2023-08-04,Completed
A002728,S01163,R007,2024-01-24,2024-02-12,Completed
A002729,S01163,R004,2024-01-23,,pending
A002730,S01163,R040,2024-01-22,2024-02-13,complete
A002731,S01164,R014,2023-09-15,2023-09-21,complete
A002732,S01164,R017,2023-09-13,2023-09-28,complete
A002733,S01165,R047,2023-11-24,2023-12-16,Done
A002734,S01165,R017,25/11/2023,2023-12-02,Done
A002735,S01166,R036,2023-03-23,2023-04-18,Completed
A002736,S01166,R019,2023-03-22,20/04/2023,complete
A002737,S01167,R017,2023-08-12,2023-08-18,complete
A002738,S01167,R036,2023-08-12,2023-08-21,complete
A002739,S01168,R019,2023-11-07,2023-11-23,Completed
A002740,S01168,R030,2023-11-09,2023-12-01,Completed
A002741,S01168,R017,2023-11-04,2023-11-18,Done
A002742,S01169,R007,2023-12-04,2023-12-14,complete
A002743,S01169,R047,05/12/2023,2023-12-17,Done
A002744,S01170,R004,2024-09-05,01/10/2024,Completed
A002745,S01170,R040,2024-09-04,2024-09-22,complete
A002746,S01170,R047,2024-09-07,2024-09-26,Completed
A002747,S01171,R047,2023-10-29,2023-11-15,complete
A002748,S01171,R007,22/10/2023,2023-11-25,Done
A002749,S01171,R036,2023-10-22,2023-12-03,Completed
A002750,S01172,R004,14/01/2023,2023-01-30,complete
A002751,S01172,R019,2023-01-19,2023-01-24,complete
A002752,S01172,R014,2023-01-15,2023-01-29,complete
A002753,S01173,R004,2024-08-09,,pending
A002754,S01173,R019,09/08/2024,2024-08-20,Done
A002755,S01174,R036,2023-12-07,2023-12-22,complete
A002756,S01174,R004,2023-12-07,2023-12-29,Completed
A002757,S01175,R007,09/09/2023,2023-10-05,Completed
A002758,S01175,R004,2023-09-01,2023-10-01,Done
A002759,S01175,R014,2023-09-06,2023-10-05,Completed
A002760,S01176,R036,2024-09-14,2024-10-09,Completed
A002761,S01176,R019,2024-09-11,2024-10-21,Completed
A002762,S01177,R014,2024-04-24,2024-05-05,Done
A002763,S01177,R036,2024-04-23,2024-05-14,Done
A002764,S01178,R007,2024-06-18,2024-06-30,complete
A002765,S01178,R040,2024-06-23,2024-07-19,complete
A002766,S01178,R047,2024-06-18,19/07/2024,Completed
A002767,S01179,R007,2024-02-05,2024-02-23,complete
A002768,S01179,R004,2024-02-05,,pending
A002769,S01179,R014,2024-02-11,19/02/2024,Done
A002770,S01180,R040,2023-02-03,2023-02-16,Done
A002771,S01180,R014,2023-02-04,2023-02-21,Done
A002772,S01181,R019,2023-06-16,2023-07-11,Done
A002773,S01181,R040,2023-06-18,2023-06-26,Done
A002774,S01181,R017,19/06/2023,01/07/2023,Done
A002775,S01182,R047,2023-11-28,2023-12-07,Done
A002776,S01182,R004,22/11/2023,11/12/2023,Completed
A002777,S01183,R047,2023-04-20,07/05/2023,Done
A002778,S01183,R030,2023-04-23,2023-05-01,Completed
A002779,S01184,R014,2024-09-05,2024-10-02,complete
A002780,S01184,R017,2024-09-04,28/09/2024,complete
A002781,S01185,R030,2024-01-11,2024-01-31,Completed
A002782,S01185,R036,2024-01-11,2024-01-31,Done
A002783,S01185,R007,2024-01-07,21/01/2024,complete
A002784,S01186,R017,2023-11-05,2023-11-25,complete
A002785,S01186,R036,2023-11-07,2023-11-12,complete
A002786,S01187,R007,2023-08-16,2023-08-26,complete
A002787,S01187,R047,21/08/2023,2023-09-14,Completed
A002788,S01188,R019,11/07/2024,2024-07-20,Completed
A002789,S01188,R014,2024-07-05,2024-07-26,complete
A002790,S01189,R014,2023-01-29,2023-02-09,Done
A002791,S01189,R040,2023-01-28,2023-02-09,Done
A002792,S01189,R004,30/01/2023,,pending
A002793,S01190,R040,18/03/2024,2024-03-24,Completed
A002794,S01190,R019,2024-03-12,,In Progress
A002795,S01191,R017,2023-03-08,2023-03-17,Completed
A002796,S01191,R004,2023-03-04,2023-03-14,complete
A002797,S01192,R040,2023-11-19,2023-11-27,Done
A002798,S01192,R047,2023-11-16,2023-12-01,complete
A002799,S01192,R019,2023-11-15,2023-11-25,Completed
A002800,S01193,R040,03/03/2023,2023-04-03,complete
A002801,S01193,R047,2023-03-06,09/04/2023,Completed
A002802,S01194,R036,2023-07-14,,pending
A002803,S01194,R040,2023-07-16,2023-08-06,Done
A002804,S01194,R014,2023-07-16,,In Progress
A002805,S01195,R014,2023-08-30,2023-09-27,complete
A002806,S01195,R040,2023-09-05,2023-10-01,complete
A002807,S01196,R040,2023-12-17,2023-12-26,Completed
A002808,S01196,R017,2023-12-23,2024-01-07,Done
A002809,S01196,R014,2023-12-22,04/01/2024,complete
A002810,S01197,R014,2023-01-14,2023-01-19,Completed
A002811,S01197,R017,12/01/2023,05/02/2023,Done
A002812,S01198,R047,2024-05-19,2024-06-08,Done
A002813,S01198,R007,2024-05-21,2024-05-31,Completed
A002814,S01199,R014,2023-02-14,2023-03-27,complete
A002815,S01199,R036,2023-02-18,2023-03-28,complete
A002816,S01199,R019,2023-02-12,25/03/2023,Completed
A002817,S01200,R004,2024-06-23,2024-07-11,Completed
A002818,S01200,R036,2024-06-30,2024-07-05,complete
A002819,S01201,R004,01/05/2023,2023-05-12,Completed
A002820,S01201,R036,2023-05-05,24/05/2023,complete
A002821,S01201,R007,2023-04-30,2023-05-12,complete
A002822,S01202,R017,2024-02-09,2024-02-20,Done
A002823,S01202,R019,2024-02-04,2024-02-12,complete
A002824,S01203,R030,2023-09-11,2023-09-16,complete
A002825,S01203,R036,16/09/2023,2023-10-10,Done
A002826,S01204,R019,2023-08-03,09/08/2023,Done
A002827,S01204,R040,2023-08-01,2023-08-07,Done
A002828,S01205,R036,2023-07-03,2023-08-01,complete
A002829,S01205,R017,2023-07-06,2023-07-15,Done
A002830,S01206,R007,2024-06-30,2024-07-16,complete
A002831,S01206,R040,2024-06-30,2024-07-10,Done
A002832,S01206,R047,25/06/2024,2024-07-20,complete
A002833,S01207,R040,2023-01-23,2023-02-07,complete
A002834,S01207,R007,2023-01-29,2023-02-27,complete
A002835,S01208,R014,19/11/2023,2023-12-02,Done
A002836,S01208,R017,2023-11-23,2023-12-01,complete
A002837,S01208,R019,23/11/2023,,pending
A002838,S01209,R019,2023-01-21,2023-02-22,Completed
A002839,S01209,R047,2023-01-26,2023-03-13,complete
A002840,S01209,R004,2023-01-23,2023-02-06,complete
A002841,S01210,R017,2023-08-26,2023-09-13,complete
A002842,S01210,R047,2023-08-23,2023-09-17,Done
A002843,S01210,R004,2023-08-21,10/09/2023,Completed
A002844,S01211,R030,2023-05-31,2023-06-15,Done
A002845,S01211,R017,04/06/2023,2023-06-13,Done
A002846,S01212,R007,2023-03-06,2023-03-26,complete
A002847,S01212,R019,2023-03-11,2023-03-28,Done
A002848,S01213,R019,2024-04-17,2024-05-08,Completed
A002849,S01213,R030,2024-04-16,2024-05-10,Completed
A002850,S01214,R014,2023-08-16,26/08/2023,Done
A002851,S01214,R040,2023-08-17,2023-08-28,complete
A002852,S01214,R047,23/08/2023,2023-08-31,Completed
A002853,S01215,R004,2024-05-19,2024-05-27,Done
A002854,S01215,R047,2024-05-20,,pending
A002855,S01216,R007,2023-01-18,2023-02-02,Done
A002856,S01216,R019,2023-01-20,2023-01-29,Completed
A002857,S01217,R019,2024-01-20,2024-02-03,Done
A002858,S01217,R004,2024-01-17,2024-02-03,Done
A002859,S01217,R036,2024-01-14,2024-03-02,Completed
A002860,S01218,R047,2023-10-03,2023-10-21,Completed
A002861,S01218,R036,2023-10-07,2023-10-24,Done
A002862,S01219,R040,2023-03-11,2023-03-21,Completed
A002863,S01219,R014,2023-03-11,2023-03-18,Done
A002864,S01220,R019,23/02/2024,2024-03-25,complete
A002865,S01220,R040,2024-02-23,01/03/2024,complete
A002866,S01221,R014,2024-03-23,2024-04-13,Completed
A002867,S01221,R040,2024-03-29,16/04/2024,complete
A002868,S01221,R007,2024-03-28,2024-04-16,Completed
A002869,S01222,R047,2023-01-09,,In Progress
A002870,S01222,R030,2023-01-13,2023-01-25,Done
A002871,S01223,R007,2024-01-27,2024-02-10,Completed
A002872,S01223,R004,2024-01-24,2024-02-12,Completed
A002873,S01223,R047,2024-01-30,2024-02-06,complete
A002874,S01224,R036,2023-11-16,2023-11-26,Done
A002875,S01224,R040,2023-11-08,,In Progress
A002876,S01225,R030,2024-07-27,2024-08-08,complete
A002877,S01225,R014,03/08/2024,2024-08-14,Done
A002878,S01225,R036,2024-07-29,2024-08-09,complete
A002879,S01226,R030,2024-04-24,2024-05-09,Done
A002880,S01226,R019,2024-04-26,2024-05-10,Completed
A002881,S01226,R047,2024-04-20,2024-04-30,Completed
A002882,S01227,R040,27/04/2023,2023-06-07,Done
A002883,S01227,R036,2023-04-30,2023-06-06,Completed
A002884,S01227,R017,2023-04-29,2023-06-03,complete
A002885,S01228,R014,2023-04-18,2023-05-06,Completed
A002886,S01228,R047,2023-04-21,2023-05-08,Completed
A002887,S01228,R019,2023-04-19,2023-05-02,Done
A002888,S01229,R040,2024-10-04,2024-10-10,Completed
A002889,S01229,R047,2024-10-05,2024-10-18,Completed
A002890,S01229,R019,2024-10-05,2024-10-19,Completed
A002891,S01230,R047,2024-02-03,2024-02-08,Completed
A002892,S01230,R007,2024-02-05,2024-02-24,Completed
A002893,S01231,R030,2023-02-17,2023-03-21,complete
A002894,S01231,R014,2023-02-21,2023-03-16,complete
A002895,S01231,R019,2023-02-15,2023-03-24,Completed
A002896,S01232,R047,2024-07-29,2024-08-03,complete
A002897,S01232,R007,2024-07-28,2024-08-23,Done
A002898,S01233,R040,01/08/2023,2023-08-13,complete
A002899,S01233,R019,2023-07-27,2023-08-12,Done
A002900,S01233,R030,2023-08-03,2023-08-16,Completed
A002901,S01234,R036,2024-08-06,2024-08-28,Done
A002902,S01234,R040,2024-08-09,16/08/2024,Completed
A002903,S01235,R019,2024-01-15,2024-02-11,complete
A002904,S01235,R007,2024-01-10,2024-01-31,Completed
A002905,S01236,R040,2023-06-12,2023-06-28,complete
A002906,S01236,R036,2023-06-11,2023-06-26,complete
A002907,S01237,R047,2024-04-30,2024-05-23,Done
A002908,S01237,R014,2024-04-30,2024-05-28,complete
A002909,S01238,R019,2024-04-11,2024-05-07,Done
A002910,S01238,R007,2024-04-05,2024-04-17,complete
A002911,S01239,R019,2023-03-25,,In Progress
A002912,S01239,R004,2023-04-01,26/04/2023,Completed
A002913,S01240,R047,2023-09-10,2023-09-25,Completed
A002914,S01240,R004,2023-09-10,,Pending
A002915,S01240,R040,2023-09-07,2023-10-03,Done
A002916,S01241,R017,05/06/2023,16/06/2023,Done
A002917,S01241,R007,2023-06-11,28/06/2023,Completed
A002918,S01242,R017,2024-07-26,2024-07-31,complete
A002919,S01242,R007,2024-07-26,2024-08-03,Done
A002920,S01243,R019,2024-01-09,2024-02-16,Completed
A002921,S01243,R014,2024-01-05,2024-02-02,complete
A002922,S01244,R017,2023-12-21,2023-12-31,Done
A002923,S01244,R030,2023-12-15,2024-01-16,complete
A002924,S01245,R047,2023-08-12,2023-08-18,complete
A002925,S01245,R007,2023-08-08,2023-08-28,Completed
A002926,S01246,R019,2023-07-22,2023-08-17,Completed
A002927,S01246,R007,23/07/2023,2023-08-05,Completed
A002928,S01246,R036,2023-07-21,2023-08-17,Done
A002929,S01247,R040,2024-07-26,09/08/2024,Completed
A002930,S01247,R047,2024-07-24,2024-08-12,complete
A002931,S01248,R047,28/07/2023,2023-08-07,Done
A002932,S01248,R030,2023-07-24,2023-08-03,Completed
A002933,S01249,R047,2024-07-21,2024-08-10,Done
A002934,S01249,R004,21/07/2024,,In Progress
A002935,S01250,R040,2024-03-14,2024-04-12,complete
A002936,S01250,R047,2024-03-16,2024-04-01,Completed
A002937,S01251,R014,2023-03-31,12/04/2023,Done
A002938,S01251,R004,30/03/2023,2023-05-03,complete
A002939,S01252,R036,2024-01-31,2024-02-11,complete
A002940,S01252,R017,06/02/2024,14/02/2024,Completed
A002941,S01253,R030,2024-08-09,21/08/2024,complete
A002942,S01253,R019,2024-08-10,2024-09-07,Done
A002943,S01254,R030,2024-05-05,2024-05-13,Done
A002944,S01254,R036,2024-05-02,2024-05-07,complete
A002945,S01255,R017,2024-02-08,2024-02-19,Done
A002946,S01255,R030,2024-02-07,19/02/2024,Done
A002947,S01256,R004,2023-07-31,2023-08-17,Done
A002948,S01256,R019,24/07/2023,2023-08-09,Completed
A002949,S01257,R030,2024-07-04,2024-08-10,Completed
A002950,S01257,R019,2024-07-08,2024-08-05,Done
A002951,S01258,R004,2024-08-22,2024-09-08,Done
A002952,S01258,R030,23/08/2024,2024-09-11,Done
A002953,S01258,R014,2024-08-24,2024-09-13,Completed
A002954,S01259,R047,2023-10-03,2023-10-10,Completed
A002955,S01259,R007,2023-10-01,2023-10-18,complete
A002956,S01259,R040,2023-10-02,09/10/2023,complete
A002957,S01260,R040,2023-11-14,2023-11-26,Done
A002958,S01260,R047,2023-11-17,07/12/2023,Completed
A002959,S01260,R030,2023-11-14,2023-12-07,Completed
A002960,S01261,R047,2023-07-15,2023-08-17,Completed
A002961,S01261,R004,2023-07-20,01/08/2023,Completed
A002962,S01262,R017,2024-01-10,2024-02-01,complete
A002963,S01262,R004,2024-01-10,2024-01-31,Done
A002964,S01262,R036,2024-01-13,2024-01-25,Done
A002965,S01263,R017,2023-08-18,,In Progress
A002966,S01263,R040,2023-08-11,2023-08-29,complete
A002967,S01264,R004,2023-11-21,,pending
A002968,S01264,R030,21/11/2023,,Pending
A002969,S01265,R017,18/08/2024,2024-09-18,complete
A002970,S01265,R040,2024-08-25,2024-09-07,Completed
A002971,S01266,R019,2023-03-22,2023-03-31,complete
A002972,S01266,R017,2023-03-23,2023-04-09,complete
A002973,S01266,R040,2023-03-24,2023-04-14,Done
A002974,S01267,R036,2023-06-14,2023-06-23,Done
A002975,S01267,R047,2023-06-13,2023-07-17,complete
A002976,S01268,R007,14/06/2024,2024-07-05,complete
A002977,S01268,R047,2024-06-12,2024-07-01,complete
A002978,S01269,R013,2024-06-13,19/06/2024,Done
A002979,S01269,R037,2024-06-09,2024-06-24,complete
A002980,S01270,R008,2023-09-15,2023-09-21,Completed
A002981,S01270,R024,14/09/2023,20/09/2023,Done
A002982,S01271,R003,2024-07-09,2024-07-21,Completed
A002983,S01271,R037,02/07/2024,2024-07-17,Completed
A002984,S01272,R008,2023-10-20,2023-10-31,complete
A002985,S01272,R031,2023-10-15,2023-11-06,Completed
A002986,S01272,R013,2023-10-20,,pending
A002987,S01273,R033,2023-03-18,2023-03-24,Done
A002988,S01273,R008,2023-03-11,2023-04-13,Done
A002989,S01274,R008,2024-01-01,2024-01-13,complete
A002990,S01274,R037,05/01/2024,10/01/2024,Completed
A002991,S01275,R037,2023-10-15,2023-10-29,Completed
A002992,S01275,R013,2023-10-13,2023-10-31,complete
A002993,S01276,R024,2024-02-05,05/03/2024,complete
A002994,S01276,R003,2024-01-31,2024-02-05,complete
A002995,S01277,R003,2024-03-29,2024-04-13,Completed
A002996,S01277,R033,2024-03-31,2024-04-10,Done
A002997,S01277,R031,2024-03-28,03/04/2024,complete
A002998,S01278,R037,2024-03-02,2024-03-12,complete
A002999,S01278,R033,2024-03-02,2024-03-14,Completed
A003000,S01279,R033,2023-09-21,2023-10-07,Done
A003001,S01279,R037,2023-09-18,23/09/2023,Done
A003002,S01279,R008,2023-09-20,2023-10-02,Done
A003003,S01280,R037,2023-06-24,2023-07-26,complete
A003004,S01280,R008,2023-06-25,2023-07-08,Done
A003005,S01280,R033,2023-06-30,2023-07-11,Completed
A003006,S01281,R037,2024-03-03,13/03/2024,Done
A003007,S01281,R008,2024-02-27,2024-03-20,complete
A003008,S01281,R031,26/02/2024,2024-03-16,Completed
A003009,S01282,R013,2023-12-25,2024-01-08,Completed
A003010,S01282,R024,2023-12-27,2024-01-17,complete
A003011,S01282,R008,2023-12-27,2024-01-12,complete
A003012,S01283,R024,2024-08-11,2024-08-18,Completed
A003013,S01283,R003,13/08/2024,2024-08-18,Done
A003014,S01284,R008,2023-08-13,2023-08-26,Completed
A003015,S01284,R033,06/08/2023,2023-08-31,complete
A003016,S01284,R024,2023-08-11,2023-08-16,Completed
A003017,S01285,R037,2024-03-28,,Pending
A003018,S01285,R024,2024-03-26,,pending
A003019,S01286,R037,2023-03-07,2023-03-17,Done
A003020,S01286,R033,2023-03-02,2023-03-19,complete
A003021,S01287,R033,2024-02-05,2024-03-01,complete
A003022,S01287,R037,2024-02-07,2024-02-25,Done
A003023,S01288,R031,2024-05-11,26/05/2024,Completed
A003024,S01288,R024,2024-05-06,13/05/2024,complete
A003025,S01289,R033,14/02/2024,06/03/2024,Done
A003026,S01289,R003,2024-02-13,2024-03-05,complete
A003027,S01289,R024,2024-02-18,2024-03-05,Completed
A003028,S01290,R013,2024-03-20,2024-04-08,complete
A003029,S01290,R008,2024-03-19,,pending
A003030,S01291,R008,2024-02-10,2024-02-17,Done
A003031,S01291,R031,06/02/2024,2024-02-17,Completed
A003032,S01292,R013,2024-04-28,2024-05-09,Completed
A003033,S01292,R003,2024-05-02,09/05/2024,complete
A003034,S01292,R037,2024-05-01,2024-05-09,complete
A003035,S01293,R013,2024-09-18,2024-10-06,Completed
A003036,S01293,R033,2024-09-21,2024-10-03,complete
A003037,S01293,R008,2024-09-14,2024-09-24,Completed
A003038,S01294,R024,2024-08-07,31/08/2024,Completed
A003039,S01294,R037,2024-08-08,2024-08-16,Done
A003040,S01295,R033,07/09/2024,2024-09-26,complete
A003041,S01295,R008,2024-09-07,21/09/2024,complete
A003042,S01296,R031,2024-03-03,2024-03-30,Done
A003043,S01296,R033,2024-03-08,2024-03-30,Done
A003044,S01297,R013,2023-01-07,2023-01-26,complete
A003045,S01297,R008,2023-01-05,2023-01-12,Completed
A003046,S01297,R003,2023-01-10,2023-01-27,Done
A003047,S01298,R003,2024-04-10,2024-04-25,Done
A003048,S01298,R013,2024-04-08,2024-04-21,complete
A003049,S01299,R024,2023-10-24,2023-11-02,complete
A003050,S01299,R033,2023-10-27,11/11/2023,Completed
A003051,S01300,R024,21/04/2024,2024-05-17,complete
A003052,S01300,R037,2024-04-21,2024-05-03,complete
A003053,S01301,R003,24/06/2024,2024-07-02,complete
A003054,S01301,R024,2024-06-22,2024-07-22,Completed
A003055,S01302,R008,2024-06-18,2024-07-21,complete
A003056,S01302,R031,2024-06-18,2024-07-28,Completed
A003057,S01302,R013,2024-06-23,21/07/2024,complete
A003058,S01303,R003,2024-06-22,2024-07-06,Completed
A003059,S01303,R037,26/06/2024,2024-07-09,Completed
A003060,S01304,R031,15/11/2023,2023-11-23,Completed
A003061,S01304,R008,2023-11-09,2023-11-14,Completed
A003062,S01304,R003,14/11/2023,2023-11-24,Done
A003063,S01305,R031,2023-11-16,2023-11-28,Done
A003064,S01305,R024,2023-11-18,2023-12-06,Completed
A003065,S01306,R031,2023-11-16,2023-11-23,Done
A003066,S01306,R033,2023-11-15,2023-12-11,Completed
A003067,S01307,R031,2023-03-01,25/03/2023,complete
A003068,S01307,R037,23/02/2023,2023-03-31,complete
A003069,S01308,R031,2023-04-24,22/05/2023,Done
A003070,S01308,R003,2023-04-23,2023-05-02,complete
A003071,S01309,R024,2023-08-16,2023-09-02,complete
A003072,S01309,R031,2023-08-17,2023-09-06,Done
A003073,S01309,R013,23/08/2023,2023-09-08,complete
A003074,S01310,R013,2023-10-10,2023-10-17,complete
A003075,S01310,R031,2023-10-10,2023-10-25,Done
A003076,S01311,R031,2023-10-07,2023-10-31,Done
A003077,S01311,R013,2023-10-08,,In Progress
A003078,S01311,R003,2023-10-03,2023-10-23,Done
A003079,S01312,R024,2023-06-26,2023-07-23,complete
A003080,S01312,R037,2023-06-29,2023-07-19,Completed
A003081,S01313,R024,2023-04-02,2023-04-07,complete
A003082,S01313,R033,2023-04-01,21/04/2023,Done
A003083,S01314,R008,14/09/2023,2023-10-08,complete
A003084,S01314,R013,2023-09-11,2023-09-28,complete
A003085,S01315,R033,2024-03-22,2024-04-14,complete
A003086,S01315,R003,2024-03-23,2024-04-04,Done
A003087,S01315,R024,2024-03-28,2024-04-15,Done
A003088,S01316,R031,2023-06-15,2023-06-23,Completed
A003089,S01316,R033,2023-06-16,2023-07-01,Done
A003090,S01316,R013,2023-06-18,2023-06-30,Done
A003091,S01317,R031,2023-05-19,2023-06-02,complete
A003092,S01317,R033,2023-05-24,2023-06-01,Done
A003093,S01317,R003,2023-05-24,2023-06-05,Done
A003094,S01318,R037,2024-01-16,2024-01-22,Done
A003095,S01318,R008,2024-01-24,2024-01-31,Completed
A003096,S01318,R031,16/01/2024,2024-01-22,complete
A003097,S01319,R003,2024-04-07,2024-04-20,complete
A003098,S01319,R037,2024-04-01,2024-04-15,Done
A003099,S01320,R008,2023-08-11,2023-08-28,Completed
A003100,S01320,R033,2023-08-08,2023-09-13,Done
A003101,S01321,R013,2024-07-23,2024-08-09,Done
A003102,S01321,R003,2024-07-22,2024-07-27,Done
A003103,S01321,R024,2024-07-23,2024-08-22,Done
A003104,S01322,R037,2023-11-17,24/11/2023,Done
A003105,S01322,R003,2023-11-10,15/11/2023,Completed
A003106,S01322,R008,2023-11-14,25/11/2023,complete
A003107,S01323,R033,2023-05-09,2023-05-25,Completed
A003108,S01323,R024,2023-05-08,2023-05-28,complete
A003109,S01324,R013,2023-03-12,,Pending
A003110,S01324,R033,2023-03-15,,In Progress
A003111,S01325,R031,2023-08-03,16/08/2023,Done
A003112,S01325,R033,2023-08-02,2023-08-15,Done
A003113,S01325,R003,2023-08-08,2023-08-16,complete
A003114,S01326,R013,2024-08-16,,In Progress
A003115,S01326,R033,2024-08-16,2024-09-09,Done
A003116,S01327,R003,2024-03-05,2024-03-11,complete
A003117,S01327,R024,2024-03-07,2024-04-09,Completed
A003118,S01328,R031,2024-07-01,2024-08-01,Done
A003119,S01328,R024,2024-07-02,2024-07-08,Done
A003120,S01329,R003,2023-04-18,2023-05-02,complete
A003121,S01329,R024,2023-04-19,2023-04-30,Done
A003122,S01330,R003,2023-10-19,2023-11-06,Completed
A003123,S01330,R033,2023-10-24,2023-11-26,complete
A003124,S01331,R003,2023-03-22,2023-04-12,complete
A003125,S01331,R033,2023-03-21,16/04/2023,Completed
A003126,S01331,R013,2023-03-28,2023-04-11,Done
A003127,S01332,R037,2023-12-15,,In Progress
A003128,S01332,R031,2023-12-18,26/12/2023,Done
A003129,S01332,R003,2023-12-18,24/12/2023,Done
A003130,S01333,R008,2023-06-17,2023-06-30,Done
A003131,S01333,R033,2023-06-10,2023-06-26,complete
A003132,S01333,R037,2023-06-17,2023-06-30,Done
A003133,S01334,R031,2023-04-28,2023-05-07,Done
A003134,S01334,R033,2023-05-01,14/05/2023,Done
A003135,S01334,R003,2023-04-23,2023-05-02,complete
A003136,S01335,R003,2023-10-29,2023-11-08,Done
A003137,S01335,R013,2023-10-31,05/11/2023,Done
A003138,S01335,R037,2023-11-01,2023-11-28,Done
A003139,S01336,R037,2023-12-05,2023-12-18,complete
A003140,S01336,R031,2023-12-05,2023-12-19,Completed
A003141,S01337,R031,2023-11-08,2023-11-18,complete
A003142,S01337,R008,2023-11-13,2023-11-18,complete
A003143,S01337,R037,2023-11-11,17/11/2023,Done
A003144,S01338,R003,2023-04-30,29/05/2023,Completed
A003145,S01338,R013,2023-05-03,2023-06-12,complete
A003146,S01338,R024,2023-04-30,2023-05-27,Completed
A003147,S01339,R031,2023-04-29,2023-05-08,Done
A003148,S01339,R013,2023-05-02,2023-05-07,Completed
A003149,S01340,R003,18/12/2023,2024-01-08,complete
A003150,S01340,R037,2023-12-18,04/01/2024,Done
A003151,S01341,R024,31/08/2023,2023-10-09,Completed
A003152,S01341,R013,2023-09-01,2023-09-17,Completed
A003153,S01341,R008,2023-09-06,2023-10-04,complete
A003154,S01342,R031,2023-09-16,2023-09-24,Done
A003155,S01342,R003,2023-09-16,,In Progress
A003156,S01343,R003,2024-09-02,2024-09-14,Completed
A003157,S01343,R013,2024-08-28,,Pending
A003158,S01344,R031,2023-04-25,2023-05-08,Completed
A003159,S01344,R003,2023-04-20,2023-05-19,Completed
A003160,S01344,R037,26/04/2023,2023-05-06,complete
A003161,S01345,R008,2024-05-01,2024-05-09,Completed
A003162,S01345,R033,2024-04-28,2024-05-10,complete
A003163,S01346,R003,2023-02-02,2023-02-12,complete
A003164,S01346,R037,2023-02-02,2023-02-10,Done
A003165,S01346,R024,2023-01-31,2023-02-05,Completed
A003166,S01347,R031,2023-04-03,2023-04-18,complete
A003167,S01347,R013,2023-04-09,2023-04-14,complete
A003168,S01348,R024,2024-05-25,2024-05-31,Completed
A003169,S01348,R003,2024-05-28,04/06/2024,Completed
A003170,S01349,R003,11/01/2023,2023-01-20,Completed
A003171,S01349,R024,2023-01-11,2023-01-24,Done
A003172,S01350,R003,2023-02-26,2023-03-10,Completed
A003173,S01350,R031,2023-02-28,15/03/2023,Completed
A003174,S01350,R033,2023-02-25,10/03/2023,Done
A003175,S01351,R037,31/07/2023,2023-08-10,complete
A003176,S01351,R031,26/07/2023,2023-08-11,complete
A003177,S01352,R013,2023-12-04,2023-12-23,complete
A003178,S01352,R003,2023-12-05,2023-12-23,Done
A003179,S01352,R037,2023-12-04,2023-12-23,complete
A003180,S01353,R013,2024-05-10,2024-06-08,Completed
A003181,S01353,R008,2024-05-11,2024-06-05,Done
A003182,S01354,R003,10/04/2023,17/04/2023,Completed
A003183,S01354,R013,2023-04-12,18/04/2023,complete
A003184,S01355,R037,2024-07-05,2024-07-25,Completed
A003185,S01355,R013,2024-07-06,15/07/2024,complete
A003186,S01355,R008,2024-07-07,2024-07-20,Done
A003187,S01356,R003,2023-06-05,21/06/2023,complete
A003188,S01356,R031,2023-06-12,2023-06-24,Completed
A003189,S01357,R013,2024-07-19,2024-07-29,Completed
A003190,S01357,R024,2024-07-17,,pending
A003191,S01358,R031,2023-03-10,2023-04-03,Completed
A003192,S01358,R008,2023-03-15,2023-03-20,complete
A003193,S01359,R003,2024-08-31,2024-09-12,complete
A003194,S01359,R008,2024-09-02,2024-09-16,complete
A003195,S01360,R031,2023-12-07,2023-12-21,Done
A003196,S01360,R003,2023-12-09,2023-12-17,Done
A003197,S01361,R008,2023-08-08,2023-09-07,complete
A003198,S01361,R031,09/08/2023,2023-09-01,Completed
A003199,S01362,R031,2024-09-19,2024-10-01,Completed
A003200,S01362,R013,2024-09-17,2024-09-27,complete
A003201,S01363,R027,2023-06-06,2023-06-12,Completed
A003202,S01363,R035,2023-06-10,15/06/2023,Completed
A003203,S01363,R016,2023-06-05,2023-06-16,Done
A003204,S01364,R038,2024-07-08,2024-07-13,Completed
A003205,S01364,R016,2024-07-08,2024-07-13,Done
A003206,S01365,R038,2023-03-18,,pending
A003207,S01365,R016,2023-03-22,2023-03-29,Completed
A003208,S01366,R038,2024-09-26,05/10/2024,Completed
A003209,S01366,R016,2024-09-26,2024-10-06,Completed
A003210,S01367,R027,02/10/2024,2024-10-12,complete
A003211,S01367,R035,03/10/2024,2024-10-11,complete
A003212,S01368,R038,2023-05-10,2023-05-20,complete
A003213,S01368,R035,2023-05-08,2023-05-24,Completed
A003214,S01369,R035,2023-08-02,2023-08-10,complete
A003215,S01369,R027,2023-08-02,,pending
A003216,S01370,R038,2023-07-16,2023-07-29,Done
A003217,S01370,R035,13/07/2023,2023-07-29,Completed
A003218,S01371,R035,2023-08-01,2023-08-07,complete
A003219,S01371,R027,2023-07-27,2023-08-03,Completed
A003220,S01371,R038,2023-07-24,2023-08-05,complete
A003221,S01372,R027,13/01/2023,,pending
A003222,S01372,R038,2023-01-12,2023-01-20,Done
A003223,S01372,R035,2023-01-13,02/02/2023,Done
A003224,S01373,R027,2024-07-25,2024-08-08,complete
A003225,S01373,R016,2024-07-26,2024-08-08,complete
A003226,S01373,R038,2024-07-28,2024-08-03,Done
A003227,S01374,R016,2023-08-01,2023-08-13,Completed
A003228,S01374,R035,2023-08-05,2023-08-14,complete
A003229,S01374,R038,2023-08-05,2023-08-15,complete
A003230,S01375,R035,2024-07-18,2024-08-09,Completed
A003231,S01375,R016,2024-07-23,2024-07-29,complete
A003232,S01376,R016,2023-01-23,07/02/2023,Done
A003233,S01376,R038,2023-01-30,2023-02-15,Done
A003234,S01377,R035,2023-12-10,2023-12-19,complete
A003235,S01377,R016,13/12/2023,2023-12-19,complete
A003236,S01377,R038,2023-12-15,,In Progress
A003237,S01378,R035,13/09/2023,,Pending
A003238,S01378,R016,15/09/2023,2023-09-29,complete
A003239,S01379,R027,2023-12-27,01/01/2024,complete
A003240,S01379,R035,2023-12-24,2024-01-04,Done
A003241,S01380,R016,2024-07-18,2024-07-26,Completed
A003242,S01380,R027,23/07/2024,2024-07-30,Done
A003243,S01380,R038,2024-07-18,2024-07-23,Completed
A003244,S01381,R027,2023-05-01,2023-05-12,Completed
A003245,S01381,R038,2023-04-25,2023-05-09,Completed
A003246,S01381,R035,2023-04-28,2023-05-06,Completed
A003247,S01382,R038,2024-02-11,2024-02-24,Done
A003248,S01382,R035,2024-02-16,2024-03-02,complete
A003249,S01383,R016,2023-08-19,2023-08-25,Completed
A003250,S01383,R035,2023-08-26,2023-09-03,Completed
A003251,S01384,R038,2023-01-07,2023-01-16,Done
A003252,S01384,R016,2023-01-09,2023-01-21,Done
A003253,S01385,R035,2024-04-17,2024-04-28,Completed
A003254,S01385,R016,2024-04-18,2024-04-27,Completed
A003255,S01385,R027,2024-04-14,2024-04-28,Completed
A003256,S01386,R038,18/12/2023,2023-12-26,complete
A003257,S01386,R016,2023-12-15,2023-12-26,Done
A003258,S01387,R038,10/09/2023,2023-09-24,Completed
A003259,S01387,R035,2023-09-09,2023-09-23,Done
A003260,S01387,R016,10/09/2023,2023-09-15,Done
A003261,S01388,R038,2024-03-01,2024-03-12,Completed
A003262,S01388,R027,2024-03-07,,pending
A003263,S01388,R016,2024-03-04,2024-03-12,Done
A003264,S01389,R016,2023-06-27,2023-07-04,complete
A003265,S01389,R035,2023-07-05,2023-07-16,Completed
A003266,S01389,R038,2023-07-03,2023-07-13,Done
A003267,S01390,R016,2024-01-06,2024-02-01,Done
A003268,S01390,R027,2024-01-05,2024-01-21,Completed
A003269,S01390,R035,2024-01-09,2024-01-24,Done
A003270,S01391,R035,2024-09-12,2024-09-18,Done
A003271,S01391,R038,2024-09-05,2024-09-19,complete
A003272,S01392,R016,2023-10-26,,pending
A003273,S01392,R038,2023-10-27,2023-11-01,complete
A003274,S01393,R027,2024-03-20,2024-04-06,Done
A003275,S01393,R038,2024-03-21,2024-03-30,complete
A003276,S01394,R035,28/01/2024,2024-02-02,Done
A003277,S01394,R016,26/01/2024,2024-02-02,complete
A003278,S01395,R035,27/09/2024,2024-10-05,complete
A003279,S01395,R027,2024-10-03,2024-10-14,Completed
A003280,S01396,R035,31/03/2023,2023-04-26,complete
A003281,S01396,R016,2023-03-28,11/04/2023,complete
A003282,S01397,R027,2024-02-12,2024-02-20,Completed
A003283,S01397,R038,2024-02-10,2024-02-26,Done
A003284,S01397,R035,16/02/2024,2024-03-02,Completed
A003285,S01398,R027,2024-02-11,2024-02-29,complete
A003286,S01398,R038,2024-02-13,2024-02-21,Completed
A003287,S01398,R035,2024-02-13,2024-02-24,Completed
A003288,S01399,R038,2023-10-21,2023-10-30,complete
A003289,S01399,R035,2023-10-22,2023-11-04,Done
A003290,S01400,R038,2023-06-17,2023-06-28,complete
A003291,S01400,R027,2023-06-11,2023-06-20,complete
A003292,S01401,R027,2023-09-14,,pending
A003293,S01401,R016,2023-09-10,20/09/2023,Completed
A003294,S01402,R038,2023-07-25,2023-08-04,Completed
A003295,S01402,R035,2023-07-27,2023-08-08,complete
A003296,S01403,R027,2023-06-13,2023-06-19,Completed
A003297,S01403,R016,2023-06-12,20/06/2023,Done
A003298,S01404,R038,2023-12-25,2024-01-18,complete
A003299,S01404,R035,2023-12-24,2024-01-11,Completed
A003300,S01404,R027,2023-12-26,2024-01-17,Done
A003301,S01405,R027,2023-02-21,,Pending
A003302,S01405,R035,2023-02-22,03/03/2023,Completed
A003303,S01406,R038,2023-09-22,2023-10-18,Done
A003304,S01406,R027,2023-09-27,2023-10-14,Done
A003305,S01406,R016,2023-09-23,2023-10-04,Done
A003306,S01407,R027,2023-07-04,2023-07-23,complete
A003307,S01407,R016,2023-07-10,2023-07-23,Completed
A003308,S01408,R038,2023-11-17,2023-11-23,complete
A003309,S01408,R027,2023-11-19,2023-11-28,Completed
A003310,S01409,R027,2024-04-14,2024-04-19,Completed
A003311,S01409,R035,2024-04-21,2024-04-27,Completed
A003312,S01410,R027,2023-09-28,2023-10-14,Done
A003313,S01410,R016,2023-09-22,2023-10-02,Done
A003314,S01411,R038,2023-01-27,2023-02-01,Completed
A003315,S01411,R027,2023-01-23,,In Progress
A003316,S01411,R016,2023-01-23,2023-02-07,Done
A003317,S01412,R016,2024-04-02,2024-04-12,Done
A003318,S01412,R027,2024-04-09,2024-04-20,complete
A003319,S01413,R016,2023-08-07,2023-08-12,Done
A003320,S01413,R038,2023-08-07,2023-08-22,Completed
A003321,S01414,R016,2023-01-14,2023-01-21,Done
A003322,S01414,R035,2023-01-13,26/01/2023,Done
A003323,S01415,R016,2023-07-09,2023-07-20,complete
A003324,S01415,R035,2023-07-15,2023-07-21,complete
A003325,S01416,R027,2024-07-23,,In Progress
A003326,S01416,R038,22/07/2024,,In Progress
A003327,S01417,R035,2024-01-08,2024-01-17,Done
A003328,S01417,R038,2024-01-10,2024-01-29,Completed
A003329,S01418,R038,15/02/2023,2023-02-26,Completed
A003330,S01418,R035,2023-02-19,28/02/2023,Done
A003331,S01419,R016,2023-12-07,2023-12-15,Done
A003332,S01419,R027,2023-12-11,2023-12-17,complete
A003333,S01420,R027,2024-08-30,2024-09-05,Done
A003334,S01420,R038,2024-09-03,2024-09-16,complete
A003335,S01420,R016,2024-09-02,2024-09-15,Completed
A003336,S01421,R027,2024-02-26,2024-03-09,complete
A003337,S01421,R038,2024-02-29,2024-03-08,complete
A003338,S01422,R016,2023-05-27,2023-06-12,complete
A003339,S01422,R035,2023-05-28,2023-06-07,Done
A003340,S01423,R016,2024-06-08,27/06/2024,Done
A003341,S01423,R035,2024-06-04,2024-06-18,Done
A003342,S01424,R035,15/09/2023,2023-09-25,Completed
A003343,S01424,R038,19/09/2023,2023-09-24,Completed
A003344,S01425,R038,2023-01-23,29/01/2023,complete
A003345,S01425,R016,2023-01-18,2023-01-27,Done
A003346,S01426,R027,2024-07-30,2024-08-14,complete
A003347,S01426,R038,2024-07-28,2024-08-16,complete
A003348,S01426,R035,25/07/2024,2024-08-04,Completed
A003349,S01427,R038,2024-04-22,2024-05-07,Completed
A003350,S01427,R027,2024-04-27,04/05/2024,Done
A003351,S01427,R035,2024-04-23,2024-04-30,complete
A003352,S01428,R016,2024-07-17,,In Progress
A003353,S01428,R035,2024-07-18,2024-07-23,complete
A003354,S01429,R016,2023-08-08,2023-08-26,complete
A003355,S01429,R027,2023-08-15,2023-08-26,Done
A003356,S01430,R035,2023-03-11,2023-03-18,Completed
A003357,S01430,R038,2023-03-17,2023-04-03,Done
A003358,S01431,R035,2024-02-15,2024-02-22,complete
A003359,S01431,R027,2024-02-15,2024-02-21,Completed
A003360,S01432,R035,2023-07-29,2023-08-04,Done
A003361,S01432,R027,2023-07-25,2023-08-15,Done
A003362,S01432,R038,2023-07-24,2023-08-07,Done
A003363,S01433,R035,2024-02-17,2024-02-25,Done
A003364,S01433,R038,2024-02-21,2024-02-29,complete
A003365,S01433,R027,2024-02-20,2024-03-03,Done
A003366,S01434,R035,10/06/2024,,Pending
A003367,S01434,R016,2024-06-09,,In Progress
A003368,S01435,R027,18/11/2023,2023-12-09,complete
A003369,S01435,R035,2023-11-18,2023-11-24,Done
A003370,S01436,R016,2024-09-13,2024-09-27,Done
A003371,S01436,R027,2024-09-14,19/09/2024,complete
A003372,S01437,R035,2024-03-14,2024-03-21,Completed
A003373,S01437,R038,2024-03-13,,In Progress
A003374,S01438,R038,2023-09-23,2023-10-13,Completed
A003375,S01438,R016,2023-09-26,2023-10-13,complete
A003376,S01439,R035,2024-02-22,2024-02-27,complete
A003377,S01439,R027,2024-02-19,28/02/2024,Completed
A003378,S01439,R016,23/02/2024,,In Progress
A003379,S01440,R016,2024-10-08,2024-10-15,complete
A003380,S01440,R035,2024-10-08,15/10/2024,complete
A003381,S01440,R038,2024-09-30,2024-10-11,complete
A003382,S01441,R016,2024-05-07,2024-05-18,complete
A003383,S01441,R027,2024-05-07,2024-05-23,complete
A003384,S01442,R016,2024-05-18,2024-05-31,Done
A003385,S01442,R035,2024-05-19,2024-06-02,complete
A003386,S01442,R038,2024-05-24,2024-05-31,complete
A003387,S01443,R038,2023-11-07,2023-11-13,Done
A003388,S01443,R035,2023-11-09,,In Progress
A003389,S01444,R035,2023-06-22,2023-06-30,Done
A003390,S01444,R038,2023-06-26,2023-07-02,Done
A003391,S01445,R027,03/09/2024,2024-09-16,Completed
A003392,S01445,R038,2024-09-08,2024-09-21,Done
A003393,S01446,R016,2023-03-17,,Pending
A003394,S01446,R027,2023-03-23,2023-04-16,Completed
A003395,S01446,R038,2023-03-19,2023-04-06,complete
A003396,S01447,R038,2023-06-21,,In Progress
A003397,S01447,R016,2023-06-26,2023-07-04,Completed
A003398,S01448,R035,09/01/2024,2024-01-16,Completed
A003399,S01448,R038,2024-01-05,2024-01-12,Done
A003400,S01449,R038,2023-07-12,06/08/2023,Completed
A003401,S01449,R027,2023-07-08,2023-07-17,complete
A003402,S01449,R016,2023-07-12,2023-07-19,complete
A003403,S01450,R016,2024-05-27,2024-06-07,complete
A003404,S01450,R035,2024-06-03,,pending
A003405,S01450,R027,2024-06-03,2024-06-09,complete
A003406,S01451,R016,2023-12-08,2023-12-20,Done
A003407,S01451,R038,2023-12-09,2023-12-17,Done
A003408,S01452,R027,17/06/2024,,In Progress
A003409,S01452,R038,2024-06-20,2024-06-27,Completed
A003410,S01453,R027,2024-02-08,2024-02-13,complete
A003411,S01453,R016,2024-02-07,,pending
A003412,S01454,R027,2023-02-12,2023-02-24,Completed
A003413,S01454,R035,16/02/2023,2023-02-23,Done
A003414,S01454,R038,2023-02-16,,Pending
A003415,S01455,R035,2024-02-19,06/03/2024,Done
A003416,S01455,R038,24/02/2024,2024-02-29,Done
A003417,S01456,R038,22/08/2023,2023-09-10,complete
A003418,S01456,R035,2023-08-24,2023-09-16,Completed
A003419,S01457,R038,2024-01-26,2024-02-03,complete
A003420,S01457,R027,2024-01-30,2024-02-14,Done
A003421,S01457,R035,2024-01-27,2024-02-01,Completed
A003422,S01458,R025,2023-08-01,2023-08-06,Done
A003423,S01458,R048,2023-07-30,2023-08-12,Done
A003424,S01459,R046,2023-03-02,11/03/2023,complete
A003425,S01459,R002,2023-02-25,2023-03-16,Done
A003426,S01460,R021,2023-01-26,2023-02-11,complete
A003427,S01460,R002,2023-01-29,2023-02-18,Completed
A003428,S01460,R025,2023-01-31,,In Progress
A003429,S01461,R015,05/09/2023,2023-09-14,Completed
A003430,S01461,R021,2023-09-09,2023-09-14,complete
A003431,S01461,R049,2023-09-09,,pending
A003432,S01462,R025,2024-09-20,,In Progress
A003433,S01462,R041,2024-09-20,2024-09-28,complete
A003434,S01463,R002,2023-03-03,11/03/2023,Completed
A003435,S01463,R041,2023-03-01,2023-03-10,Done
A003436,S01464,R021,2023-08-24,2023-09-01,Done
A003437,S01464,R025,27/08/2023,01/09/2023,Completed
A003438,S01465,R028,14/02/2024,2024-03-11,Completed
A003439,S01465,R020,2024-02-16,07/03/2024,Done
A003440,S01466,R018,2024-02-21,2024-02-28,Done
A003441,S01466,R021,2024-02-16,2024-02-26,Done
A003442,S01467,R015,24/07/2024,2024-07-31,complete
A003443,S01467,R021,2024-07-28,2024-08-03,complete
A003444,S01468,R025,2024-03-24,2024-04-01,Done
A003445,S01468,R018,2024-03-19,01/04/2024,Done
A003446,S01469,R049,06/03/2023,2023-03-15,Completed
A003447,S01469,R048,2023-03-07,2023-03-12,complete
A003448,S01469,R025,2023-03-03,2023-03-21,Completed
A003449,S01470,R021,2023-12-14,2023-12-22,Completed
A003450,S01470,R025,2023-12-13,2023-12-23,Completed
A003451,S01471,R025,2023-10-25,2023-11-06,Done
A003452,S01471,R049,2023-10-26,2023-10-31,Completed
A003453,S01472,R049,2023-08-14,2023-08-23,Completed
A003454,S01472,R026,2023-08-14,,In Progress
A003455,S01473,R021,05/04/2023,24/04/2023,complete
A003456,S01473,R028,2023-04-05,2023-04-14,complete
A003457,S01473,R015,2023-04-02,07/04/2023,Completed
A003458,S01474,R028,2023-04-06,2023-04-21,complete
A003459,S01474,R021,2023-04-08,2023-04-24,complete
A003460,S01475,R046,2024-03-09,2024-03-25,Completed
A003461,S01475,R021,2024-03-06,2024-03-15,Done
A003462,S01476,R049,30/07/2023,07/08/2023,complete
A003463,S01476,R002,2023-07-29,2023-08-06,Done
A003464,S01477,R025,2023-07-23,2023-08-02,Done
A003465,S01477,R046,2023-07-24,2023-08-05,Completed
A003466,S01477,R002,2023-07-26,2023-08-06,complete
A003467,S01478,R002,2023-11-22,2023-12-10,Done
A003468,S01478,R021,2023-11-28,2023-12-03,Completed
A003469,S01478,R028,2023-11-27,2023-12-10,complete
A003470,S01479,R046,2024-02-14,,Pending
A003471,S01479,R028,2024-02-15,2024-02-20,Completed
A003472,S01480,R021,2024-01-26,2024-02-03,Done
A003473,S01480,R026,2024-01-20,2024-01-29,Done
A003474,S01481,R048,2024-04-08,2024-04-19,Done
A003475,S01481,R021,2024-04-13,2024-04-18,Completed
A003476,S01481,R041,2024-04-10,2024-04-20,Completed
A003477,S01482,R018,27/08/2024,06/09/2024,Completed
A003478,S01482,R020,2024-08-21,2024-09-06,Done
A003479,S01482,R015,2024-08-28,2024-09-02,complete
A003480,S01483,R002,2024-01-19,2024-01-31,Completed
A003481,S01483,R028,2024-01-15,2024-01-30,complete
A003482,S01483,R046,2024-01-20,2024-01-29,Done
A003483,S01484,R002,2023-11-26,2023-12-04,complete
A003484,S01484,R048,2023-12-02,2023-12-10,Completed
A003485,S01485,R028,2024-06-14,2024-06-20,Completed
A003486,S01485,R021,2024-06-16,2024-06-23,Completed
A003487,S01486,R049,2023-01-16,2023-02-06,complete
A003488,S01486,R015,2023-01-17,31/01/2023,Done
A003489,S01487,R026,2023-05-09,2023-05-25,complete
A003490,S01487,R025,2023-05-05,2023-05-10,Completed
A003491,S01488,R018,2024-08-24,2024-09-07,Done
A003492,S01488,R028,2024-08-24,2024-09-06,Done
A003493,S01488,R002,2024-08-22,2024-08-30,Completed
A003494,S01489,R025,2023-01-16,2023-01-28,Done
A003495,S01489,R020,2023-01-16,2023-02-09,complete
A003496,S01490,R020,2024-07-09,2024-07-23,Done
A003497,S01490,R028,2024-07-17,2024-08-08,complete
A003498,S01491,R026,07/06/2023,,In Progress
A003499,S01491,R048,2023-06-07,18/06/2023,complete
A003500,S01492,R002,2024-09-11,2024-10-07,complete
A003501,S01492,R026,2024-09-12,09/10/2024,complete
A003502,S01492,R020,2024-09-14,2024-10-09,Done
A003503,S01493,R026,2024-04-27,2024-05-03,Done
A003504,S01493,R049,2024-04-24,2024-04-30,Completed
A003505,S01494,R046,2024-01-31,2024-02-07,Completed
A003506,S01494,R021,2024-01-26,2024-02-04,Completed
A003507,S01495,R026,2023-06-14,2023-06-22,Done
A003508,S01495,R018,2023-06-10,2023-06-28,complete
A003509,S01496,R002,2023-06-17,2023-07-06,Done
A003510,S01496,R025,2023-06-23,2023-06-30,Completed
A003511,S01497,R041,2023-10-13,2023-10-25,Completed
A003512,S01497,R020,2023-10-13,2023-10-26,Done
A003513,S01498,R021,2024-05-31,2024-06-16,Done
A003514,S01498,R049,2024-05-31,2024-06-17,complete
A003515,S01499,R026,25/07/2024,2024-07-31,Completed
A003516,S01499,R018,2024-07-19,2024-08-05,Completed
A003517,S01499,R041,2024-07-24,2024-08-10,Completed
A003518,S01500,R018,2024-05-03,2024-05-10,complete
A003519,S01500,R020,2024-04-30,2024-05-12,Completed
A003520,S01501,R048,2023-06-10,2023-06-25,Done
A003521,S01501,R049,2023-06-15,2023-06-23,Done
A003522,S01502,R041,2023-06-15,2023-06-20,Done
A003523,S01502,R020,2023-06-08,2023-06-20,Completed
A003524,S01503,R025,2023-10-18,2023-10-24,complete
A003525,S01503,R026,2023-10-23,2023-10-28,Completed
A003526,S01504,R041,2023-06-28,2023-07-17,complete
A003527,S01504,R028,2023-07-04,2023-07-16,complete
A003528,S01505,R025,2023-04-04,2023-04-12,Completed
A003529,S01505,R021,03/04/2023,2023-04-08,Done
A003530,S01506,R015,2023-09-07,2023-09-15,Completed
A003531,S01506,R002,2023-09-10,2023-09-21,Completed
A003532,S01506,R049,2023-09-11,2023-09-16,complete
A003533,S01507,R025,2024-04-14,2024-05-01,Completed
A003534,S01507,R046,14/04/2024,25/04/2024,complete
A003535,S01507,R028,2024-04-15,2024-04-25,Done
A003536,S01508,R046,2024-07-16,01/08/2024,Done
A003537,S01508,R021,2024-07-16,2024-07-28,Done
A003538,S01509,R021,16/06/2023,2023-06-21,Done
A003539,S01509,R028,2023-06-20,2023-06-26,complete
A003540,S01509,R018,2023-06-19,2023-06-27,Done
A003541,S01510,R049,2024-05-30,2024-06-19,Completed
A003542,S01510,R002,2024-05-28,2024-06-04,Done
A003543,S01510,R025,26/05/2024,2024-06-17,complete
A003544,S01511,R021,2024-04-15,2024-04-30,complete
A003545,S01511,R020,2024-04-10,2024-05-03,Completed
A003546,S01512,R025,2023-08-25,,Pending
A003547,S01512,R041,2023-08-25,,Pending
A003548,S01513,R002,03/12/2023,2023-12-15,complete
A003549,S01513,R046,2023-12-09,2023-12-15,complete
A003550,S01514,R020,2023-12-30,2024-01-07,Completed
A003551,S01514,R025,2023-12-30,2024-01-08,complete
A003552,S01515,R026,2023-06-12,2023-06-17,complete
A003553,S01515,R018,2023-06-09,2023-06-18,Completed
A003554,S01515,R049,2023-06-14,,Pending
A003555,S01516,R020,2024-02-06,2024-02-17,complete
A003556,S01516,R025,2024-02-08,2024-02-22,Done
A003557,S01517,R002,27/04/2023,2023-05-15,Completed
A003558,S01517,R020,2023-05-02,18/05/2023,Done
A003559,S01517,R049,2023-04-28,20/05/2023,Done
A003560,S01518,R048,2023-06-05,2023-06-10,Completed
A003561,S01518,R020,2023-06-09,2023-06-15,Completed
A003562,S01519,R049,2024-06-12,,Pending
A003563,S01519,R015,2024-06-15,2024-07-02,Completed
A003564,S01520,R021,2023-11-11,,pending
A003565,S01520,R026,2023-11-18,2023-11-25,Completed
A003566,S01521,R020,2024-01-14,2024-01-20,complete
A003567,S01521,R026,2024-01-11,2024-01-21,complete
A003568,S01522,R002,2023-06-24,2023-06-30,complete
A003569,S01522,R041,2023-06-28,,pending
A003570,S01523,R018,2024-10-06,,pending
A003571,S01523,R025,2024-09-30,,Pending
A003572,S01524,R046,2023-06-19,2023-06-29,Completed
A003573,S01524,R015,22/06/2023,2023-07-04,Completed
A003574,S01524,R020,2023-06-18,2023-06-27,Done
A003575,S01525,R041,2023-04-19,2023-05-03,Done
A003576,S01525,R049,2023-04-15,,pending
A003577,S01526,R041,2024-06-30,,pending
A003578,S01526,R048,2024-06-29,2024-07-07,Completed
A003579,S01526,R020,2024-06-29,2024-07-10,Completed
A003580,S01527,R021,2023-08-20,2023-08-29,Completed
A003581,S01527,R048,2023-08-28,2023-09-12,complete
A003582,S01528,R015,2024-03-10,2024-03-21,complete
A003583,S01528,R020,2024-03-08,2024-03-25,complete
A003584,S01529,R025,29/09/2024,2024-10-09,Done
A003585,S01529,R026,2024-09-28,15/10/2024,Done
A003586,S01530,R002,2023-08-16,2023-08-27,Completed
A003587,S01530,R028,2023-08-14,2023-08-24,Done
A003588,S01530,R046,2023-08-13,2023-08-29,complete
A003589,S01531,R020,2023-11-04,2023-11-09,complete
A003590,S01531,R049,2023-11-03,2023-11-16,Completed
A003591,S01532,R018,2023-10-22,2023-11-01,Completed
A003592,S01532,R015,2023-10-21,2023-11-05,Completed
A003593,S01533,R002,2024-02-29,2024-03-13,complete
A003594,S01533,R049,2024-03-02,09/03/2024,Completed
A003595,S01533,R046,26/02/2024,2024-03-03,complete
A003596,S01534,R046,2024-05-20,,Pending
A003597,S01534,R025,2024-05-23,,Pending
A003598,S01534,R002,2024-05-17,,pending
A003599,S01535,R039,2023-12-20,2024-01-27,Done
A003600,S01535,R044,14/12/2023,18/01/2024,complete
A003601,S01535,R005,2023-12-16,2024-01-21,Done
A003602,S01536,R039,2024-01-04,2024-01-19,Completed
A003603,S01536,R011,2024-01-05,2024-01-28,Completed
A003604,S01537,R023,2024-01-29,2024-02-10,Done
A003605,S01537,R044,2024-01-27,2024-03-14,Done
A003606,S01538,R011,2023-07-29,2023-10-08,complete
A003607,S01538,R005,2023-07-30,2023-09-07,Done
A003608,S01539,R010,2023-07-04,2023-07-17,Completed
A003609,S01539,R006,02/07/2023,2023-07-10,Completed
A003610,S01540,R011,2023-05-05,2023-05-29,Completed
A003611,S01540,R039,2023-05-02,2023-05-24,complete
A003612,S01541,R005,2024-05-29,2024-06-23,Completed
A003613,S01541,R010,2024-05-28,2024-06-05,Completed
A003614,S01542,R045,2024-05-07,2024-05-16,complete
A003615,S01542,R011,2024-05-04,2024-05-15,complete
A003616,S01543,R010,2024-08-17,2024-09-11,complete
A003617,S01543,R005,2024-08-21,2024-09-21,Completed
A003618,S01544,R039,2023-06-02,2023-07-15,Done
A003619,S01544,R045,2023-06-03,2023-06-26,complete
A003620,S01545,R023,24/07/2023,2023-08-15,Done
A003621,S01545,R045,22/07/2023,2023-08-12,complete
A003622,S01546,R010,2023-11-08,2023-11-28,Done
A003623,S01546,R045,2023-11-06,2023-12-10,Completed
A003624,S01547,R039,21/05/2024,2024-06-19,Done
A003625,S01547,R023,21/05/2024,2024-06-19,Completed
A003626,S01547,R005,2024-05-19,2024-06-06,complete
A003627,S01548,R010,2023-05-08,2023-06-11,complete
A003628,S01548,R005,2023-05-14,2023-06-10,Done
A003629,S01549,R006,2024-06-15,16/07/2024,Completed
A003630,S01549,R010,2024-06-22,2024-08-08,complete
A003631,S01550,R005,02/01/2024,2024-02-06,complete
A003632,S01550,R006,2024-01-03,17/01/2024,Completed
A003633,S01551,R050,2023-07-01,2023-07-31,complete
A003634,S01551,R006,2023-06-27,2023-07-24,Completed
A003635,S01552,R050,2024-03-23,2024-04-09,Completed
A003636,S01552,R011,2024-03-23,2024-04-09,complete
A003637,S01553,R006,2024-09-09,2024-10-27,Completed
A003638,S01553,R039,04/09/2024,2024-10-27,complete
A003639,S01553,R010,2024-09-06,2024-10-26,Done
A003640,S01554,R039,2023-04-16,2023-04-21,complete
A003641,S01554,R011,2023-04-16,2023-05-02,Completed
A003642,S01555,R006,2023-04-25,05/06/2023,Done
A003643,S01555,R005,2023-04-25,2023-05-14,complete
A003644,S01556,R045,2023-10-19,2023-11-23,Completed
A003645,S01556,R043,2023-10-17,28/11/2023,Completed
A003646,S01556,R044,2023-10-17,04/11/2023,Done
A003647,S01557,R006,2024-06-14,2024-07-03,Completed
A003648,S01557,R050,2024-06-14,2024-07-19,complete
A003649,S01557,R023,2024-06-08,21/07/2024,complete
A003650,S01558,R050,2023-05-05,2023-06-21,Completed
A003651,S01558,R011,2023-05-13,03/06/2023,complete
A003652,S01559,R011,2023-05-20,2023-06-27,Done
A003653,S01559,R044,2023-05-25,2023-06-09,Done
A003654,S01559,R043,2023-05-26,2023-06-29,Done
A003655,S01560,R023,2024-05-10,2024-05-16,Completed
A003656,S01560,R043,2024-05-14,01/06/2024,Done
A003657,S01561,R023,2024-03-28,08/05/2024,Done
A003658,S01561,R050,2024-03-28,2024-04-20,Completed
A003659,S01561,R005,2024-04-02,2024-05-25,Done
A003660,S01562,R045,2023-08-23,2023-09-09,Done
A003661,S01562,R023,29/08/2023,2023-09-06,Done
A003662,S01563,R006,2023-12-04,2024-01-09,Completed
A003663,S01563,R039,2023-12-05,2024-01-15,complete
A003664,S01564,R010,2023-01-12,2023-02-24,complete
A003665,S01564,R005,2023-01-09,2023-01-16,complete
A003666,S01564,R006,2023-01-05,2023-02-05,complete
A003667,S01565,R011,2024-01-27,2024-03-08,complete
A003668,S01565,R023,2024-01-31,2024-02-11,Completed
A003669,S01566,R044,2023-11-13,,pending
A003670,S01566,R010,2023-11-12,2023-12-11,Done
A003671,S01567,R044,2023-09-25,16/10/2023,Done
A003672,S01567,R045,2023-09-26,2023-10-05,Completed
A003673,S01568,R010,2023-05-05,2023-05-11,Completed
A003674,S01568,R005,05/05/2023,2023-05-27,complete
A003675,S01569,R050,2023-09-21,2023-09-27,complete
A003676,S01569,R044,2023-09-13,2023-09-25,Completed
A003677,S01570,R010,2023-05-03,21/05/2023,complete
A003678,S01570,R050,2023-05-01,2023-05-08,Done
A003679,S01571,R050,2024-03-09,2024-03-25,complete
A003680,S01571,R039,2024-03-08,2024-03-28,Completed
A003681,S01571,R045,2024-03-02,2024-03-14,complete
A003682,S01572,R044,2024-01-26,,pending
A003683,S01572,R043,2024-01-28,2024-02-18,Done
A003684,S01573,R043,2024-02-12,22/03/2024,Done
A003685,S01573,R050,2024-02-12,2024-03-25,complete
A003686,S01573,R011,2024-02-15,2024-03-14,complete
A003687,S01574,R045,2023-12-29,21/01/2024,Done
A003688,S01574,R011,2023-12-27,2024-01-03,complete
A003689,S01575,R011,2024-05-09,2024-06-18,Done
A003690,S01575,R023,2024-05-03,2024-06-10,Done
A003691,S01576,R005,2023-12-06,27/12/2023,Done
A003692,S01576,R011,2023-12-06,2024-01-01,complete
A003693,S01576,R045,01/12/2023,2023-12-22,complete
A003694,S01577,R005,2024-06-14,28/06/2024,Completed
A003695,S01577,R050,14/06/2024,2024-06-20,Done
A003696,S01578,R011,2023-04-18,2023-04-30,Done
A003697,S01578,R043,2023-04-22,2023-05-02,complete
A003698,S01579,R023,2024-07-20,2024-08-01,complete
A003699,S01579,R044,2024-07-17,2024-08-09,Completed
A003700,S01579,R045,2024-07-20,2024-08-23,Completed
A003701,S01580,R044,19/02/2024,2024-03-19,complete
A003702,S01580,R011,2024-02-18,2024-03-07,Done
A003703,S01581,R023,2024-01-02,2024-02-27,Done
A003704,S01581,R011,2024-01-06,2024-02-12,complete
A003705,S01582,R011,01/04/2023,2023-04-07,complete
A003706,S01582,R006,2023-04-05,2023-04-27,complete
A003707,S01583,R005,21/08/2024,,In Progress
A003708,S01583,R039,2024-08-16,2024-08-26,Done
A003709,S01583,R044,2024-08-19,24/08/2024,Completed
A003710,S01584,R005,28/02/2024,2024-04-13,Completed
A003711,S01584,R044,2024-03-03,2024-03-31,Completed
A003712,S01585,R044,2023-03-07,2023-03-31,complete
A003713,S01585,R043,07/03/2023,2023-03-17,complete
A003714,S01585,R045,2023-03-07,2023-03-26,Completed
A003715,S01586,R050,2023-04-06,2023-05-08,Completed
A003716,S01586,R005,2023-03-31,2023-05-04,Done
A003717,S01587,R005,2024-02-29,2024-05-02,Completed
A003718,S01587,R006,2024-03-02,08/04/2024,Completed
A003719,S01587,R011,2024-03-01,2024-03-20,Completed
A003720,S01588,R010,2023-07-09,2023-08-08,complete
A003721,S01588,R045,2023-07-09,2023-08-01,complete
A003722,S01588,R005,2023-07-10,2023-08-25,Completed
A003723,S01589,R010,2024-04-30,06/05/2024,complete
A003724,S01589,R023,2024-05-01,2024-05-29,Done
A003725,S01590,R010,2023-02-10,2023-02-25,Completed
A003726,S01590,R023,2023-02-09,2023-03-10,Done
A003727,S01590,R005,2023-02-06,18/03/2023,Completed
A003728,S01591,R043,2024-05-15,2024-05-22,Done
A003729,S01591,R045,2024-05-15,2024-05-21,complete
A003730,S01592,R050,10/05/2024,2024-05-16,Completed
A003731,S01592,R023,2024-05-06,2024-05-17,complete
A003732,S01593,R010,20/05/2024,2024-06-27,Completed
A003733,S01593,R011,20/05/2024,,In Progress
A003734,S01593,R006,2024-05-17,,pending
A003735,S01594,R011,2023-05-24,2023-06-12,Done
A003736,S01594,R050,17/05/2023,21/06/2023,Done
A003737,S01594,R006,2023-05-24,2023-06-09,Done
A003738,S01595,R043,2024-01-03,07/02/2024,complete
A003739,S01595,R045,2024-01-03,2024-02-02,complete
A003740,S01596,R010,2023-08-20,2023-10-03,Completed
A003741,S01596,R044,25/08/2023,2023-09-09,Completed
A003742,S01596,R006,2023-08-26,2023-09-03,complete
A003743,S01597,R045,07/09/2023,15/09/2023,Completed
A003744,S01597,R006,2023-09-10,2023-10-09,Done
A003745,S01597,R023,2023-09-10,2023-09-28,complete
A003746,S01598,R023,2023-10-26,2023-11-10,complete
A003747,S01598,R045,2023-10-24,2023-11-24,Completed
A003748,S01598,R006,2023-10-23,2023-11-28,Completed
A003749,S01599,R005,2023-12-18,,pending
A003750,S01599,R039,2023-12-20,2024-01-22,complete
A003751,S01599,R043,2023-12-14,2024-01-13,complete
A003752,S01600,R005,2024-07-02,2024-07-18,Done
A003753,S01600,R044,2024-06-26,2024-07-21,Completed
A003754,S01601,R011,2024-01-02,16/02/2024,complete
A003755,S01601,R044,2024-01-03,2024-01-15,Done
A003756,S01602,R005,2023-06-17,04/07/2023,Completed
A003757,S01602,R039,2023-06-19,2023-07-02,Done
A003758,S01603,R010,2023-08-22,2023-08-29,complete
A003759,S01603,R045,18/08/2023,2023-09-10,complete
A003760,S01604,R050,2024-01-14,2024-02-22,Completed
A003761,S01604,R010,15/01/2024,2024-02-17,Completed
A003762,S01605,R023,2023-09-04,2023-09-20,Done
A003763,S01605,R005,2023-09-03,2023-09-19,complete
A003764,S01606,R045,2024-05-06,2024-06-11,complete
A003765,S01606,R023,2024-05-09,2024-05-15,Done
A003766,S01607,R010,2023-01-13,2023-02-27,Completed
A003767,S01607,R005,2023-01-19,2023-02-10,Completed
A003768,S01608,R006,2023-10-02,2023-10-08,Completed
A003769,S01608,R039,2023-10-06,2023-10-24,Completed
A003770,S01609,R010,10/02/2023,2023-03-13,Done
A003771,S01609,R011,2023-02-04,2023-03-18,Done
A003772,S01609,R023,2023-02-08,2023-03-17,Completed
A003773,S01610,R011,04/08/2024,2024-09-03,complete
A003774,S01610,R044,2024-07-30,2024-08-12,complete
A003775,S01611,R045,2023-12-06,2024-02-18,Done
A003776,S01611,R044,2023-12-09,2024-02-05,complete
A003777,S01612,R045,28/09/2023,09/10/2023,Done
A003778,S01612,R039,2023-09-20,2023-10-15,Done
A003779,S01612,R011,2023-09-26,2023-10-12,Done
A003780,S01613,R039,2024-05-06,2024-06-18,complete
A003781,S01613,R011,2024-05-07,2024-06-03,Done
A003782,S01613,R005,2024-05-06,2024-06-25,complete
A003783,S01614,R023,2024-07-07,19/07/2024,Completed
A003784,S01614,R010,2024-07-07,2024-08-04,complete
A003785,S01615,R043,2024-08-21,2024-09-02,Completed
A003786,S01615,R044,2024-08-27,2024-09-03,Completed
A003787,S01615,R050,2024-08-23,11/09/2024,Done
A003788,S01616,R023,06/10/2023,2023-10-23,Done
A003789,S01616,R011,2023-10-06,2023-11-28,complete
A003790,S01617,R039,18/01/2023,2023-02-09,complete
A003791,S01617,R045,2023-01-10,2023-01-23,Completed
A003792,S01618,R043,2024-01-29,2024-02-05,complete
A003793,S01618,R050,2024-01-23,11/02/2024,complete
A003794,S01619,R006,2023-12-30,2024-02-06,Completed
A003795,S01619,R050,2024-01-03,05/02/2024,Completed
A003796,S01620,R045,2024-04-11,2024-04-22,Done
A003797,S01620,R044,2024-04-13,2024-05-07,Completed
A003798,S01621,R045,2023-07-06,2023-07-19,Done
A003799,S01621,R039,2023-07-04,10/07/2023,Completed
A003800,S01622,R039,30/10/2023,2024-01-09,complete
A003801,S01622,R050,2023-10-27,2023-12-10,Completed
A003802,S01623,R023,2024-05-08,28/05/2024,complete
A003803,S01623,R050,06/05/2024,2024-05-21,Completed
A003804,S01623,R010,2024-05-11,2024-06-01,Completed
A003805,S01624,R050,23/03/2024,2024-04-10,Completed
A003806,S01624,R039,2024-03-24,2024-04-10,Completed
A003807,S01625,R005,2023-01-17,2023-02-15,complete
A003808,S01625,R010,2023-01-19,2023-02-01,Completed
A003809,S01626,R045,2023-10-18,2023-12-04,complete
A003810,S01626,R043,2023-10-17,2023-10-28,Completed
A003811,S01627,R006,2024-06-26,2024-07-02,Done
A003812,S01627,R023,2024-06-26,2024-07-12,Completed
A003813,S01628,R050,2023-05-11,2023-05-27,complete
A003814,S01628,R005,2023-05-09,28/05/2023,Done
A003815,S01629,R005,2023-01-20,25/01/2023,Completed
A003816,S01629,R039,2023-01-19,2023-01-30,complete
A003817,S01629,R011,2023-01-17,2023-01-24,complete
A003818,S01630,R044,2024-06-23,2024-07-29,complete
A003819,S01630,R011,2024-06-21,2024-07-10,Completed
A003820,S01631,R023,2024-02-15,2024-04-16,complete
A003821,S01631,R050,10/02/2024,2024-03-31,Completed
A003822,S01632,R043,15/05/2023,2023-05-26,Done
A003823,S01632,R044,2023-05-20,2023-06-07,complete
A003824,S01633,R011,2024-06-19,2024-06-25,complete
A003825,S01633,R039,2024-06-18,2024-07-16,Done
A003826,S01634,R006,2023-08-16,04/09/2023,Done
A003827,S01634,R044,2023-08-14,2023-08-27,Done
A003828,S01635,R044,2024-01-06,2024-01-30,Completed
A003829,S01635,R050,2024-01-06,2024-01-20,Completed
A003830,S01636,R006,2023-04-04,2023-05-25,complete
A003831,S01636,R010,2023-04-03,2023-05-31,Completed
A003832,S01636,R023,2023-04-03,2023-05-01,Done
A003833,S01637,R043,2024-09-19,2024-10-05,Done
A003834,S01637,R011,2024-09-18,2024-10-20,Done
A003835,S01637,R023,2024-09-17,2024-10-04,complete
A003836,S01638,R050,2023-06-24,2023-07-30,Done
A003837,S01638,R006,2023-06-25,31/07/2023,Completed
A003838,S01638,R023,2023-06-23,2023-07-30,Done
A003839,S01639,R005,2024-08-12,2024-08-17,complete
A003840,S01639,R023,2024-08-12,2024-09-08,Completed
A003841,S01640,R005,2023-05-07,06/06/2023,complete
A003842,S01640,R006,2023-05-07,,In Progress
A003843,S01641,R044,2024-03-26,2024-04-17,complete
A003844,S01641,R010,2024-03-25,2024-05-05,complete
A003845,S01641,R023,2024-03-27,2024-04-24,complete
A003846,S01642,R005,2024-07-30,28/08/2024,complete
A003847,S01642,R023,2024-07-27,04/08/2024,Done
A003848,S01643,R006,2023-10-10,2023-11-15,Done
A003849,S01643,R045,2023-10-10,2023-11-04,Completed
A003850,S01644,R043,2024-05-27,2024-06-25,Completed
A003851,S01644,R011,21/05/2024,2024-06-23,Done
A003852,S01645,R050,02/11/2023,2023-12-09,complete
A003853,S01645,R044,2023-10-31,2023-12-16,complete
A003854,S01646,R006,2024-05-25,2024-06-13,complete
A003855,S01646,R045,2024-05-21,2024-05-27,Completed
A003856,S01646,R050,2024-05-18,2024-05-27,complete
A003857,S01647,R005,2023-11-07,2023-12-02,complete
A003858,S01647,R044,2023-11-09,2023-11-25,complete
A003859,S01648,R050,2024-03-24,2024-05-08,complete
A003860,S01648,R010,2024-03-22,2024-04-19,complete
A003861,S01648,R011,2024-03-27,2024-04-25,Done
A003862,S01649,R006,2024-05-02,2024-05-24,complete
A003863,S01649,R005,02/05/2024,2024-05-16,complete
A003864,S01650,R011,2024-08-08,2024-10-04,Done
A003865,S01650,R050,2024-08-02,2024-09-30,Done
A003866,S01651,R023,2023-08-29,2023-09-04,complete
A003867,S01651,R043,2023-08-30,2023-09-05,complete
A003868,S01652,R010,2024-03-23,2024-03-31,Done
A003869,S01652,R011,2024-03-20,2024-03-25,Done
A003870,S01653,R005,2024-02-12,2024-03-14,Done
A003871,S01653,R045,2024-02-06,2024-03-08,Completed
A003872,S01653,R023,2024-02-06,2024-02-25,complete
A003873,S01654,R006,03/07/2024,2024-08-02,Completed
A003874,S01654,R023,2024-07-01,2024-08-01,Done
A003875,S01655,R006,2023-11-01,2023-12-12,Completed
A003876,S01655,R045,2023-11-07,2023-11-23,Done
A003877,S01656,R050,2024-05-04,2024-05-26,Done
A003878,S01656,R006,2024-05-07,2024-06-18,complete
A003879,S01657,R005,2023-08-15,2023-09-17,complete
A003880,S01657,R023,2023-08-22,2023-09-14,complete
A003881,S01658,R006,2024-10-03,2024-10-18,complete
A003882,S01658,R039,2024-10-04,2024-11-01,Done
A003883,S01659,R044,2023-10-14,2023-11-15,complete
A003884,S01659,R005,2023-10-14,2023-11-02,Completed
A003885,S01660,R050,2023-06-08,2023-07-07,complete
A003886,S01660,R039,2023-06-11,2023-06-18,Completed
A003887,S01661,R045,2023-04-18,2023-05-16,complete
A003888,S01661,R010,2023-04-20,2023-06-03,Completed
A003889,S01662,R006,2023-06-11,2023-06-19,Done
A003890,S01662,R044,2023-06-12,28/07/2023,complete
A003891,S01662,R045,2023-06-11,2023-06-27,Done
A003892,S01663,R010,2023-07-29,2023-08-18,Completed
A003893,S01663,R011,2023-08-03,2023-08-08,complete
A003894,S01664,R039,2023-05-11,03/06/2023,complete
A003895,S01664,R023,2023-05-13,2023-05-29,Done
A003896,S01665,R043,2023-05-05,2023-06-03,Completed
A003897,S01665,R023,2023-05-07,2023-06-17,Completed
A003898,S01665,R006,2023-05-05,2023-05-20,Completed
A003899,S01666,R006,2023-10-30,2023-11-12,Completed
A003900,S01666,R010,31/10/2023,2023-11-15,Done
A003901,S01667,R045,2023-09-10,2023-09-27,Completed
A003902,S01667,R023,2023-09-09,2023-10-10,Completed
A003903,S01668,R023,2023-01-05,2023-02-06,complete
A003904,S01668,R050,2023-01-10,2023-01-28,complete
A003905,S01668,R011,2023-01-06,2023-01-24,complete
A003906,S01669,R023,19/04/2023,04/05/2023,complete
A003907,S01669,R050,2023-04-18,12/05/2023,Completed
A003908,S01670,R045,2023-01-11,2023-02-16,complete
A003909,S01670,R005,2023-01-05,2023-02-19,Done
A003910,S01671,R044,2023-12-18,2024-01-27,Completed
A003911,S01671,R039,2023-12-16,2024-02-03,Done
A003912,S01671,R005,2023-12-16,2024-01-11,Completed
A003913,S01672,R011,2024-01-17,2024-03-09,complete
A003914,S01672,R045,2024-01-21,2024-02-12,complete
A003915,S01673,R050,2023-04-21,2023-05-23,complete
A003916,S01673,R045,2023-04-19,,pending
A003917,S01674,R005,2023-06-12,2023-07-22,complete
A003918,S01674,R023,2023-06-05,2023-06-13,Done
A003919,S01675,R043,2023-10-05,2023-11-02,Done
A003920,S01675,R023,2023-10-03,2023-10-12,Completed
A003921,S01675,R044,2023-10-08,2023-10-25,Completed
A003922,S01676,R043,2024-03-29,2024-04-05,complete
A003923,S01676,R011,23/03/2024,2024-04-07,Done
A003924,S01677,R045,2024-03-09,2024-03-20,Done
A003925,S01677,R011,2024-03-08,2024-03-22,complete
A003926,S01678,R043,2023-11-01,2023-11-08,Done
A003927,S01678,R044,2023-11-02,2023-11-27,Completed
A003928,S01679,R050,25/05/2023,2023-06-06,Done
A003929,S01679,R010,2023-05-21,2023-06-25,Completed
A003930,S01680,R045,2023-11-24,2023-12-25,Completed
A003931,S01680,R050,28/11/2023,,In Progress
A003932,S01680,R005,2023-11-24,2023-12-14,complete
A003933,S01681,R045,2024-01-06,2024-02-13,complete
A003934,S01681,R006,08/01/2024,2024-01-18,Completed
A003935,S01682,R010,2023-03-24,2023-04-09,Done
A003936,S01682,R006,2023-03-22,2023-04-22,Done
A003937,S01683,R005,2023-09-17,2023-09-30,Done
A003938,S01683,R006,2023-09-09,2023-10-05,Done
A003939,S01683,R050,2023-09-09,2023-10-01,Done
A003940,S01684,R039,2023-06-26,2023-07-26,Completed
A003941,S01684,R010,2023-06-27,31/07/2023,Done
A003942,S01684,R050,2023-06-24,2023-07-06,complete
A003943,S01685,R006,2023-02-13,2023-03-02,Completed
A003944,S01685,R043,2023-02-17,2023-03-12,Completed
A003945,S01685,R010,18/02/2023,2023-03-26,complete
A003946,S01686,R011,2023-03-11,,In Progress
A003947,S01686,R043,2023-03-05,2023-03-28,Completed
A003948,S01687,R006,2024-02-22,2024-03-19,complete
A003949,S01687,R023,2024-02-17,2024-04-22,Completed
A003950,S01688,R006,2023-02-18,2023-03-08,Completed
A003951,S01688,R044,2023-02-16,2023-03-16,complete
A003952,S01688,R043,2023-02-23,2023-03-03,Completed
A003953,S01689,R006,2024-01-05,2024-02-12,Completed
A003954,S01689,R039,2024-01-04,2024-01-24,Completed
A003955,S01690,R045,2023-06-19,2023-06-29,complete
A003956,S01690,R023,2023-06-22,2023-07-06,Done
A003957,S01690,R044,2023-06-22,,pending
A003958,S01691,R045,2023-01-15,2023-01-20,complete
A003959,S01691,R011,2023-01-14,2023-02-20,Done
A003960,S01691,R006,2023-01-14,2023-01-20,complete
A003961,S01692,R005,2023-03-14,2023-04-19,Completed
A003962,S01692,R039,2023-03-09,2023-04-20,complete
A003963,S01693,R023,2023-06-12,2023-06-22,complete
A003964,S01693,R039,2023-06-11,2023-07-31,complete
A003965,S01694,R006,2024-08-11,2024-09-06,complete
A003966,S01694,R011,2024-08-16,2024-09-01,complete
A003967,S01695,R023,2024-07-24,2024-09-06,complete
A003968,S01695,R043,2024-07-23,19/08/2024,Completed
A003969,S01696,R010,2024-09-15,2024-10-01,complete
A003970,S01696,R011,2024-09-15,2024-10-16,complete
A003971,S01696,R043,2024-09-21,2024-10-14,complete
A003972,S01697,R023,2023-04-05,2023-04-29,Completed
A003973,S01697,R006,2023-03-31,2023-04-07,Done
A003974,S01697,R050,05/04/2023,2023-04-29,complete
A003975,S01698,R005,2024-04-08,2024-04-16,complete
A003976,S01698,R050,2024-04-12,2024-05-12,complete
A003977,S01698,R045,2024-04-10,2024-05-07,complete
A003978,S01699,R044,2024-08-20,2024-09-20,Done
A003979,S01699,R006,2024-08-19,2024-09-26,complete
A003980,S01700,R006,23/08/2024,2024-09-05,complete
A003981,S01700,R010,24/08/2024,2024-10-14,Done
A003982,S01701,R050,2023-02-05,2023-03-14,Completed
A003983,S01701,R011,2023-01-28,2023-03-03,Completed
A003984,S01701,R045,2023-02-02,2023-02-22,complete
A003985,S01702,R010,2024-07-20,2024-07-29,complete
A003986,S01702,R006,2024-07-25,2024-09-12,complete
A003987,S01703,R005,2023-11-15,2023-11-28,Completed
A003988,S01703,R010,2023-11-07,2023-12-04,complete
A003989,S01703,R039,2023-11-11,2023-11-22,complete
A003990,S01704,R039,2023-06-26,2023-08-05,complete
A003991,S01704,R050,2023-07-01,2023-08-02,Done
A003992,S01705,R023,2024-03-18,2024-04-21,Completed
A003993,S01705,R044,19/03/2024,2024-04-22,complete
A003994,S01705,R005,2024-03-16,2024-04-30,Done
A003995,S01706,R010,2024-05-05,17/05/2024,Done
A003996,S01706,R043,2024-05-09,,Pending
A003997,S01706,R006,2024-05-07,2024-05-20,Done
A003998,S01707,R006,2024-03-15,2024-04-30,complete
A003999,S01707,R010,2024-03-14,2024-04-27,Completed
A004000,S01708,R044,2023-04-28,2023-05-25,Done
A004001,S01708,R006,2023-04-28,2023-05-06,Completed
A004002,S01709,R017,08/03/2023,2023-03-19,complete
A004003,S01709,R019,2023-03-05,2023-03-16,Done
A004004,S01710,R036,11/01/2023,2023-01-17,complete
A004005,S01710,R040,2023-01-14,2023-02-04,complete
A004006,S01711,R007,2023-05-31,2023-07-02,Completed
A004007,S01711,R030,2023-05-31,2023-06-07,complete
A004008,S01712,R007,2024-02-29,2024-03-17,Done
A004009,S01712,R040,2024-03-06,2024-03-16,Completed
A004010,S01713,R030,2024-09-03,27/09/2024,complete
A004011,S01713,R014,2024-09-10,2024-09-20,Completed
A004012,S01713,R019,2024-09-03,2024-09-18,Completed
A004013,S01714,R019,2024-02-18,2024-03-14,Done
A004014,S01714,R040,2024-02-26,2024-03-03,Completed
A004015,S01715,R019,2023-06-07,2023-06-26,Completed
A004016,S01715,R040,2023-06-06,01/07/2023,Completed
A004017,S01716,R014,2024-05-31,2024-06-26,Done
A004018,S01716,R030,2024-05-29,2024-06-06,Done
A004019,S01717,R017,21/12/2023,2024-01-15,complete
A004020,S01717,R036,2023-12-22,2024-01-15,complete
A004021,S01717,R047,2023-12-28,2024-01-13,complete
A004022,S01718,R040,2024-10-06,2024-11-13,Done
A004023,S01718,R036,06/10/2024,,pending
A004024,S01718,R030,2024-10-04,2024-10-25,complete
A004025,S01719,R019,2024-02-29,2024-03-20,Completed
A004026,S01719,R047,2024-03-04,2024-03-27,complete
A004027,S01720,R047,2023-08-23,2023-09-17,complete
A004028,S01720,R030,2023-08-21,2023-09-01,Completed
A004029,S01721,R007,08/10/2023,2023-10-15,Done
A004030,S01721,R017,2023-10-08,2023-10-16,Done
A004031,S01722,R040,2023-08-24,2023-10-05,Completed
A004032,S01722,R017,2023-08-31,2023-09-07,Done
A004033,S01722,R019,2023-08-25,2023-10-04,Done
A004034,S01723,R036,2023-10-01,2023-10-10,Completed
A004035,S01723,R007,2023-09-27,2023-11-05,Completed
A004036,S01724,R047,2023-07-29,2023-08-05,complete
A004037,S01724,R017,2023-08-01,2023-08-28,Completed
A004038,S01725,R007,2024-03-28,2024-04-24,Done
A004039,S01725,R030,2024-03-29,2024-04-27,complete
A004040,S01726,R017,2024-01-24,2024-02-18,Done
A004041,S01726,R014,2024-01-25,03/02/2024,Completed
A004042,S01727,R004,2023-10-02,12/10/2023,Done
A004043,S01727,R047,2023-10-06,2023-10-15,Completed
A004044,S01728,R040,2024-03-18,,pending
A004045,S01728,R007,2024-03-17,2024-03-31,complete
A004046,S01729,R030,2024-09-07,2024-09-16,complete
A004047,S01729,R004,2024-09-03,2024-09-15,Completed
A004048,S01730,R014,2024-01-06,,In Progress
A004049,S01730,R030,2024-01-09,2024-02-04,complete
A004050,S01730,R040,2024-01-07,2024-01-24,Done
A004051,S01731,R004,2024-08-27,2024-09-06,Done
A004052,S01731,R030,03/09/2024,2024-09-09,Completed
A004053,S01732,R030,11/07/2024,2024-07-30,Done
A004054,S01732,R036,2024-07-15,2024-08-07,Completed
A004055,S01733,R047,2023-11-27,2023-12-04,Completed
A004056,S01733,R007,2023-11-24,2023-12-04,Completed
A004057,S01734,R040,2023-01-05,2023-01-20,complete
A004058,S01734,R004,2023-01-11,21/01/2023,Done
A004059,S01735,R014,2023-11-25,2024-01-01,complete
A004060,S01735,R040,2023-11-19,2023-11-27,complete
A004061,S01735,R036,2023-11-22,31/12/2023,complete
A004062,S01736,R007,2023-08-09,2023-08-25,Done
A004063,S01736,R004,2023-08-12,2023-09-06,complete
A004064,S01737,R047,2023-07-23,2023-08-21,complete
A004065,S01737,R036,2023-07-23,2023-07-29,complete
A004066,S01738,R047,2023-08-20,2023-09-07,Done
A004067,S01738,R014,2023-08-17,2023-08-28,Completed
A004068,S01739,R019,2023-06-08,2023-07-01,complete
A004069,S01739,R036,11/06/2023,,pending
A004070,S01739,R007,2023-06-08,2023-06-18,complete
A004071,S01740,R036,2024-04-15,2024-04-27,Completed
A004072,S01740,R007,2024-04-18,2024-05-20,Done
A004073,S01740,R004,2024-04-22,2024-05-14,Completed
A004074,S01741,R047,21/08/2023,29/09/2023,Completed
A004075,S01741,R004,2023-08-23,2023-09-27,complete
A004076,S01741,R007,2023-08-20,2023-09-01,Done
A004077,S01742,R004,2024-09-14,2024-09-30,complete
A004078,S01742,R019,2024-09-13,,pending
A004079,S01743,R047,2023-08-26,2023-09-05,Completed
A004080,S01743,R040,2023-08-26,2023-09-10,complete
A004081,S01744,R030,2024-09-25,2024-10-19,Done
A004082,S01744,R004,2024-09-24,2024-09-30,Done
A004083,S01745,R007,2023-12-27,2024-01-09,complete
A004084,S01745,R004,25/12/2023,2024-01-01,Done
A004085,S01746,R030,2023-09-12,2023-10-05,Completed
A004086,S01746,R047,2023-09-09,29/09/2023,Completed
A004087,S01746,R007,2023-09-12,04/10/2023,Completed
A004088,S01747,R030,2023-04-15,2023-05-14,complete
A004089,S01747,R007,2023-04-14,2023-04-30,complete
A004090,S01747,R004,2023-04-13,19/04/2023,complete
A004091,S01748,R047,2024-09-23,2024-10-05,Completed
A004092,S01748,R040,2024-09-30,2024-10-06,Completed
A004093,S01749,R036,2023-01-08,2023-01-15,complete
A004094,S01749,R040,13/01/2023,2023-02-17,complete
A004095,S01750,R007,28/06/2024,2024-07-28,Done
A004096,S01750,R030,2024-06-26,2024-07-17,Completed
A004097,S01751,R019,2023-12-26,2024-01-13,complete
A004098,S01751,R014,2024-01-02,2024-01-10,Completed
A004099,S01752,R019,2023-02-02,28/02/2023,Done
A004100,S01752,R047,2023-02-02,2023-03-01,Completed
A004101,S01753,R014,2024-05-30,2024-06-16,Completed
A004102,S01753,R030,2024-06-06,2024-06-27,Done
A004103,S01754,R030,2024-07-11,2024-07-19,complete
A004104,S01754,R047,2024-07-12,2024-08-05,Done
A004105,S01755,R017,2024-05-29,03/07/2024,Completed
A004106,S01755,R007,2024-05-27,2024-07-08,Completed
A004107,S01756,R007,14/05/2023,2023-06-16,Completed
A004108,S01756,R030,2023-05-18,2023-06-15,Completed
A004109,S01756,R014,2023-05-12,2023-05-30,complete
A004110,S01757,R004,2023-04-24,2023-05-01,complete
A004111,S01757,R040,2023-04-22,2023-05-09,complete
A004112,S01758,R007,2023-04-19,2023-05-07,Done
A004113,S01758,R014,2023-04-20,2023-05-10,Done
A004114,S01758,R040,2023-04-23,2023-04-30,complete
A004115,S01759,R017,2024-08-16,2024-08-28,Done
A004116,S01759,R004,2024-08-22,2024-09-19,Completed
A004117,S01760,R036,2023-06-07,2023-06-30,complete
A004118,S01760,R004,2023-06-09,2023-06-16,complete
A004119,S01761,R017,2024-04-06,2024-04-26,Done
A004120,S01761,R014,2024-04-05,2024-04-28,Completed
A004121,S01762,R007,2024-01-17,,Pending
A004122,S01762,R004,2024-01-15,2024-01-25,Completed
A004123,S01763,R040,2024-08-03,2024-08-11,complete
A004124,S01763,R047,2024-08-06,30/08/2024,Done
A004125,S01764,R007,2023-02-15,2023-02-22,complete
A004126,S01764,R040,2023-02-16,2023-02-24,complete
A004127,S01765,R004,2023-06-26,2023-07-24,Done
A004128,S01765,R017,2023-06-23,2023-07-20,Done
A004129,S01766,R030,2024-08-04,2024-09-02,Done
A004130,S01766,R036,2024-08-05,2024-08-14,Completed
A004131,S01767,R030,2024-07-19,2024-08-10,Done
A004132,S01767,R007,2024-07-17,2024-07-25,Completed
A004133,S01768,R036,12/09/2023,2023-10-09,complete
A004134,S01768,R017,10/09/2023,01/10/2023,Completed
A004135,S01768,R007,2023-09-11,2023-09-27,Done
A004136,S01769,R004,2024-02-14,19/02/2024,complete
A004137,S01769,R019,2024-02-06,2024-02-19,complete
A004138,S01770,R047,2024-09-20,2024-09-25,complete
A004139,S01770,R004,2024-09-20,2024-09-27,Completed
A004140,S01771,R040,2024-01-19,2024-02-07,Done
A004141,S01771,R017,2024-01-15,2024-02-21,Done
A004142,S01772,R036,2023-12-03,09/12/2023,complete
A004143,S01772,R014,2023-12-04,2023-12-09,complete
A004144,S01772,R007,2023-12-03,2023-12-15,complete
A004145,S01773,R019,2023-11-16,09/12/2023,Completed
A004146,S01773,R047,2023-11-17,2023-12-08,Completed
A004147,S01774,R030,2023-06-02,2023-06-19,Completed
A004148,S01774,R036,2023-05-27,2023-06-30,Completed
A004149,S01774,R004,2023-06-02,2023-06-20,Done
A004150,S01775,R040,2023-04-23,2023-05-22,Completed
A004151,S01775,R017,2023-04-28,2023-05-04,complete
A004152,S01775,R014,2023-04-23,2023-04-28,complete
A004153,S01776,R014,18/03/2024,2024-04-10,Done
A004154,S01776,R004,2024-03-15,2024-04-13,complete
A004155,S01776,R036,2024-03-11,2024-03-24,complete
A004156,S01777,R036,2023-11-27,2023-12-21,Completed
A004157,S01777,R030,2023-11-19,2023-12-30,complete
A004158,S01778,R004,2024-05-10,12/06/2024,Done
A004159,S01778,R014,2024-05-16,2024-05-28,Done
A004160,S01779,R040,2024-04-27,2024-05-27,complete
A004161,S01779,R014,2024-05-04,2024-05-28,Completed
A004162,S01779,R004,2024-05-02,2024-06-03,complete
A004163,S01780,R007,2024-03-15,2024-04-01,Completed
A004164,S01780,R030,2024-03-14,2024-03-22,complete
A004165,S01781,R014,2023-04-05,15/04/2023,Completed
A004166,S01781,R017,2023-04-02,2023-04-19,complete
A004167,S01781,R030,2023-04-05,2023-04-11,Completed
A004168,S01782,R017,2024-06-01,2024-07-21,Done
A004169,S01782,R019,2024-06-03,2024-06-09,Completed
A004170,S01782,R036,02/06/2024,10/07/2024,Completed
A004171,S01783,R040,2023-07-23,2023-08-02,Done
A004172,S01783,R014,2023-07-18,21/08/2023,complete
A004173,S01784,R014,19/08/2023,2023-09-06,Done
A004174,S01784,R019,2023-08-23,31/08/2023,Done
A004175,S01785,R040,2024-08-31,2024-09-15,Completed
A004176,S01785,R036,2024-09-02,2024-09-18,Completed
A004177,S01786,R019,2023-04-16,2023-04-21,Done
A004178,S01786,R014,2023-04-19,2023-04-26,Done
A004179,S01787,R030,2023-04-18,2023-05-01,Completed
A004180,S01787,R004,2023-04-18,,pending
A004181,S01788,R036,2024-07-12,2024-07-17,complete
A004182,S01788,R047,2024-07-08,01/08/2024,complete
A004183,S01788,R030,2024-07-09,2024-07-26,Done
A004184,S01789,R040,2023-07-30,,In Progress
A004185,S01789,R007,2023-07-30,2023-08-07,Completed
A004186,S01789,R014,2023-08-05,2023-08-16,complete
A004187,S01790,R014,2024-08-06,28/08/2024,complete
A004188,S01790,R047,2024-08-13,2024-08-23,Done
A004189,S01790,R019,2024-08-07,2024-08-23,complete
A004190,S01791,R014,2024-09-30,2024-10-25,complete
A004191,S01791,R030,2024-10-02,2024-10-10,Completed
A004192,S01792,R019,2024-02-27,2024-03-07,Completed
A004193,S01792,R047,2024-03-04,2024-03-24,Done
A004194,S01792,R004,2024-03-03,2024-03-20,Completed
A004195,S01793,R030,2024-09-21,2024-09-30,Completed
A004196,S01793,R040,2024-09-23,12/11/2024,Done
A004197,S01793,R004,2024-09-20,2024-09-25,Completed
A004198,S01794,R019,2024-06-06,2024-06-29,Completed
A004199,S01794,R030,2024-06-08,2024-06-22,complete
A004200,S01795,R014,2023-02-27,,pending
A004201,S01795,R007,2023-02-23,2023-03-02,Done
A004202,S01795,R047,24/02/2023,2023-03-01,Done
A004203,S01796,R030,2023-12-21,2024-02-02,Completed
A004204,S01796,R004,2023-12-24,2024-01-02,Done
A004205,S01797,R004,2024-04-04,2024-05-04,Completed
A004206,S01797,R007,2024-04-09,2024-04-17,Done
A004207,S01798,R036,2023-08-06,2023-08-27,complete
A004208,S01798,R019,06/08/2023,2023-09-05,Done
A004209,S01799,R030,26/09/2024,03/10/2024,Completed
A004210,S01799,R014,2024-09-19,2024-10-26,complete
A004211,S01799,R040,2024-09-27,2024-10-21,complete
A004212,S01800,R036,2024-06-30,2024-07-06,Done
A004213,S01800,R007,2024-07-01,18/07/2024,complete
A004214,S01800,R014,2024-06-28,2024-07-16,Completed
A004215,S01801,R007,2023-08-10,2023-09-01,Done
A004216,S01801,R017,2023-08-16,12/09/2023,complete
A004217,S01801,R040,2023-08-15,2023-09-01,Done
A004218,S01802,R030,2023-10-15,2023-11-13,Completed
A004219,S01802,R047,2023-10-12,2023-11-14,Done
A004220,S01803,R019,2023-05-08,2023-05-16,Completed
A004221,S01803,R030,2023-05-04,2023-05-29,Completed
A004222,S01804,R030,2024-02-24,2024-03-11,Done
A004223,S01804,R007,2024-02-20,2024-03-14,complete
A004224,S01805,R047,2024-01-11,2024-02-06,complete
A004225,S01805,R019,2024-01-08,2024-02-10,Completed
A004226,S01805,R036,2024-01-14,2024-01-29,Done
A004227,S01806,R036,2023-07-04,27/07/2023,Done
A004228,S01806,R017,08/07/2023,06/08/2023,Completed
A004229,S01807,R036,2024-07-27,2024-08-15,Completed
A004230,S01807,R004,2024-07-25,2024-09-07,complete
A004231,S01808,R036,2024-04-01,2024-04-07,Done
A004232,S01808,R014,2024-04-04,,Pending
A004233,S01808,R004,2024-03-30,13/04/2024,Done
A004234,S01809,R017,2023-02-23,15/03/2023,complete
A004235,S01809,R047,01/03/2023,2023-03-17,Completed
A004236,S01810,R040,26/06/2024,2024-08-05,complete
A004237,S01810,R004,2024-06-30,2024-08-02,Completed
A004238,S01811,R014,26/07/2024,2024-08-25,Done
A004239,S01811,R017,2024-07-27,2024-08-24,complete
A004240,S01812,R036,2024-02-28,2024-03-28,complete
A004241,S01812,R007,2024-03-01,2024-03-14,Completed
A004242,S01813,R030,2023-03-30,2023-04-11,complete
A004243,S01813,R019,2023-04-04,12/04/2023,Done
A004244,S01814,R036,2024-04-29,2024-05-12,Done
A004245,S01814,R030,2024-04-30,2024-05-22,Done
A004246,S01815,R047,2023-04-03,2023-04-24,Done
A004247,S01815,R036,2023-04-02,2023-04-26,complete
A004248,S01815,R030,30/03/2023,2023-05-04,Completed
A004249,S01816,R040,22/07/2023,2023-08-03,Completed
A004250,S01816,R047,26/07/2023,2023-08-14,complete
A004251,S01817,R036,2023-12-25,2024-01-05,Done
A004252,S01817,R007,2023-12-25,2024-02-05,complete
A004253,S01817,R047,2023-12-24,2024-01-10,Done
A004254,S01818,R017,2024-08-30,2024-09-07,complete
A004255,S01818,R040,2024-08-27,2024-09-21,Done
A004256,S01819,R014,2023-11-19,2023-12-02,Done
A004257,S01819,R030,2023-11-26,2023-12-18,Done
A004258,S01819,R017,2023-11-26,2023-12-17,Completed
A004259,S01820,R040,2023-12-23,2024-01-25,Done
A004260,S01820,R014,2023-12-28,2024-01-07,Completed
A004261,S01821,R004,2024-06-18,2024-07-10,complete
A004262,S01821,R007,2024-06-11,10/07/2024,complete
A004263,S01822,R019,2024-07-18,2024-08-15,Done
A004264,S01822,R047,19/07/2024,28/07/2024,Done
A004265,S01822,R004,2024-07-19,2024-08-17,Done
A004266,S01823,R017,2023-06-06,2023-07-10,complete
A004267,S01823,R040,2023-06-03,08/06/2023,Completed
A004268,S01823,R047,2023-06-04,2023-07-09,Done
A004269,S01824,R040,2023-10-22,2023-11-12,complete
A004270,S01824,R047,2023-10-19,2023-11-14,Done
A004271,S01824,R036,2023-10-24,2023-11-11,complete
A004272,S01825,R047,2023-08-09,2023-09-01,Completed
A004273,S01825,R040,2023-08-08,2023-09-17,Completed
A004274,S01825,R036,2023-08-07,2023-08-16,Completed
A004275,S01826,R014,2023-02-09,2023-02-17,Done
A004276,S01826,R007,2023-02-04,2023-02-21,Completed
A004277,S01826,R019,2023-02-06,2023-02-14,complete
A004278,S01827,R004,2024-07-30,2024-08-07,complete
A004279,S01827,R007,31/07/2024,2024-08-11,Completed
A004280,S01828,R047,2023-06-27,2023-07-10,complete
A004281,S01828,R040,2023-06-23,2023-08-03,Done
A004282,S01829,R007,2023-10-17,2023-11-07,Done
A004283,S01829,R036,2023-10-19,2023-11-10,Completed
A004284,S01830,R014,05/11/2023,2023-11-22,complete
A004285,S01830,R040,2023-11-05,2023-11-26,complete
A004286,S01831,R030,2023-03-24,2023-05-13,Completed
A004287,S01831,R019,2023-03-28,2023-04-14,Done
A004288,S01831,R017,2023-03-29,2023-05-04,complete
A004289,S01832,R007,2023-09-09,29/09/2023,complete
A004290,S01832,R030,06/09/2023,2023-10-04,complete
A004291,S01833,R019,2023-08-06,2023-08-30,Done
A004292,S01833,R030,2023-08-14,2023-09-04,complete
A004293,S01834,R036,20/01/2024,2024-02-04,Done
A004294,S01834,R019,21/01/2024,10/02/2024,Done
A004295,S01835,R014,2023-04-16,2023-05-05,Done
A004296,S01835,R040,2023-04-10,2023-05-07,Completed
A004297,S01836,R014,2023-06-30,2023-07-16,complete
A004298,S01836,R019,2023-06-28,2023-07-24,complete
A004299,S01837,R014,2023-10-11,,pending
A004300,S01837,R040,2023-10-14,2023-10-25,Done
A004301,S01838,R004,2023-11-17,2023-12-03,Completed
A004302,S01838,R019,13/11/2023,2024-01-01,Completed
A004303,S01839,R040,10/08/2023,2023-08-20,complete
A004304,S01839,R030,2023-08-05,2023-08-31,Completed
A004305,S01840,R030,2023-05-30,2023-06-06,complete
A004306,S01840,R019,2023-06-03,2023-06-25,complete
A004307,S01841,R019,2023-11-26,2023-12-29,Completed
A004308,S01841,R040,2023-12-01,2023-12-07,Completed
A004309,S01841,R017,2023-11-29,2023-12-21,Completed
A004310,S01842,R007,2024-02-14,2024-02-28,complete
A004311,S01842,R040,2024-02-14,2024-03-15,complete
A004312,S01843,R019,2024-06-25,2024-08-18,complete
A004313,S01843,R030,2024-07-03,2024-08-02,complete
A004314,S01844,R007,2023-04-03,2023-04-16,Completed
A004315,S01844,R017,2023-04-06,2023-04-28,Done
A004316,S01845,R004,2024-06-02,2024-07-08,Completed
A004317,S01845,R030,2024-06-05,2024-07-08,Done
A004318,S01846,R047,2024-01-09,2024-01-17,Done
A004319,S01846,R007,2024-01-08,2024-01-26,complete
A004320,S01847,R030,09/02/2023,2023-02-17,Completed
A004321,S01847,R036,2023-02-08,2023-03-17,Completed
A004322,S01847,R047,2023-02-12,2023-03-03,Done
A004323,S01848,R012,2024-04-17,2024-06-09,Completed
A004324,S01848,R022,2024-04-18,2024-04-28,Completed
A004325,S01849,R032,2024-05-24,2024-05-31,Completed
A004326,S01849,R001,2024-05-23,2024-06-17,complete
A004327,S01850,R022,2023-12-08,2023-12-24,Completed
A004328,S01850,R032,2023-12-08,2023-12-22,Completed
A004329,S01850,R009,2023-12-06,2024-01-13,Completed
A004330,S01851,R032,2023-01-15,2023-02-16,Done
A004331,S01851,R034,2023-01-21,2023-02-09,Completed
A004332,S01851,R029,2023-01-14,2023-02-15,Completed
A004333,S01852,R022,2024-07-13,2024-08-12,Done
A004334,S01852,R034,2024-07-19,2024-08-05,Completed
A004335,S01852,R012,2024-07-16,2024-08-03,Done
A004336,S01853,R012,2023-10-25,2023-11-20,complete
A004337,S01853,R032,2023-10-25,2023-10-31,complete
A004338,S01854,R042,11/12/2023,2024-01-19,complete
A004339,S01854,R032,2023-12-11,2024-01-05,Completed
A004340,S01855,R012,2024-03-28,2024-04-09,Completed
A004341,S01855,R022,2024-03-29,,Pending
A004342,S01856,R034,2024-06-17,2024-06-29,complete
A004343,S01856,R022,2024-06-14,2024-07-13,complete
A004344,S01857,R009,2024-08-08,2024-08-13,Done
A004345,S01857,R022,2024-08-06,2024-08-27,Done
A004346,S01858,R012,2023-03-23,2023-05-09,Done
A004347,S01858,R009,2023-03-24,2023-04-16,Completed
A004348,S01859,R001,2023-06-03,2023-07-05,Done
A004349,S01859,R009,2023-06-02,2023-06-08,complete
A004350,S01859,R034,2023-06-07,2023-07-08,Completed
A004351,S01860,R029,2023-11-17,2023-12-08,Completed
A004352,S01860,R034,2023-11-09,,Pending
A004353,S01861,R022,2023-05-11,13/06/2023,Completed
A004354,S01861,R009,2023-05-12,2023-05-17,complete
A004355,S01862,R032,2023-10-23,2023-11-04,complete
A004356,S01862,R034,2023-10-23,2023-11-17,Completed
A004357,S01862,R012,2023-10-24,2023-11-08,Done
A004358,S01863,R009,2023-07-10,2023-08-01,complete
A004359,S01863,R022,2023-07-06,2023-07-28,Done
A004360,S01863,R034,2023-07-10,2023-08-22,Done
A004361,S01864,R022,2023-09-12,2023-09-17,Completed
A004362,S01864,R001,2023-09-13,2023-10-17,Completed
A004363,S01865,R012,2024-09-05,2024-10-11,Completed
A004364,S01865,R001,10/09/2024,2024-10-14,complete
A004365,S01866,R029,2024-10-03,2024-10-21,Completed
A004366,S01866,R001,10/10/2024,2024-10-15,complete
A004367,S01867,R032,2023-10-01,2023-10-08,Done
A004368,S01867,R029,2023-10-07,2023-10-22,Done
A004369,S01868,R001,2023-11-12,2023-12-08,Completed
A004370,S01868,R022,2023-11-09,2023-11-26,Completed
A004371,S01869,R001,2024-01-13,2024-02-11,Done
A004372,S01869,R029,2024-01-08,2024-02-07,Completed
A004373,S01870,R009,2023-08-07,31/08/2023,complete
A004374,S01870,R034,2023-08-02,2023-08-21,Done
A004375,S01871,R022,2024-05-29,2024-06-05,Completed
A004376,S01871,R042,2024-05-22,2024-06-14,Completed
A004377,S01871,R032,2024-05-25,2024-06-17,Done
A004378,S01872,R034,2024-06-01,2024-07-09,Completed
A004379,S01872,R012,30/05/2024,2024-06-04,Done
A004380,S01873,R042,2023-01-19,2023-03-14,Completed
A004381,S01873,R029,23/01/2023,2023-03-10,Done
A004382,S01874,R001,2023-04-28,2023-05-21,Done
A004383,S01874,R012,2023-04-29,2023-05-25,Done
A004384,S01875,R022,2024-07-12,2024-08-13,Completed
A004385,S01875,R012,2024-07-10,2024-08-17,Completed
A004386,S01876,R012,2023-02-09,2023-03-09,Done
A004387,S01876,R032,2023-02-04,2023-03-28,complete
A004388,S01876,R029,2023-02-10,2023-03-08,complete
A004389,S01877,R012,01/11/2023,2023-11-24,Completed
A004390,S01877,R042,2023-10-31,17/11/2023,Done
A004391,S01877,R022,28/10/2023,2023-11-10,Completed
A004392,S01878,R001,2023-08-21,2023-09-25,Completed
A004393,S01878,R042,2023-08-26,11/10/2023,complete
A004394,S01879,R032,2023-07-03,2023-07-25,complete
A004395,S01879,R042,2023-07-01,2023-08-14,complete
A004396,S01880,R001,2023-02-07,2023-03-01,Done
A004397,S01880,R009,06/02/2023,2023-03-11,Done
A004398,S01881,R032,2023-05-13,2023-06-04,complete
A004399,S01881,R029,2023-05-17,04/06/2023,Done
A004400,S01882,R012,2023-01-07,2023-03-08,Completed
A004401,S01882,R022,2023-01-11,2023-02-12,Completed
A004402,S01882,R042,12/01/2023,2023-01-27,Completed
A004403,S01883,R001,2023-03-24,2023-04-02,complete
A004404,S01883,R034,2023-03-22,2023-05-01,Done
A004405,S01883,R042,22/03/2023,2023-05-04,complete
A004406,S01884,R001,05/03/2024,2024-03-10,Completed
A004407,S01884,R034,2024-03-04,2024-04-23,Completed
A004408,S01885,R022,14/08/2024,28/08/2024,complete
A004409,S01885,R042,2024-08-14,18/09/2024,Completed
A004410,S01885,R032,2024-08-16,2024-08-21,complete
A004411,S01886,R012,2024-01-23,2024-03-03,Done
A004412,S01886,R042,2024-01-20,2024-02-20,Completed
A004413,S01886,R022,2024-01-20,03/02/2024,complete
A004414,S01887,R012,2024-06-10,17/06/2024,Completed
A004415,S01887,R001,2024-06-08,2024-06-28,complete
A004416,S01887,R042,09/06/2024,2024-06-17,Completed
A004417,S01888,R022,2024-05-28,23/07/2024,complete
A004418,S01888,R012,2024-06-04,2024-07-17,Completed
A004419,S01889,R034,2023-07-04,2023-08-02,Completed
A004420,S01889,R001,2023-07-04,2023-08-07,complete
A004421,S01890,R029,2023-04-04,27/04/2023,complete
A004422,S01890,R001,2023-04-06,2023-04-21,Done
A004423,S01891,R032,2024-06-07,2024-06-16,Done
A004424,S01891,R022,2024-06-08,2024-06-15,Completed
A004425,S01891,R012,2024-06-04,,In Progress
A004426,S01892,R022,2024-10-01,2024-11-17,Completed
A004427,S01892,R009,2024-09-28,2024-10-30,Done
A004428,S01893,R022,14/10/2023,24/10/2023,Done
A004429,S01893,R012,14/10/2023,2023-11-12,complete
A004430,S01893,R001,2023-10-12,2023-10-26,Completed
A004431,S01894,R029,2024-09-26,2024-10-17,Completed
A004432,S01894,R032,2024-09-25,2024-10-29,Completed
A004433,S01895,R001,2024-06-18,2024-07-01,Done
A004434,S01895,R009,2024-06-18,2024-07-15,Done
A004435,S01896,R022,2024-03-26,2024-05-21,Done
A004436,S01896,R001,2024-03-25,2024-05-01,complete
A004437,S01897,R001,2023-01-19,,In Progress
A004438,S01897,R032,2023-01-13,2023-02-22,Completed
A004439,S01898,R029,2023-11-07,2023-12-10,complete
A004440,S01898,R012,2023-11-03,2023-11-08,complete
A004441,S01899,R001,2023-01-31,,In Progress
A004442,S01899,R012,2023-02-05,2023-02-12,complete
A004443,S01899,R032,2023-02-06,20/02/2023,Completed
A004444,S01900,R022,2023-08-16,18/09/2023,complete
A004445,S01900,R001,2023-08-12,2023-09-14,complete
A004446,S01900,R029,2023-08-19,2023-08-26,Completed
A004447,S01901,R012,2023-02-25,2023-04-26,complete
A004448,S01901,R022,01/03/2023,2023-03-08,complete
A004449,S01902,R034,2024-01-10,2024-01-18,Completed
A004450,S01902,R032,2024-01-15,2024-03-06,Completed
A004451,S01903,R012,2024-04-15,18/05/2024,complete
A004452,S01903,R001,12/04/2024,2024-04-25,Completed
A004453,S01903,R009,2024-04-15,2024-05-19,Done
A004454,S01904,R042,2024-07-03,2024-07-21,Done
A004455,S01904,R009,2024-07-09,2024-07-24,Completed
A004456,S01904,R029,2024-07-09,2024-07-21,Done
A004457,S01905,R029,2023-07-25,2023-08-07,Done
A004458,S01905,R012,2023-07-24,2023-08-19,Completed
A004459,S01905,R001,2023-07-26,2023-08-13,complete
A004460,S01906,R034,2024-05-10,2024-06-01,Completed
A004461,S01906,R029,2024-05-07,30/05/2024,complete
A004462,S01907,R042,2023-11-17,2023-12-24,Completed
A004463,S01907,R009,2023-11-20,2024-01-05,complete
A004464,S01907,R029,2023-11-19,05/12/2023,Completed
A004465,S01908,R042,2023-05-12,2023-05-24,Completed
A004466,S01908,R001,17/05/2023,2023-05-23,Done
A004467,S01909,R012,2024-04-02,2024-05-05,Completed
A004468,S01909,R009,2024-04-01,2024-04-21,Done
A004469,S01910,R032,2023-12-26,2024-02-01,Completed
A004470,S01910,R012,24/12/2023,2024-02-05,Done
A004471,S01911,R034,2024-03-06,2024-03-29,complete
A004472,S01911,R029,2024-03-08,2024-03-28,Done
A004473,S01911,R042,2024-03-07,2024-03-23,Completed
A004474,S01912,R042,2023-08-14,2023-09-02,Done
A004475,S01912,R022,2023-08-16,2023-08-31,complete
A004476,S01913,R009,2023-08-17,2023-09-09,Done
A004477,S01913,R022,2023-08-09,03/09/2023,Completed
A004478,S01913,R012,2023-08-16,2023-09-10,Done
A004479,S01914,R034,2023-01-18,03/03/2023,Completed
A004480,S01914,R029,2023-01-16,2023-02-21,Done
A004481,S01915,R022,2024-03-13,2024-04-15,complete
A004482,S01915,R012,2024-03-07,2024-03-24,Done
A004483,S01916,R012,2023-11-25,2024-01-19,Completed
A004484,S01916,R022,2023-11-24,2023-12-21,Done
A004485,S01916,R009,2023-11-25,2024-01-25,Done
A004486,S01917,R032,2023-08-21,2023-09-23,Done
A004487,S01917,R034,2023-08-23,2023-09-15,Done
A004488,S01918,R042,2023-08-09,24/09/2023,Completed
A004489,S01918,R009,2023-08-07,2023-08-29,Done
A004490,S01918,R022,2023-08-08,2023-10-02,Completed
A004491,S01919,R001,2023-06-12,2023-07-17,Completed
A004492,S01919,R042,2023-06-12,2023-07-02,Completed
A004493,S01920,R042,2024-02-21,2024-03-07,Done
A004494,S01920,R022,2024-02-25,2024-03-27,Completed
A004495,S01921,R029,2023-03-17,2023-04-08,Completed
A004496,S01921,R001,2023-03-19,2023-03-28,complete
A004497,S01921,R034,2023-03-23,2023-04-21,Completed
A004498,S01922,R034,2024-08-28,2024-10-14,Done
A004499,S01922,R001,2024-08-26,2024-09-05,Done
A004500,S01923,R029,18/07/2023,,Pending
A004501,S01923,R034,11/07/2023,2023-07-18,Completed
A004502,S01924,R012,2023-11-22,2023-12-06,Completed
A004503,S01924,R022,2023-11-20,2023-11-27,complete
A004504,S01925,R029,2023-02-10,06/03/2023,Completed
A004505,S01925,R001,2023-02-03,2023-03-12,Done
A004506,S01925,R012,05/02/2023,2023-02-18,Done
A004507,S01926,R001,2023-01-18,26/01/2023,complete
A004508,S01926,R034,2023-01-23,,In Progress
A004509,S01927,R042,2023-12-03,2023-12-08,Done
A004510,S01927,R001,02/12/2023,2023-12-17,Completed
A004511,S01928,R012,2023-06-29,2023-08-05,complete
A004512,S01928,R032,2023-06-27,2023-07-26,Completed
A004513,S01929,R042,2023-05-05,20/05/2023,Done
A004514,S01929,R022,2023-05-08,2023-06-02,Completed
A004515,S01930,R032,2024-01-19,2024-02-12,Done
A004516,S01930,R029,2024-01-25,2024-02-02,Completed
A004517,S01931,R009,2023-11-12,2023-11-20,Completed
A004518,S01931,R042,2023-11-19,,Pending
A004519,S01932,R042,2023-02-01,2023-03-15,Completed
A004520,S01932,R009,2023-01-31,19/02/2023,complete
A004521,S01933,R032,2024-01-03,2024-02-08,Completed
A004522,S01933,R012,2024-01-08,2024-02-11,Completed
A004523,S01933,R042,2024-01-06,,In Progress
A004524,S01934,R032,2024-09-06,2024-09-27,Completed
A004525,S01934,R034,2024-09-03,2024-10-04,Completed
A004526,S01935,R034,2023-03-29,2023-04-14,Done
A004527,S01935,R029,29/03/2023,2023-04-05,Done
A004528,S01935,R012,25/03/2023,2023-04-17,Completed
A004529,S01936,R042,2023-06-24,2023-06-30,complete
A004530,S01936,R009,2023-06-19,2023-08-11,Completed
A004531,S01937,R022,10/02/2024,2024-03-30,Done
A004532,S01937,R032,10/02/2024,2024-03-25,complete
A004533,S01938,R022,2024-01-15,2024-02-03,complete
A004534,S01938,R034,2024-01-15,2024-01-25,Done
A004535,S01939,R022,2023-06-06,2023-06-20,Completed
A004536,S01939,R012,2023-06-07,2023-06-20,Completed
A004537,S01939,R042,2023-06-10,2023-06-17,Done
A004538,S01940,R022,07/11/2023,2023-12-09,Completed
A004539,S01940,R032,2023-11-08,19/11/2023,Completed
A004540,S01941,R034,2023-02-21,2023-03-08,Completed
A004541,S01941,R009,2023-02-21,2023-04-01,complete
A004542,S01941,R042,22/02/2023,2023-03-26,Done
A004543,S01942,R009,2024-05-18,2024-06-25,Done
A004544,S01942,R012,2024-05-24,2024-06-10,Done
A004545,S01943,R009,2024-06-27,09/07/2024,Done
A004546,S01943,R042,2024-07-02,2024-07-20,Completed
A004547,S01943,R034,03/07/2024,2024-08-16,Done
A004548,S01944,R001,2024-03-25,2024-04-23,Done
A004549,S01944,R032,2024-03-28,2024-04-21,Completed
A004550,S01945,R001,2024-06-28,2024-07-10,Completed
A004551,S01945,R009,24/06/2024,2024-07-02,Completed
A004552,S01946,R029,2023-12-31,2024-01-20,Done
A004553,S01946,R042,2024-01-03,2024-01-22,Completed
A004554,S01947,R001,2023-04-22,2023-05-31,Done
A004555,S01947,R032,2023-04-24,2023-05-28,Done
A004556,S01948,R012,2023-10-25,2023-11-05,Done
A004557,S01948,R009,2023-10-27,2023-11-19,complete
A004558,S01949,R012,2024-04-20,2024-05-03,Done
A004559,S01949,R029,2024-04-18,2024-05-11,complete
A004560,S01950,R042,2024-09-30,2024-10-12,complete
A004561,S01950,R029,2024-09-26,2024-10-04,Completed
A004562,S01950,R009,2024-09-26,15/10/2024,Done
A004563,S01951,R001,29/06/2024,2024-07-15,Done
A004564,S01951,R042,2024-06-27,2024-08-04,Completed
A004565,S01951,R032,2024-06-30,,In Progress
A004566,S01952,R042,2023-07-17,2023-07-30,Completed
A004567,S01952,R029,14/07/2023,2023-07-20,Done
A004568,S01953,R032,2024-05-04,2024-05-30,Done
A004569,S01953,R009,07/05/2024,2024-05-25,Done
A004570,S01954,R022,2023-11-09,2023-12-27,complete
A004571,S01954,R042,07/11/2023,2023-12-09,Done
A004572,S01954,R001,2023-11-07,2023-11-23,Done
A004573,S01955,R009,17/06/2023,,In Progress
A004574,S01955,R042,15/06/2023,2023-07-24,complete
A004575,S01955,R022,2023-06-10,2023-07-26,complete
A004576,S01956,R042,04/09/2023,2023-09-27,Completed
A004577,S01956,R022,2023-09-09,17/09/2023,complete
A004578,S01957,R009,2023-11-14,2023-12-11,Done
A004579,S01957,R029,2023-11-15,2023-11-22,complete
A004580,S01958,R022,2023-02-07,18/03/2023,Completed
A004581,S01958,R034,2023-02-07,2023-03-23,complete
A004582,S01959,R009,2024-07-22,2024-07-29,complete
A004583,S01959,R042,2024-07-25,2024-08-17,Done
A004584,S01960,R022,2024-03-20,18/05/2024,Completed
A004585,S01960,R034,2024-03-24,2024-03-30,Completed
A004586,S01960,R042,2024-03-16,2024-03-22,complete
A004587,S01961,R029,2024-08-23,2024-09-16,Completed
A004588,S01961,R001,2024-08-21,2024-09-22,Completed
A004589,S01962,R042,2023-10-13,21/11/2023,Done
A004590,S01962,R029,2023-10-16,2023-10-24,complete
A004591,S01962,R009,2023-10-14,2023-10-29,complete
A004592,S01963,R042,2023-10-31,2023-11-23,Completed
A004593,S01963,R012,01/11/2023,2023-11-14,Done
A004594,S01963,R029,2023-11-02,2023-11-12,Completed
A004595,S01964,R009,2023-05-05,2023-05-12,complete
A004596,S01964,R029,27/04/2023,2023-05-05,complete
A004597,S01965,R009,2023-08-22,2023-10-06,complete
A004598,S01965,R032,2023-08-23,2023-08-30,Done
A004599,S01965,R042,26/08/2023,2023-10-20,complete
A004600,S01966,R012,2024-02-01,2024-02-08,complete
A004601,S01966,R042,2024-02-06,2024-03-01,Completed
A004602,S01966,R032,2024-02-06,2024-02-28,Completed
A004603,S01967,R034,2024-01-19,2024-02-02,Done
A004604,S01967,R022,2024-01-19,2024-02-08,Completed
A004605,S01968,R029,2024-01-11,2024-01-28,Completed
A004606,S01968,R012,05/01/2024,2024-01-29,Completed
A004607,S01968,R001,2024-01-08,2024-01-13,Completed
A004608,S01969,R034,2024-03-14,2024-04-08,Completed
A004609,S01969,R029,2024-03-13,2024-03-26,Completed
A004610,S01970,R012,2024-05-28,2024-06-19,Completed
A004611,S01970,R009,2024-05-31,2024-07-03,Done
A004612,S01971,R029,2023-09-21,14/10/2023,Completed
A004613,S01971,R034,2023-09-18,2023-09-25,Done
A004614,S01972,R009,2023-05-03,07/06/2023,Done
A004615,S01972,R034,06/05/2023,14/05/2023,complete
A004616,S01973,R012,2024-06-25,2024-07-03,complete
A004617,S01973,R009,2024-06-18,2024-07-04,Done
A004618,S01973,R022,2024-06-22,17/07/2024,Completed
A004619,S01974,R042,2023-01-21,2023-02-09,Completed
A004620,S01974,R001,2023-01-14,2023-02-13,Completed
A004621,S01975,R009,2023-12-01,2023-12-21,Completed
A004622,S01975,R032,2023-11-25,2023-12-17,Done
A004623,S01975,R042,2023-11-29,12/01/2024,Completed
A004624,S01976,R042,2024-05-27,,Pending
A004625,S01976,R022,2024-05-21,2024-06-08,complete
A004626,S01977,R032,27/02/2024,2024-03-31,Done
A004627,S01977,R022,2024-02-24,18/04/2024,complete
A004628,S01978,R042,2024-07-22,2024-08-06,Completed
A004629,S01978,R029,24/07/2024,,In Progress
A004630,S01979,R042,2023-08-25,2023-09-15,Completed
A004631,S01979,R009,2023-08-22,2023-09-15,complete
A004632,S01980,R022,30/05/2023,10/06/2023,complete
A004633,S01980,R009,2023-06-02,2023-06-13,Done
A004634,S01980,R001,2023-06-03,2023-06-25,Completed
A004635,S01981,R034,2024-03-08,2024-03-17,Done
A004636,S01981,R032,2024-03-07,05/04/2024,Completed
A004637,S01982,R034,2023-01-20,2023-01-30,complete
A004638,S01982,R022,2023-01-14,2023-03-03,Done
A004639,S01983,R009,2023-06-25,2023-08-11,Done
A004640,S01983,R029,2023-06-19,02/07/2023,Done
A004641,S01983,R042,26/06/2023,2023-07-31,Done
A004642,S01984,R042,2024-08-13,10/09/2024,Completed
A004643,S01984,R032,2024-08-17,2024-08-22,Done
A004644,S01985,R042,2024-06-18,2024-07-25,complete
A004645,S01985,R009,2024-06-17,,pending
A004646,S01986,R022,2023-01-21,2023-01-29,complete
A004647,S01986,R029,22/01/2023,2023-02-08,Completed
A004648,S01987,R032,2024-06-29,2024-07-04,complete
A004649,S01987,R009,03/07/2024,2024-07-15,Done
A004650,S01987,R001,2024-07-02,2024-07-19,Done
A004651,S01988,R009,2024-09-17,2024-10-01,Completed
A004652,S01988,R012,2024-09-09,2024-09-24,complete
A004653,S01988,R042,2024-09-13,,In Progress
A004654,S01989,R012,2023-03-31,2023-04-27,Done
A004655,S01989,R022,2023-04-02,2023-04-11,Done
A004656,S01989,R009,2023-03-31,2023-04-06,Done
A004657,S01990,R009,2023-11-02,2023-11-19,Done
A004658,S01990,R029,2023-10-26,01/11/2023,Completed
A004659,S01991,R029,2023-06-06,2023-07-06,Completed
A004660,S01991,R012,2023-06-11,2023-06-21,Completed
A004661,S01991,R001,2023-06-07,2023-07-15,complete
A004662,S01992,R012,2023-06-04,2023-06-29,Completed
A004663,S01992,R032,08/06/2023,2023-06-30,complete
A004664,S01993,R032,2024-07-26,2024-07-31,Done
A004665,S01993,R022,2024-07-23,2024-08-04,Completed
A004666,S01994,R009,15/06/2024,08/08/2024,Completed
A004667,S01994,R034,2024-06-13,2024-07-18,Completed
A004668,S01995,R029,2024-07-18,04/08/2024,complete
A004669,S01995,R042,2024-07-18,2024-07-25,Done
A004670,S01996,R009,06/05/2024,2024-05-14,Done
A004671,S01996,R032,2024-05-06,30/05/2024,Done
A004672,S01997,R009,2023-11-10,2023-11-19,Done
A004673,S01997,R042,2023-11-14,2023-12-02,Completed
A004674,S01998,R032,2023-09-19,2023-09-28,Completed
A004675,S01998,R034,2023-09-16,2023-10-02,complete
A004676,S01999,R012,2023-11-26,2023-12-23,Completed
A004677,S01999,R029,2023-11-29,2023-12-14,Done
A004678,S01999,R042,30/11/2023,2023-12-12,Done
A004679,S02000,R032,2023-06-18,2023-07-05,complete
A004680,S02000,R022,2023-06-16,2023-07-06,Completed
A004681,S02000,R034,2023-06-15,2023-07-19,Completed
A004682,S02001,R012,2024-03-18,2024-04-03,Done
A004683,S02001,R042,2024-03-17,2024-03-30,Done
A004684,S02001,R009,2024-03-14,2024-03-20,Completed
A004685,S02002,R032,2023-04-16,2023-04-24,complete
A004686,S02002,R029,2023-04-16,28/04/2023,Completed
A004687,S02002,R042,2023-04-17,2023-04-28,Done
A004688,S02003,R029,2024-04-08,2024-05-02,Done
A004689,S02003,R032,09/04/2024,2024-04-20,Done
A004690,S02003,R009,2024-04-09,2024-05-13,Completed
A004691,S02004,R042,2023-01-08,2023-01-19,complete
A004692,S02004,R012,2023-01-08,04/02/2023,Done
A004693,S02005,R042,2024-07-29,2024-08-05,Done
A004694,S02005,R009,2024-07-26,02/08/2024,complete
A004695,S02005,R029,2024-07-29,2024-08-03,complete
A004696,S02006,R029,2024-01-26,2024-02-09,Done
A004697,S02006,R012,2024-02-01,2024-03-10,Done
A004698,S02007,R042,2024-01-20,2024-02-07,Completed
A004699,S02007,R009,22/01/2024,2024-02-20,Done
A004700,S02007,R034,19/01/2024,2024-01-31,Completed
A004701,S02008,R029,2024-10-05,2024-10-27,Completed
A004702,S02008,R009,2024-10-01,2024-11-10,Done
A004703,S02009,R012,2023-05-11,2023-05-28,complete
A004704,S02009,R042,14/05/2023,2023-05-25,Completed
A004705,S02009,R034,2023-05-11,2023-05-31,Done
A004706,S02010,R009,2024-03-15,2024-04-09,complete
A004707,S02010,R012,17/03/2024,2024-04-10,Done
A004708,S02011,R022,2023-10-04,2023-10-16,Completed
A004709,S02011,R034,2023-09-29,2023-10-13,Done
A004710,S02012,R022,2023-02-23,,Pending
A004711,S02012,R009,2023-02-24,2023-03-29,Completed
A004712,S02012,R032,03/03/2023,2023-03-23,complete
A004713,S02013,R032,2024-06-18,2024-07-02,Completed
A004714,S02013,R034,2024-06-21,2024-06-28,complete
A004715,S02013,R001,2024-06-15,2024-07-21,Completed
A004716,S02014,R032,2023-09-29,2023-11-03,Completed
A004717,S02014,R012,2023-09-23,07/10/2023,complete
A004718,S02014,R034,2023-09-21,2023-10-09,Done
A004719,S02015,R042,2023-04-17,2023-06-15,complete
A004720,S02015,R009,2023-04-23,2023-06-01,complete
A004721,S02015,R001,2023-04-19,2023-05-20,Done
A004722,S02016,R029,2023-09-16,12/10/2023,Done
A004723,S02016,R032,2023-09-16,24/10/2023,Completed
A004724,S02017,R034,2023-09-16,2023-10-19,Done
A004725,S02017,R042,12/09/2023,12/10/2023,complete
A004726,S02018,R042,2024-01-27,2024-02-08,complete
A004727,S02018,R022,2024-01-30,2024-02-19,Done
A004728,S02018,R032,2024-01-28,2024-02-02,complete
A004729,S02019,R009,2024-09-27,2024-10-10,Done
A004730,S02019,R029,2024-09-24,21/10/2024,complete
A004731,S02019,R032,2024-09-24,22/10/2024,Done
A004732,S02020,R022,2024-05-17,2024-05-31,Completed
A004733,S02020,R001,2024-05-21,2024-06-25,complete
A004734,S02020,R042,2024-05-15,05/07/2024,Done
A004735,S02021,R022,2023-02-07,2023-02-22,Done
A004736,S02021,R034,2023-02-05,2023-02-24,Done
A004737,S02021,R012,2023-02-06,13/03/2023,complete
A004738,S02022,R032,2024-03-11,2024-04-02,Done
A004739,S02022,R022,2024-03-07,2024-03-16,Completed
A004740,S02023,R029,2023-05-14,26/05/2023,Completed
A004741,S02023,R034,2023-05-10,21/05/2023,complete
A004742,S02023,R009,2023-05-14,2023-06-05,complete
A004743,S02024,R022,2023-08-26,2023-09-11,Completed
A004744,S02024,R001,2023-08-31,2023-10-01,Done
A004745,S02024,R029,2023-08-28,2023-09-29,Done
A004746,S02025,R009,05/04/2024,2024-04-14,Completed
A004747,S02025,R012,2024-04-04,2024-04-10,complete
A004748,S02025,R001,2024-04-09,14/04/2024,complete
A004749,S02026,R012,2023-05-15,2023-06-21,Done
A004750,S02026,R009,2023-05-23,2023-06-22,Completed
A004751,S02027,R022,2023-03-19,2023-04-09,Done
A004752,S02027,R029,2023-03-22,2023-04-01,Completed
A004753,S02028,R034,2023-07-24,2023-08-01,Done
A004754,S02028,R029,2023-07-25,2023-07-30,Done
A004755,S02028,R012,2023-07-25,2023-09-01,Completed
A004756,S02029,R029,2024-07-06,2024-08-01,Completed
A004757,S02029,R042,2024-06-30,2024-07-26,Done
A004758,S02030,R012,2024-04-01,2024-04-11,Done
A004759,S02030,R009,2024-03-31,2024-04-25,complete
A004760,S02030,R034,2024-03-30,2024-04-08,Completed
A004761,S02031,R032,2024-03-12,2024-04-26,Completed
A004762,S02031,R022,15/03/2024,,pending
A004763,S02031,R034,2024-03-12,2024-04-20,complete
A004764,S02032,R009,2023-11-04,2023-11-19,complete
A004765,S02032,R032,2023-11-03,2023-11-27,Completed
A004766,S02032,R012,2023-10-27,2023-11-01,Done
A004767,S02033,R009,2023-04-28,2023-06-01,Done
A004768,S02033,R034,2023-05-05,2023-05-18,complete
A004769,S02034,R012,2023-01-14,2023-01-29,Completed
A004770,S02034,R034,2023-01-09,2023-02-03,Done
A004771,S02034,R009,2023-01-11,2023-01-28,Done
A004772,S02035,R009,2024-01-11,2024-01-30,Completed
A004773,S02035,R032,2024-01-12,2024-01-30,Done
A004774,S02036,R034,2023-11-29,09/12/2023,Done
A004775,S02036,R032,2023-11-28,2023-12-13,complete
A004776,S02036,R012,2023-11-28,2023-12-13,Completed
A004777,S02037,R009,2023-02-08,2023-02-15,Done
A004778,S02037,R034,2023-02-12,2023-03-05,Done
A004779,S02038,R032,2024-09-26,2024-10-21,Completed
A004780,S02038,R029,2024-10-03,2024-10-25,complete
A004781,S02039,R042,24/02/2024,2024-03-08,Done
A004782,S02039,R029,2024-02-26,2024-03-14,Done
A004783,S02040,R013,2023-08-08,2023-08-23,Completed
A004784,S02040,R024,2023-08-07,2023-09-01,Done
A004785,S02040,R033,2023-08-07,2023-08-26,Done
A004786,S02041,R031,2023-11-18,11/12/2023,Completed
A004787,S02041,R024,16/11/2023,2023-12-12,Completed
A004788,S02041,R003,2023-11-15,2023-12-04,Done
A004789,S02042,R008,2024-01-25,,Pending
A004790,S02042,R024,2024-01-22,,In Progress
A004791,S02043,R031,2024-04-10,2024-04-25,Done
A004792,S02043,R013,2024-04-08,2024-05-13,Done
A004793,S02044,R024,2023-10-01,2023-10-15,Completed
A004794,S02044,R003,2023-09-27,2023-10-20,Done
A004795,S02044,R031,29/09/2023,2023-10-05,Completed
A004796,S02045,R033,2023-03-13,2023-03-30,complete
A004797,S02045,R013,2023-03-16,29/03/2023,Done
A004798,S02046,R033,2023-05-19,2023-05-30,complete
A004799,S02046,R003,2023-05-19,05/06/2023,Completed
A004800,S02047,R013,2023-01-18,2023-02-07,Done
A004801,S02047,R024,2023-01-15,2023-01-22,Completed
A004802,S02048,R003,2023-12-19,29/12/2023,Completed
A004803,S02048,R031,2023-12-15,2023-12-22,Done
A004804,S02048,R008,2023-12-18,2023-12-27,Done
A004805,S02049,R031,2023-02-22,27/02/2023,Completed
A004806,S02049,R003,2023-02-25,2023-03-28,Completed
A004807,S02049,R037,23/02/2023,22/03/2023,Done
A004808,S02050,R008,2023-03-13,2023-03-22,Completed
A004809,S02050,R033,2023-03-08,2023-03-13,Completed
A004810,S02051,R033,2023-07-26,2023-08-03,complete
A004811,S02051,R031,19/07/2023,16/08/2023,Done
A004812,S02052,R033,2024-07-09,2024-07-21,complete
A004813,S02052,R031,2024-07-08,2024-07-22,complete
A004814,S02052,R024,2024-07-12,17/07/2024,complete
A004815,S02053,R024,2023-05-28,2023-06-17,complete
A004816,S02053,R008,2023-05-27,2023-06-06,Done
A004817,S02054,R037,2024-02-29,2024-03-23,complete
A004818,S02054,R003,2024-02-28,25/03/2024,Completed
A004819,S02054,R008,2024-02-24,2024-03-18,Done
A004820,S02055,R031,2023-02-17,2023-03-03,Completed
A004821,S02055,R024,2023-02-16,2023-02-23,Completed
A004822,S02055,R003,2023-02-20,2023-03-05,Done
A004823,S02056,R033,2023-10-02,2023-10-17,Completed
A004824,S02056,R031,2023-10-03,2023-10-25,complete
A004825,S02057,R024,2023-08-06,2023-08-12,Completed
A004826,S02057,R013,2023-08-10,2023-08-31,Done
A004827,S02057,R037,2023-08-09,2023-08-14,Done
A004828,S02058,R013,2024-07-15,2024-08-04,Done
A004829,S02058,R033,2024-07-20,2024-07-25,Done
A004830,S02059,R037,2023-02-16,2023-03-10,complete
A004831,S02059,R008,17/02/2023,2023-03-03,complete
A004832,S02060,R031,2024-03-19,2024-03-25,complete
A004833,S02060,R037,18/03/2024,,In Progress
A004834,S02061,R024,2024-08-30,2024-09-07,Completed
A004835,S02061,R013,2024-08-31,2024-09-08,complete
A004836,S02061,R037,2024-09-01,2024-09-08,Completed
A004837,S02062,R013,05/10/2024,22/10/2024,Completed
A004838,S02062,R031,2024-10-01,2024-10-14,Done
A004839,S02062,R037,2024-09-29,2024-11-05,Done
A004840,S02063,R033,2023-03-08,,pending
A004841,S02063,R031,2023-03-09,,Pending
A004842,S02063,R024,2023-03-06,,pending
A004843,S02064,R024,2023-02-14,2023-02-19,Done
A004844,S02064,R003,2023-02-16,2023-03-21,Done
A004845,S02065,R008,2024-07-10,18/07/2024,Completed
A004846,S02065,R031,2024-07-11,2024-08-02,Completed
A004847,S02066,R037,2024-01-23,2024-01-28,complete
A004848,S02066,R003,2024-01-28,,In Progress
A004849,S02067,R013,2024-07-18,2024-08-06,Completed
A004850,S02067,R003,2024-07-23,2024-08-11,Done
A004851,S02067,R037,2024-07-15,2024-08-07,Completed
A004852,S02068,R008,2024-06-02,2024-06-08,complete
A004853,S02068,R024,2024-06-07,2024-06-26,Done
A004854,S02069,R003,2024-06-07,2024-06-19,Done
A004855,S02069,R008,2024-06-09,24/06/2024,complete
A004856,S02069,R024,2024-06-04,2024-06-20,Done
A004857,S02070,R003,26/02/2023,10/03/2023,Completed
A004858,S02070,R008,2023-02-26,2023-03-08,complete
A004859,S02070,R031,2023-02-28,18/03/2023,Completed
A004860,S02071,R008,2023-05-11,2023-05-30,Completed
A004861,S02071,R013,2023-05-14,2023-06-02,Done
A004862,S02072,R008,2023-08-05,2023-08-11,complete
A004863,S02072,R037,2023-08-10,2023-08-27,Done
A004864,S02072,R031,2023-08-06,2023-08-29,complete
A004865,S02073,R037,06/11/2023,2023-11-25,Completed
A004866,S02073,R008,2023-11-06,26/11/2023,Completed
A004867,S02074,R031,2023-12-17,2023-12-28,Done
A004868,S02074,R024,2023-12-17,2024-01-03,Done
A004869,S02075,R037,2024-01-28,2024-02-08,Completed
A004870,S02075,R024,30/01/2024,2024-02-11,complete
A004871,S02076,R013,01/07/2023,2023-08-05,Done
A004872,S02076,R033,2023-06-29,2023-07-20,complete
A004873,S02077,R024,2023-07-02,2023-07-17,complete
A004874,S02077,R003,09/07/2023,2023-07-25,Completed
A004875,S02078,R037,2024-01-06,2024-02-05,complete
A004876,S02078,R024,2024-01-08,2024-02-02,Done
A004877,S02079,R033,2024-09-15,,pending
A004878,S02079,R024,2024-09-16,2024-10-11,complete
A004879,S02079,R003,2024-09-20,2024-10-16,Completed
A004880,S02080,R013,2023-11-27,2023-12-10,Completed
A004881,S02080,R008,2023-11-30,2023-12-15,Completed
A004882,S02081,R003,2023-01-19,2023-02-06,Done
A004883,S02081,R013,19/01/2023,2023-02-23,Completed
A004884,S02082,R031,01/05/2024,2024-05-13,complete
A004885,S02082,R024,2024-04-29,2024-06-05,Completed
A004886,S02083,R003,2024-01-24,2024-02-10,complete
A004887,S02083,R008,2024-01-29,05/02/2024,complete
A004888,S02084,R033,2024-04-06,2024-04-19,Done
A004889,S02084,R013,03/04/2024,2024-04-08,Completed
A004890,S02085,R033,2023-03-28,2023-04-19,complete
A004891,S02085,R037,2023-03-31,2023-04-06,complete
A004892,S02086,R033,2024-04-05,2024-05-03,Completed
A004893,S02086,R013,2024-04-06,2024-04-15,complete
A004894,S02086,R037,2024-04-13,2024-04-21,Done
A004895,S02087,R003,2023-05-06,2023-05-15,complete
A004896,S02087,R033,2023-05-07,2023-05-24,Done
A004897,S02088,R003,2024-05-19,2024-05-31,Completed
A004898,S02088,R033,17/05/2024,2024-06-10,Done
A004899,S02088,R031,2024-05-19,2024-06-12,Completed
A004900,S02089,R013,2023-05-03,2023-05-15,Completed
A004901,S02089,R008,2023-05-07,2023-05-26,complete
A004902,S02090,R024,2024-03-23,2024-04-23,Done
A004903,S02090,R031,2024-03-25,2024-04-19,Completed
A004904,S02090,R013,2024-03-24,19/04/2024,Completed
A004905,S02091,R008,2024-06-03,19/06/2024,Done
A004906,S02091,R013,2024-06-02,2024-06-11,Done
A004907,S02092,R024,2023-05-17,2023-05-27,complete
A004908,S02092,R037,2023-05-15,2023-06-01,complete
A004909,S02093,R013,2024-08-04,20/08/2024,Done
A004910,S02093,R003,2024-08-03,2024-08-24,Completed
A004911,S02093,R008,2024-08-03,2024-08-15,Done
A004912,S02094,R003,2024-05-13,2024-06-04,Completed
A004913,S02094,R024,2024-05-14,25/05/2024,complete
A004914,S02094,R031,2024-05-11,2024-05-18,complete
A004915,S02095,R033,2023-04-11,2023-04-23,complete
A004916,S02095,R013,2023-04-17,,pending
A004917,S02096,R024,2023-11-09,2023-11-30,Done
A004918,S02096,R013,2023-11-09,2023-12-03,Done
A004919,S02097,R013,2023-11-08,2023-11-19,Done
A004920,S02097,R024,2023-11-11,2023-11-16,Completed
A004921,S02098,R024,2024-03-18,27/03/2024,complete
A004922,S02098,R008,2024-03-21,2024-03-26,Completed
A004923,S02099,R003,2024-10-03,2024-10-12,Done
A004924,S02099,R031,2024-10-05,2024-10-14,complete
A004925,S02099,R033,30/09/2024,2024-10-07,Completed
A004926,S02100,R008,2023-12-12,2023-12-31,Completed
A004927,S02100,R013,2023-12-08,2024-01-06,complete
A004928,S02101,R024,2024-07-27,2024-08-24,complete
A004929,S02101,R031,2024-07-29,2024-08-21,complete
A004930,S02101,R008,2024-07-26,2024-08-02,complete
A004931,S02102,R037,2023-10-02,,In Progress
A004932,S02102,R003,2023-10-02,2023-10-07,Completed
A004933,S02103,R003,28/04/2023,2023-05-21,Completed
A004934,S02103,R008,02/05/2023,2023-05-09,complete
A004935,S02104,R013,2023-06-30,2023-07-30,complete
A004936,S02104,R037,2023-07-01,2023-07-19,complete
A004937,S02105,R024,2023-04-18,2023-05-09,complete
A004938,S02105,R031,2023-04-18,2023-05-08,Completed
A004939,S02105,R033,2023-04-19,09/05/2023,complete
A004940,S02106,R033,2023-07-03,2023-07-11,Done
A004941,S02106,R008,2023-07-03,2023-07-10,complete
A004942,S02107,R003,2023-08-26,2023-09-02,Completed
A004943,S02107,R037,2023-09-01,2023-09-14,Done
A004944,S02107,R024,2023-08-30,2023-09-04,complete
A004945,S02108,R024,2023-01-21,2023-02-10,Completed
A004946,S02108,R031,2023-01-14,2023-01-22,Completed
A004947,S02109,R024,2023-02-03,2023-02-23,Done
A004948,S02109,R037,2023-02-01,2023-02-20,complete
A004949,S02109,R003,2023-01-28,25/02/2023,complete
A004950,S02110,R033,2023-02-13,2023-02-20,Completed
A004951,S02110,R013,16/02/2023,2023-03-22,Completed
A004952,S02111,R033,05/06/2024,2024-06-22,complete
A004953,S02111,R008,2024-06-06,2024-06-20,Done
A004954,S02112,R037,2024-09-13,2024-09-28,complete
A004955,S02112,R033,2024-09-11,2024-09-21,complete
A004956,S02113,R008,2023-02-25,2023-03-21,Done
A004957,S02113,R013,2023-02-20,2023-03-09,Done
A004958,S02113,R033,2023-02-23,2023-03-24,Completed
A004959,S02114,R037,2024-03-04,2024-03-20,Completed
A004960,S02114,R008,2024-03-02,20/03/2024,complete
A004961,S02115,R024,2023-09-25,2023-10-09,Done
A004962,S02115,R013,2023-09-23,2023-10-01,complete
A004963,S02116,R008,06/12/2023,2023-12-31,Completed
A004964,S02116,R033,2023-12-02,2024-01-01,Completed
A004965,S02117,R013,2024-08-28,2024-09-13,Done
A004966,S02117,R024,2024-08-22,14/09/2024,Done
A004967,S02117,R037,2024-08-28,14/09/2024,Done
A004968,S02118,R033,2024-05-19,,Pending
A004969,S02118,R003,2024-05-21,2024-06-02,Completed
A004970,S02119,R037,01/03/2024,2024-03-15,Completed
A004971,S02119,R033,2024-03-01,2024-03-17,complete
A004972,S02120,R037,2023-11-28,2023-12-15,complete
A004973,S02120,R008,2023-11-25,2023-12-05,complete
A004974,S02120,R003,2023-11-30,2023-12-09,Done
A004975,S02121,R037,2023-12-16,,Pending
A004976,S02121,R013,2023-12-15,2023-12-27,Done
A004977,S02122,R003,2023-09-03,2023-09-15,Done
A004978,S02122,R013,26/08/2023,2023-09-07,complete
A004979,S02123,R008,2023-09-25,2023-10-01,complete
A004980,S02123,R013,2023-09-22,2023-09-28,Completed
A004981,S02124,R013,2023-08-28,2023-09-07,Done
A004982,S02124,R037,2023-08-24,2023-09-20,complete
A004983,S02125,R033,2023-04-02,,Pending
A004984,S02125,R003,2023-04-04,2023-04-20,Done
A004985,S02125,R031,2023-04-03,2023-04-24,complete
A004986,S02126,R024,2023-07-17,2023-08-08,Done
A004987,S02126,R033,2023-07-20,2023-07-30,Completed
A004988,S02127,R008,2023-11-14,2023-11-21,Completed
A004989,S02127,R013,2023-11-18,2023-11-27,Completed
A004990,S02128,R008,2023-08-31,2023-09-28,complete
A004991,S02128,R033,2023-09-01,2023-09-27,Completed
A004992,S02128,R013,30/08/2023,2023-09-27,complete
A004993,S02129,R031,2023-10-22,2023-11-11,complete
A004994,S02129,R013,2023-10-19,2023-10-27,Done
A004995,S02130,R033,2024-08-04,2024-08-17,Completed
A004996,S02130,R008,2024-08-06,2024-08-29,Done
A004997,S02130,R031,02/08/2024,2024-08-09,complete
A004998,S02131,R024,2023-03-12,2023-03-27,Done
A004999,S02131,R037,2023-03-12,2023-04-06,complete
A005000,S02132,R008,30/03/2023,2023-04-20,complete
A005001,S02132,R031,2023-04-05,2023-04-12,Completed
A005002,S02133,R033,2024-02-12,2024-03-02,Done
A005003,S02133,R003,2024-02-13,2024-02-18,complete
A005004,S02134,R013,2023-08-05,2023-08-11,Completed
A005005,S02134,R037,2023-07-29,2023-08-30,Completed
A005006,S02135,R024,07/09/2024,2024-09-22,Done
A005007,S02135,R033,2024-08-31,2024-09-07,complete
A005008,S02136,R024,2024-07-08,2024-07-28,Completed
A005009,S02136,R003,02/07/2024,2024-08-03,Done
A005010,S00001,R999,2023-02-01,,Pending
A000016,S00007,R043,2023-07-10,2023-08-23,Completed
