submission_id,journal_id,submitted_date,decision,decision_date,production_start_date,published_date,word_count,apc_amount
S00001,J01,17/11/2023,REJ,06/01/2024,,,6952,
S00002,J01,2024-07-24,Reject,2024-10-04,,,10132,
S00003,J01,2024-03-12,REJ,13/04/2024,,,"8,621",
S00004,J01,2023-12-08,rejected,2024-02-06,,,6160,
S00005,J01,2023-07-11,ACCEPT,2023-09-15,2023-10-21,2023-11-24,"7,784",
S00006,J01,2024-09-17,Minor Revision,2024-11-10,,,"3,802",
S00007,J01,2023-07-07,ACCEPT,2023-09-12,27/10/2023,2023-11-21,"7,419",
S00008,J01,2024-02-27,REJ,2024-03-23,,,6047,
S00009,J01,2024-05-10,Revise,2024-07-17,,,3694,
S00010,J01,2023-08-05,Rejected,2023-10-26,,,5222,
S00011,J01,2023-11-13,REJ,14/12/2023,,,"9,659",
S00012,J01,2024-06-08,Rejected,2024-07-18,,,"8,246",
S00013,J01,2023-09-03,Reject,2023-10-06,,,8723,
S00014,J01,18/03/2024,rejected,2024-05-10,,,"3,608",
S00015,J01,2024-03-12,ACCEPT,2024-04-22,2024-05-23,2024-06-09,5912,
S00016,J01,2023-03-10,Reject,2023-04-26,,,"3,216",
S00017,J01,2024-02-07,rejected,2024-04-13,,,"3,464",
S00018,J01,04/01/2024,Revise,2024-02-25,,,"5,168",
S00019,J01,2023-04-10,Minor Revision,2023-06-09,,,6768,
S00020,J01,2023-10-18,REJ,2023-12-09,,,"8,076",
S00021,J01,2023-03-29,Revise,2023-06-13,,,11350,
S00022,J01,2024-01-30,Revise,2024-03-19,,,9383,
S00023,J01,2024-07-23,rejected,2024-09-16,,,"3,756",
S00024,J01,18/01/2024,REJ,2024-03-14,,,"4,551",
S00025,J01,2023-08-23,Rejected,2023-11-09,,,"9,628",
S00026,J01,2023-12-17,Minor Revision,2024-01-19,,,"3,573",
S00027,J01,2024-03-09,Reject,2024-06-04,,,"4,964",
S00028,J01,2023-12-16,rejected,2024-02-13,,,"6,114",
S00029,J01,2023-12-28,Rejected,01/03/2024,,,"10,131",
S00030,J01,2024-08-21,rejected,2024-10-12,,,5412,
S00031,J01,20/06/2023,Accepted,2023-08-24,2023-09-27,2023-10-09,"9,573",
S00032,J01,2024-09-25,rejected,20/11/2024,,,10937,
S00033,J01,2024-08-05,Reject,2024-09-29,,,"6,040",
S00034,J01,06/04/2023,Reject,2023-06-03,,,"6,931",
S00035,J01,2023-04-27,REJ,2023-06-09,,,5088,
S00036,J01,2024-03-27,Revise,01/06/2024,,,5562,
S00037,J01,2023-11-23,Rejected,2024-02-02,,,8086,
S00038,J01,2024-06-22,R&R,2024-08-27,,,"6,011",
S00039,J01,2023-08-08,Rejected,02/11/2023,,,"6,065",
S00040,J01,2023-02-07,REJ,2023-03-29,,,"6,124",
S00041,J01,2024-07-23,REJ,2024-09-19,,,10352,
S00042,J01,2024-01-16,Reject,10/03/2024,,,3927,
S00043,J01,2024-07-15,R&R,2024-10-09,,,9467,
S00044,J01,2023-06-24,accepted,2023-08-28,2023-10-09,2023-11-05,5637,
S00045,J01,2023-04-12,Minor Revision,2023-05-08,,,6047,
S00046,J01,2024-01-07,accepted,2024-03-08,2024-03-18,2024-04-26,"6,107",
S00047,J01,2023-05-09,rejected,2023-06-30,,,"6,060",
S00048,J01,24/01/2023,ACCEPT,2023-04-02,2023-04-29,2023-05-23,"4,635",
S00049,J01,2023-05-12,accepted,2023-07-13,2023-08-08,2023-09-09,"5,613",
S00050,J01,2024-08-24,rejected,2024-10-15,,,7983,
S00051,J01,2024-03-13,rejected,2024-06-03,,,6613,
S00052,J01,2023-02-08,R&R,15/04/2023,,,3970,
S00053,J01,2024-07-11,ACCEPT,2024-09-28,2024-11-02,2024-11-26,9510,
S00054,J01,2023-11-25,Major Revision,2024-01-14,,,"3,576",
S00055,J01,2023-09-27,Major Revision,2023-12-13,,,7808,
S00056,J01,2023-11-29,R&R,06/02/2024,,,3438,
S00057,J01,2024-05-18,rejected,2024-06-23,,,"10,723",
S00058,J01,2024-08-23,REJ,2024-09-27,,,"5,557",
S00059,J01,2024-09-30,rejected,2024-11-28,,,6877,
S00060,J01,31/10/2023,Reject,2023-12-13,,,8647,
S00061,J01,2023-02-15,Accepted,2023-04-03,09/05/2023,07/06/2023,"7,960",
S00062,J01,09/09/2024,Accepted,2024-11-09,2024-12-18,,5974,
S00063,J01,2023-05-14,Rejected,2023-07-10,,,7322,
S00064,J01,2024-04-19,Reject,2024-07-07,,,"4,762",
S00065,J01,2023-09-24,ACCEPT,2023-11-01,2023-12-19,02/01/2024,3666,
S00066,J01,2024-09-13,accepted,2024-11-19,31/12/2024,,5025,
S00067,J01,16/02/2023,Accept,2023-04-15,2023-05-22,2023-06-14,3738,
S00068,J01,2023-03-17,REJ,2023-05-24,,,4503,
S00069,J01,2023-01-23,accepted,2023-03-22,2023-04-28,2023-05-16,"4,798",
S00070,J01,2024-05-30,R&R,2024-07-24,,,9804,
S00071,J01,17/10/2023,REJ,2023-11-29,,,9811,
S00072,J01,2024-04-11,Revise,2024-06-04,,,"6,451",
S00073,J01,2023-03-31,REJ,2023-06-14,,,"8,417",
S00074,J01,2023-04-19,Rejected,2023-06-07,,,10503,
S00075,J01,04/01/2023,rejected,2023-03-02,,,9431,
S00076,J01,2023-10-17,REJ,2023-12-17,,,"7,818",
S00077,J01,2024-07-16,Accept,2024-09-20,2024-10-17,2024-10-30,"5,172",
S00078,J01,29/01/2024,REJ,2024-04-17,,,"11,040",
S00079,J01,2024-07-25,ACCEPT,2024-09-11,2024-10-11,2024-11-02,"6,884",
S00080,J01,2024-04-02,rejected,18/05/2024,,,"10,650",
S00081,J01,2023-05-25,Reject,2023-08-06,,,3388,
S00082,J01,2024-05-07,Rejected,2024-05-23,,,"8,140",
S00083,J01,2023-03-13,Accepted,2023-05-01,2023-06-08,2023-07-09,8770,
S00084,J01,2024-03-04,rejected,2024-05-10,,,10347,
S00085,J01,08/09/2023,REJ,2023-11-17,,,"10,970",
S00086,J01,2023-11-25,Rejected,24/01/2024,,,"3,661",
S00087,J01,2024-09-25,Reject,12/10/2024,,,"10,373",
S00088,J01,2023-08-26,rejected,2023-10-11,,,8541,
S00089,J01,2024-06-03,Rejected,2024-07-16,,,5583,
S00090,J01,26/01/2024,Major Revision,2024-04-12,,,"4,500",
S00091,J01,2023-04-22,Rejected,2023-06-13,,,"6,873",
S00092,J01,2024-06-23,Reject,2024-08-15,,,"3,948",
S00093,J01,2024-04-18,ACCEPT,2024-06-20,2024-07-18,2024-08-14,"8,152",
S00094,J01,2024-02-17,Reject,2024-03-31,,,"10,532",
S00095,J01,2023-07-24,Minor Revision,2023-09-25,,,"8,933",
S00096,J01,19/11/2023,REJ,02/02/2024,,,5389,
S00097,J01,2023-09-26,Accepted,2023-11-20,2023-12-18,2024-01-04,10823,
S00098,J01,2023-11-11,Accepted,2024-01-11,2024-02-06,2024-03-02,"8,663",
S00099,J01,02/02/2024,Major Revision,2024-03-25,,,8399,
S00100,J01,2023-09-20,ACCEPT,2023-11-23,2024-01-01,2024-01-27,11271,
S00101,J01,2024-04-23,Minor Revision,2024-05-31,,,"3,769",
S00102,J01,2024-08-16,Accept,2024-10-11,10/11/2024,2024-12-01,9558,
S00103,J01,2024-02-29,Accepted,2024-04-19,29/04/2024,30/05/2024,3692,
S00104,J01,2024-09-21,Major Revision,2024-11-13,,,"8,969",
S00105,J01,2023-03-02,Rejected,2023-05-24,,,"4,271",
S00106,J01,2023-11-12,Reject,2024-01-14,,,"4,012",
S00107,J01,2023-01-06,rejected,2023-03-12,,,"9,807",
S00108,J01,2024-08-22,Accept,2024-10-10,2024-12-04,,8943,
S00109,J01,2023-02-11,Rejected,2023-04-11,,,"10,006",
S00110,J01,2024-04-03,rejected,2024-06-04,,,"3,553",
S00111,J01,2023-02-11,REJ,2023-04-13,,,"6,591",
S00112,J01,2023-09-07,ACCEPT,19/10/2023,2023-11-24,2023-12-30,6463,
S00113,J01,2024-04-25,Revise,2024-07-02,,,11468,
S00114,J01,2023-08-03,Revise,2023-10-07,,,7093,
S00115,J01,2023-06-12,ACCEPT,2023-08-06,2023-09-21,2023-10-11,"4,138",
S00116,J01,2024-02-10,Rejected,2024-04-04,,,"9,000",
S00117,J01,14/08/2024,accepted,04/11/2024,2024-12-09,,"9,264",
S00118,J01,2023-05-13,Accept,2023-07-01,2023-08-07,2023-09-07,"11,201",
S00119,J01,2023-12-13,Rejected,2024-01-16,,,"5,191",
S00120,J01,2024-08-14,rejected,2024-10-16,,,7671,
S00121,J01,2024-06-20,rejected,2024-08-17,,,"10,541",
S00122,J01,2024-01-16,REJ,2024-03-25,,,6836,
S00123,J01,2023-11-25,Reject,2024-01-24,,,"6,577",
S00124,J01,14/02/2024,Accepted,2024-04-29,2024-06-07,2024-07-04,"10,711",
S00125,J01,19/08/2023,Rejected,2023-11-03,,,"9,279",
S00126,J01,2024-07-17,accepted,2024-09-17,2024-10-07,2024-10-18,3273,
S00127,J01,2024-03-19,Major Revision,2024-05-13,,,9234,
S00128,J01,2023-09-21,REJ,2023-11-08,,,5124,
S00129,J01,2023-12-05,rejected,2024-01-31,,,"6,589",
S00130,J01,2024-07-30,rejected,2024-09-08,,,6723,
S00131,J01,2023-05-13,Rejected,2023-08-08,,,"10,662",
S00132,J01,2024-02-23,Minor Revision,2024-04-25,,,"4,762",
S00133,J01,2024-03-21,ACCEPT,2024-05-17,2024-06-21,2024-07-22,"5,388",
S00134,J01,11/10/2023,Reject,2023-11-22,,,"11,246",
S00135,J01,2024-07-09,Rejected,2024-09-07,,,"8,838",
S00136,J01,2024-07-29,Reject,2024-10-02,,,"8,712",
S00137,J01,2023-11-29,accepted,2023-12-29,2024-02-05,2024-03-04,"11,135",
S00138,J01,2024-04-27,REJ,2024-06-19,,,"7,452",
S00139,J01,2024-01-22,Reject,2024-03-09,,,"10,735",
S00140,J01,2023-12-16,Rejected,2024-02-16,,,9444,
S00141,J01,2024-03-09,Rejected,12/05/2024,,,6544,
S00142,J01,2023-01-08,REJ,2023-03-21,,,5151,
S00143,J01,2023-06-12,Reject,2023-08-29,,,3391,
S00144,J01,2024-04-29,Accepted,2024-07-04,2024-08-07,05/09/2024,"8,467",
S00145,J01,2024-06-09,accepted,2024-09-08,27/10/2024,2024-11-18,"9,713",
S00146,J01,2024-02-02,rejected,2024-04-13,,,"10,341",
S00147,J01,2023-01-10,Reject,2023-03-14,,,"9,380",
S00148,J01,2023-08-25,Reject,2023-11-18,,,"3,796",
S00149,J01,2024-01-11,Reject,2024-03-25,,,3693,
S00150,J01,02/04/2023,Rejected,08/05/2023,,,"10,895",
S00151,J01,2023-09-29,Rejected,2023-10-30,,,"4,473",
S00152,J01,2023-03-30,REJ,2023-05-24,,,3666,
S00153,J01,2024-01-07,Accepted,11/02/2024,2024-03-09,2024-03-21,"5,533",
S00154,J01,2024-02-03,Reject,16/04/2024,,,6386,
S00155,J01,09/09/2023,Accept,2023-11-09,2024-01-03,2024-02-09,"8,459",
S00156,J01,2023-02-09,accepted,2023-03-29,2023-05-07,2023-05-25,"10,429",
S00157,J01,2024-01-26,Rejected,2024-04-02,,,"3,743",
S00158,J01,2023-05-10,rejected,2023-07-08,,,8279,
S00159,J01,2023-03-20,REJ,2023-05-16,,,10096,
S00160,J01,2024-08-01,REJ,21/09/2024,,,4409,
S00161,J01,03/06/2023,Reject,2023-07-26,,,9458,
S00162,J01,2023-09-28,Reject,2023-11-25,,,10392,
S00163,J01,2024-07-20,Revise,2024-09-23,,,6128,
S00164,J01,2024-03-20,Rejected,31/05/2024,,,3822,
S00165,J01,2023-12-18,Accepted,2024-02-04,17/03/2024,2024-04-03,"3,294",
S00166,J01,2024-06-21,Reject,2024-08-02,,,8237,
S00167,J01,2024-08-05,Accept,2024-10-04,2024-11-02,2024-11-25,9730,
S00168,J01,2024-01-19,REJ,2024-03-09,,,"3,756",
S00169,J01,2023-06-14,Accept,2023-08-28,2023-09-18,2023-10-23,7588,
S00170,J01,2024-04-08,REJ,2024-06-14,,,5414,
S00171,J01,2023-01-08,rejected,2023-02-28,,,3202,
S00172,J01,2023-05-20,R&R,2023-06-07,,,11156,
S00173,J01,2024-03-05,accepted,2024-04-22,29/05/2024,2024-06-26,"9,903",
S00174,J01,2024-08-16,Accept,2024-10-05,2024-11-10,2024-12-12,6538,
S00175,J01,2023-06-11,Major Revision,15/08/2023,,,"3,820",
S00176,J01,2023-04-01,Reject,2023-05-26,,,"10,485",
S00177,J01,2024-03-01,REJ,2024-04-23,,,"9,872",
S00178,J01,2023-07-15,Rejected,2023-08-10,,,"6,353",
S00179,J01,2024-08-04,Rejected,2024-10-07,,,"6,276",
S00180,J02,2023-05-24,Rejected,2023-06-28,,,"8,862",
S00181,J02,2023-11-14,rejected,2023-12-04,,,10844,
S00182,J02,2023-12-20,rejected,2024-01-27,,,"4,870",
S00183,J02,2024-01-03,Accepted,2024-02-13,13/03/2024,06/04/2024,4340,
S00184,J02,2024-04-22,Accept,2024-05-25,2024-07-02,2024-08-05,"8,748",
S00185,J02,2023-05-03,Rejected,2023-06-14,,,"10,617",
S00186,J02,25/04/2024,Rejected,2024-06-14,,,"7,142",
S00187,J02,08/07/2023,accepted,2023-07-30,2023-09-08,2023-10-06,5456,
S00188,J02,09/07/2023,Reject,2023-08-28,,,"7,754",
S00189,J02,2024-03-17,Rejected,2024-04-10,,,"11,025",
S00190,J02,2023-11-27,Minor Revision,2024-01-04,,,"10,348",
S00191,J02,2023-02-04,Rejected,2023-03-18,,,10877,
S00192,J02,2023-05-15,Rejected,2023-06-18,,,"8,502",
S00193,J02,14/10/2023,ACCEPT,2023-11-19,2023-12-20,2024-01-31,"6,220",
S00194,J02,2024-05-06,REJ,2024-06-11,,,6639,
S00195,J02,2024-03-04,REJ,2024-04-29,,,3677,
S00196,J02,2023-06-20,rejected,2023-08-06,,,"10,972",
S00197,J02,2024-07-02,rejected,02/08/2024,,,4034,
S00198,J02,2024-04-01,rejected,2024-05-11,,,"9,378",
S00199,J02,2024-05-09,Minor Revision,2024-06-03,,,"11,087",
S00200,J02,2023-12-17,Major Revision,2024-01-24,,,"10,199",
S00201,J02,2023-04-28,Reject,2023-06-18,,,"8,177",
S00202,J02,2023-09-17,REJ,08/11/2023,,,"3,902",
S00203,J02,2023-11-22,R&R,2023-12-30,,,6523,
S00204,J02,2023-04-22,rejected,2023-06-03,,,3624,
S00205,J02,2023-12-20,rejected,2024-02-02,,,"3,966",
S00206,J02,2023-04-09,rejected,2023-05-04,,,"7,002",
S00207,J02,2024-06-02,Reject,2024-07-28,,,"8,485",
S00208,J02,2023-05-10,REJ,2023-06-29,,,"9,069",
S00209,J02,2024-08-02,Rejected,2024-09-10,,,"5,958",
S00210,J02,2024-07-26,REJ,2024-09-01,,,6109,
S00211,J02,2023-12-08,Revise,2024-01-17,,,4554,
S00212,J02,2023-06-09,rejected,2023-07-04,,,6629,
S00213,J02,2023-06-12,Reject,2023-07-09,,,4752,
S00214,J02,2024-03-16,Accept,2024-05-03,2024-05-31,2024-06-27,"7,214",
S00215,J02,2023-11-08,rejected,2023-12-21,,,"6,911",
S00216,J02,2023-11-16,accepted,2023-12-21,2023-12-31,2024-01-13,"10,735",
S00217,J02,2023-04-20,R&R,2023-06-03,,,"5,972",
S00218,J02,2023-03-27,rejected,2023-05-19,,,9160,
S00219,J02,2023-10-11,REJ,2023-11-23,,,8986,
S00220,J02,2024-04-21,REJ,2024-05-13,,,6772,
S00221,J02,2023-12-19,REJ,2024-02-04,,,7343,
S00222,J02,2024-05-29,Reject,2024-07-08,,,6439,
S00223,J02,2024-04-10,Reject,2024-05-27,,,"7,664",
S00224,J02,2024-04-25,R&R,2024-06-05,,,"7,051",
S00225,J02,2024-03-26,Rejected,2024-05-04,,,"7,598",
S00226,J02,2023-12-16,Reject,2023-12-29,,,"11,129",
S00227,J02,11/06/2023,Reject,2023-07-11,,,6823,
S00228,J02,2024-08-29,Accepted,2024-09-25,22/10/2024,18/11/2024,9752,
S00229,J02,2023-11-17,Reject,2023-12-15,,,"8,532",
S00230,J02,2024-03-30,REJ,2024-04-28,,,9201,
S00231,J02,17/07/2023,REJ,2023-08-24,,,"5,690",
S00232,J02,2023-08-25,rejected,2023-10-10,,,5363,
S00233,J02,2024-07-10,Reject,11/08/2024,,,6605,
S00234,J02,2023-11-25,Major Revision,2023-12-31,,,7069,
S00235,J02,2023-04-24,Accept,2023-05-22,2023-07-03,2023-08-03,"7,963",
S00236,J02,2024-07-04,Accepted,2024-08-14,2024-09-24,2024-10-27,3455,
S00237,J02,2023-12-17,Reject,2024-01-11,,,6696,
S00238,J02,2024-01-25,Major Revision,2024-02-28,,,"10,714",
S00239,J02,2023-01-02,Reject,2023-02-11,,,9915,
S00240,J02,2024-04-27,Accepted,2024-05-27,2024-07-24,2024-08-14,"3,315",
S00241,J02,2024-06-07,Reject,2024-07-17,,,4221,
S00242,J02,03/07/2024,Reject,2024-08-09,,,"11,009",
S00243,J02,2023-09-13,accepted,20/10/2023,2023-11-27,12/12/2023,"6,717",
S00244,J02,2024-06-08,rejected,2024-07-22,,,5942,
S00245,J02,2023-11-20,accepted,04/12/2023,2024-01-03,2024-02-02,5397,
S00246,J02,2023-10-28,Minor Revision,2023-12-05,,,5158,
S00247,J02,11/08/2024,accepted,2024-09-07,2024-09-22,2024-10-07,"8,055",
S00248,J02,2024-09-19,ACCEPT,2024-10-30,2024-12-22,,8404,
S00249,J02,27/02/2023,Rejected,2023-04-07,,,"5,879",
S00250,J02,2023-04-10,rejected,2023-05-11,,,"4,220",
S00251,J02,25/03/2023,Revise,2023-04-25,,,6726,
S00252,J02,2023-03-24,R&R,2023-05-15,,,4647,
S00253,J02,2023-05-30,Rejected,2023-07-21,,,"4,094",
S00254,J02,2024-06-20,Rejected,2024-08-10,,,"11,161",
S00255,J02,2023-11-03,Accepted,2023-12-16,2024-01-28,2024-02-16,11369,
S00256,J02,2023-11-20,ACCEPT,08/01/2024,2024-02-25,2024-03-10,"9,065",
S00257,J02,14/06/2024,Minor Revision,2024-08-09,,,9563,
S00258,J02,2024-03-28,REJ,2024-05-02,,,4176,
S00259,J02,2023-01-03,accepted,18/02/2023,2023-04-05,2023-04-29,"8,390",
S00260,J02,2023-01-15,Rejected,20/02/2023,,,7420,
S00261,J02,2023-10-10,rejected,2023-11-06,,,9195,
S00262,J02,2023-05-02,REJ,2023-06-07,,,4851,
S00263,J02,2024-06-06,Accept,2024-07-11,2024-08-16,2024-09-15,"4,893",
S00264,J02,2023-10-02,Reject,2023-11-06,,,11167,
S00265,J02,2023-06-20,Reject,2023-07-23,,,"8,166",
S00266,J02,2023-07-09,REJ,2023-08-13,,,"7,958",
S00267,J02,2023-12-10,Rejected,2024-01-11,,,"7,015",
S00268,J02,2023-11-15,Accept,2023-12-24,2024-02-09,27/02/2024,8318,
S00269,J02,03/03/2024,Rejected,2024-04-24,,,"11,026",
S00270,J02,2023-08-27,accepted,09/10/2023,2023-12-01,2023-12-23,"10,147",
S00271,J02,30/03/2023,REJ,07/05/2023,,,7729,
S00272,J02,2023-01-04,R&R,2023-02-17,,,4309,
S00273,J02,2023-12-24,Accepted,2024-01-16,2024-02-20,2024-03-09,9893,
S00274,J02,2023-08-23,Rejected,2023-09-26,,,"3,358",
S00275,J02,2024-08-17,Accept,2024-09-20,2024-10-26,2024-12-03,7781,
S00276,J02,2024-02-27,rejected,2024-03-31,,,"3,883",
S00277,J02,2023-07-14,rejected,2023-08-10,,,"9,229",
S00278,J02,30/09/2024,Accepted,2024-11-03,2024-12-01,2024-12-21,"6,773",
S00279,J02,27/09/2024,rejected,17/10/2024,,,10136,
S00280,J02,2024-06-04,ACCEPT,2024-07-19,2024-08-09,2024-09-02,"7,716",
S00281,J02,2024-07-29,Reject,2024-09-05,,,9262,
S00282,J02,2024-05-29,REJ,30/06/2024,,,"7,326",
S00283,J02,2024-03-16,Reject,2024-04-26,,,6166,
S00284,J02,07/08/2024,Rejected,2024-09-21,,,7852,
S00285,J02,2024-04-22,Accepted,10/06/2024,2024-07-23,2024-08-23,10491,
S00286,J02,2023-06-02,ACCEPT,2023-06-23,2023-07-24,2023-08-14,8935,
S00287,J02,2023-10-23,Rejected,2023-11-24,,,8084,
S00288,J02,2024-08-09,REJ,2024-09-24,,,"8,784",
S00289,J02,31/08/2024,R&R,2024-10-14,,,"6,378",
S00290,J02,2023-07-09,rejected,2023-08-19,,,6236,
S00291,J02,2024-06-13,rejected,2024-07-29,,,5597,
S00292,J02,2023-11-19,REJ,2023-12-23,,,4325,
S00293,J02,2024-08-25,Accepted,2024-10-02,2024-11-13,2024-12-20,"3,514",
S00294,J02,2023-11-10,REJ,2023-12-04,,,"8,397",
S00295,J02,2023-08-19,Accept,2023-09-25,2023-11-02,2023-11-22,"5,477",
S00296,J02,2024-09-23,Accepted,2024-11-09,2024-12-13,,"8,786",
S00297,J02,11/09/2024,Reject,18/10/2024,,,"5,478",
S00298,J03,2024-08-13,Rejected,2024-10-10,,,5440,
S00299,J03,2024-07-14,Rejected,2024-08-26,,,"5,099",
S00300,J03,2023-07-09,Revise,2023-08-23,,,"5,443",
S00301,J03,2023-02-08,rejected,2023-03-20,,,4992,
S00302,J03,11/02/2023,accepted,2023-04-05,2023-05-06,2023-06-07,"7,576",1928.05
S00303,J03,2023-11-30,Revise,2024-01-28,,,10065,
S00304,J03,10/05/2023,Minor Revision,2023-06-25,,,"6,401",
S00305,J03,2024-10-01,rejected,2024-11-15,,,"10,685",
S00306,J03,2024-02-11,Reject,2024-04-13,,,"3,240",
S00307,J03,18/02/2024,rejected,2024-03-31,,,3481,
S00308,J03,2023-07-09,Accept,2023-08-18,2023-09-27,07/10/2023,"6,010",1228.59
S00309,J03,2024-04-09,REJ,2024-05-21,,,"3,300",
S00310,J03,2023-12-02,accepted,2024-01-21,2024-02-19,2024-03-18,3243,"£1,572.46"
S00311,J03,2023-12-27,Revise,2024-02-16,,,"6,977",
S00312,J03,2023-05-28,rejected,2023-07-10,,,8185,
S00313,J03,2023-11-27,Revise,2024-02-05,,,11156,
S00314,J03,2023-06-16,Accept,2023-07-16,2023-08-26,2023-09-07,"6,449","£1,494.61"
S00315,J03,2023-09-24,REJ,26/10/2023,,,"9,430",
S00316,J03,2023-02-27,Accept,2023-04-17,2023-06-01,2023-06-27,7953,"$1,398.78"
S00317,J03,2023-01-14,Reject,2023-03-02,,,"5,340",
S00318,J03,2024-07-04,Rejected,2024-08-22,,,7526,
S00319,J03,2023-09-11,REJ,2023-11-05,,,"8,203",
S00320,J03,2023-01-18,ACCEPT,2023-03-08,2023-04-10,14/05/2023,"4,184",1493.02
S00321,J03,2024-08-13,R&R,2024-10-27,,,"6,411",
S00322,J03,2023-08-27,REJ,2023-10-31,,,"3,328",
S00323,J03,2023-08-23,R&R,2023-10-14,,,7967,
S00324,J03,2024-09-05,Revise,2024-11-01,,,10617,
S00325,J03,2024-02-29,ACCEPT,2024-03-21,2024-03-31,2024-04-20,"7,961","$1,565.46"
S00326,J03,2024-07-08,rejected,2024-08-24,,,7792,
S00327,J03,2024-05-25,Accepted,2024-07-17,2024-08-30,02/10/2024,"10,044","$2,125.63"
S00328,J03,2023-07-15,Accepted,2023-09-15,2023-10-21,2023-11-28,6411,"£2,016.00"
S00329,J03,2023-11-06,R&R,07/12/2023,,,7867,
S00330,J03,15/04/2023,rejected,2023-05-14,,,"5,401",
S00331,J03,2023-08-02,REJ,16/09/2023,,,"10,048",
S00332,J03,2023-12-30,rejected,2024-02-16,,,"7,143",
S00333,J03,2024-01-19,rejected,2024-02-26,,,"9,836",
S00334,J03,29/05/2023,REJ,16/07/2023,,,"3,864",
S00335,J03,2024-08-12,REJ,2024-09-30,,,4264,
S00336,J03,25/03/2023,R&R,30/05/2023,,,6243,
S00337,J03,2024-08-23,Accepted,2024-10-29,2024-11-30,2024-12-18,"10,186","£1,490.11"
S00338,J03,2023-10-12,REJ,2023-11-26,,,6838,
S00339,J03,2023-05-30,R&R,30/06/2023,,,"6,639",
S00340,J03,20/07/2024,rejected,2024-08-23,,,"10,027",
S00341,J03,2024-09-10,rejected,2024-10-05,,,10733,
S00342,J03,2023-11-02,rejected,2023-12-15,,,"9,756",
S00343,J03,2023-10-09,REJ,2023-12-01,,,9346,
S00344,J03,2023-04-06,Minor Revision,2023-06-02,,,9703,
S00345,J03,2023-10-26,Reject,2023-12-21,,,4912,
S00346,J03,2024-06-17,accepted,2024-08-15,2024-09-24,2024-10-15,"8,308","£1,822.73"
S00347,J03,2023-04-30,rejected,2023-07-17,,,"4,414",
S00348,J03,30/06/2023,R&R,2023-08-23,,,"7,206",
S00349,J03,24/03/2024,rejected,2024-05-14,,,"3,667",
S00350,J03,2023-09-20,Major Revision,2023-10-29,,,"8,237",
S00351,J03,12/11/2023,Accepted,2024-01-11,2024-02-04,2024-03-07,"3,664",1803.22
S00352,J03,2023-03-18,Reject,2023-05-05,,,7604,
S00353,J03,2023-09-06,R&R,2023-10-16,,,7408,
S00354,J03,2023-06-19,Rejected,2023-08-17,,,"3,245",
S00355,J03,2023-02-25,REJ,2023-04-15,,,"5,992",
S00356,J03,2024-03-06,Major Revision,2024-05-05,,,"5,200",
S00357,J03,2023-03-26,Revise,2023-05-06,,,"3,979",
S00358,J03,2024-09-28,Rejected,2024-11-18,,,"10,126",
S00359,J03,25/04/2024,Reject,2024-06-08,,,9057,
S00360,J03,2024-06-22,Rejected,2024-08-02,,,6762,
S00361,J03,17/05/2023,accepted,2023-06-20,2023-07-18,2023-08-10,7157,"$1,867.27"
S00362,J03,2024-07-18,REJ,2024-09-13,,,"8,503",
S00363,J03,2023-04-26,Accepted,2023-06-08,2023-07-03,2023-07-23,9527,"£2,535.43"
S00364,J03,2023-10-16,Rejected,2023-12-03,,,"9,985",
S00365,J03,02/08/2023,Major Revision,2023-10-13,,,5342,
S00366,J03,2024-09-10,Accept,2024-11-11,2024-12-19,,"8,477",
S00367,J03,2023-07-23,Accepted,2023-08-22,2023-09-30,2023-10-29,11050,2236.25
S00368,J03,2023-06-25,accepted,2023-08-15,18/09/2023,2023-10-23,8885,"£2,182.96"
S00369,J03,2024-07-24,accepted,18/09/2024,2024-10-31,2024-11-27,4169,1401.68
S00370,J03,2024-08-13,REJ,2024-10-12,,,"5,484",
S00371,J03,2024-04-08,Accepted,15/06/2024,2024-08-02,2024-08-22,9860,"$2,538.98"
S00372,J03,2023-07-05,Rejected,2023-09-05,,,7162,
S00373,J03,2024-06-24,Reject,2024-07-29,,,5059,
S00374,J03,2024-02-16,Major Revision,2024-04-05,,,"7,893",
S00375,J03,2024-08-30,R&R,2024-10-06,,,"4,100",
S00376,J03,08/08/2023,Rejected,30/09/2023,,,8837,
S00377,J03,2024-07-20,rejected,2024-09-26,,,7811,
S00378,J03,2023-01-31,rejected,2023-03-26,,,7026,
S00379,J03,2024-01-24,accepted,2024-03-19,2024-05-03,2024-06-13,"8,051",1501.77
S00380,J03,2024-09-18,rejected,2024-11-07,,,"10,229",
S00381,J03,2024-02-27,REJ,2024-04-30,,,"11,275",
S00382,J03,2023-04-26,REJ,2023-06-12,,,9262,
S00383,J03,2024-05-27,Minor Revision,2024-06-22,,,"4,911",
S00384,J03,2023-04-30,Reject,2023-06-14,,,"8,941",
S00385,J03,2023-10-16,rejected,2023-11-27,,,"3,674",
S00386,J03,2023-06-22,Major Revision,2023-08-28,,,"5,967",
S00387,J03,2023-03-23,Accepted,2023-05-10,09/06/2023,2023-06-26,"4,581","£1,417.05"
S00388,J03,2024-06-17,Reject,17/08/2024,,,6471,
S00389,J03,2023-12-01,rejected,2024-01-20,,,"9,726",
S00390,J03,2023-08-11,accepted,05/10/2023,2023-10-23,2023-11-29,"8,069","$1,809.71"
S00391,J03,2023-02-08,REJ,2023-04-05,,,10661,
S00392,J03,01/06/2023,Rejected,2023-07-10,,,10084,
S00393,J03,2023-10-15,ACCEPT,2024-01-04,2024-02-02,18/02/2024,"5,976",2331.64
S00394,J03,2024-07-13,Reject,2024-08-31,,,"10,752",
S00395,J03,2023-12-24,REJ,2024-02-02,,,"7,836",
S00396,J03,2024-04-09,Accept,2024-05-14,2024-06-11,2024-06-30,9082,1342.91
S00397,J03,2023-11-26,rejected,2024-01-03,,,"11,487",
S00398,J03,25/07/2024,Reject,2024-09-25,,,3524,
S00399,J03,2024-09-15,Rejected,2024-10-25,,,"5,484",
S00400,J03,2023-06-22,Minor Revision,2023-08-20,,,7602,
S00401,J03,2024-08-24,Reject,2024-11-13,,,"7,681",
S00402,J03,2023-01-01,rejected,2023-03-11,,,8685,
S00403,J03,2024-04-05,rejected,2024-06-02,,,5725,
S00404,J03,2023-05-20,Rejected,2023-07-25,,,"5,744",
S00405,J03,2024-05-03,Reject,2024-06-08,,,"8,534",
S00406,J03,19/06/2023,Rejected,2023-09-02,,,7825,
S00407,J03,2023-02-22,rejected,2023-05-12,,,"9,120",
S00408,J03,2024-09-08,Reject,2024-10-16,,,"4,013",
S00409,J03,2023-01-17,Accept,2023-02-14,2023-03-06,2023-03-28,"9,923","$1,356.87"
S00410,J03,2024-01-22,REJ,10/03/2024,,,"8,348",
S00411,J03,2024-06-09,rejected,2024-07-29,,,"8,792",
S00412,J03,2023-04-22,Revise,2023-05-24,,,11488,
S00413,J03,2024-03-08,Rejected,2024-04-17,,,"8,589",
S00414,J03,2024-06-08,Rejected,2024-07-26,,,"3,204",
S00415,J03,2023-05-19,Rejected,2023-07-07,,,8541,
S00416,J03,2024-01-21,REJ,04/03/2024,,,"3,663",
S00417,J03,2023-11-02,Revise,07/01/2024,,,"11,338",
S00418,J03,2023-01-19,Revise,2023-02-23,,,9674,
S00419,J03,2023-04-17,Accept,2023-05-20,2023-06-06,2023-06-16,"9,292","$2,314.51"
S00420,J03,27/04/2024,Rejected,2024-06-03,,,"6,863",
S00421,J03,2023-07-30,REJ,2023-10-15,,,8194,
S00422,J03,06/12/2023,Rejected,2024-01-12,,,3349,
S00423,J03,2023-07-02,Accepted,2023-08-18,2023-09-29,2023-11-01,"10,282",2473.30
S00424,J03,29/02/2024,REJ,2024-05-02,,,"6,579",
S00425,J03,2024-07-08,Accept,2024-08-30,2024-10-07,2024-11-05,11297,"£1,495.17"
S00426,J03,2023-09-09,Reject,2023-10-27,,,4617,
S00427,J03,2023-02-02,ACCEPT,2023-03-23,2023-04-19,2023-05-22,4644,2116.40
S00428,J03,2023-12-29,accepted,2024-03-08,23/03/2024,2024-04-08,9044,1943.47
S00429,J03,2023-10-17,rejected,2023-11-25,,,"6,127",
S00430,J03,2024-08-23,Reject,2024-09-20,,,7198,
S00431,J03,2023-07-20,Reject,2023-09-07,,,"9,312",
S00432,J03,2024-01-11,Rejected,04/03/2024,,,"9,599",
S00433,J03,10/07/2024,REJ,16/09/2024,,,"10,478",
S00434,J03,2023-05-10,accepted,2023-06-21,2023-08-01,21/08/2023,"9,358","£1,401.24"
S00435,J03,2024-08-14,Rejected,2024-10-12,,,"9,132",
S00436,J03,2024-09-09,Rejected,04/11/2024,,,9863,
S00437,J03,2023-12-17,Rejected,2024-02-19,,,"11,145",
S00438,J03,2023-08-31,rejected,15/10/2023,,,8544,
S00439,J03,2024-09-01,Accepted,2024-10-15,2024-11-18,2024-12-22,11072,"£2,060.74"
S00440,J03,2024-08-04,Accepted,04/10/2024,2024-11-18,2024-12-24,"4,057","£1,323.84"
S00441,J03,2023-06-11,Accept,2023-07-30,2023-09-10,2023-10-03,4062,1506.64
S00442,J03,2023-12-21,Reject,11/02/2024,,,"7,691",
S00443,J03,12/04/2023,rejected,2023-06-17,,,3678,
S00444,J03,2023-08-07,ACCEPT,2023-10-03,2023-11-03,2023-12-11,6827,"$1,978.86"
S00445,J03,16/03/2023,Reject,2023-05-02,,,"10,394",
S00446,J03,2024-03-15,Accept,2024-05-13,2024-06-01,2024-07-03,7686,"$2,517.05"
S00447,J03,2024-01-04,REJ,2024-03-13,,,5699,
S00448,J03,2023-03-30,ACCEPT,2023-04-20,2023-06-07,2023-07-06,8972,2256.20
S00449,J03,12/09/2023,Reject,2023-11-10,,,5078,
S00450,J03,2024-01-17,Rejected,2024-04-13,,,7774,
S00451,J03,2024-06-03,Major Revision,2024-08-01,,,4566,
S00452,J03,2023-11-19,Reject,2024-01-11,,,"3,534",
S00453,J03,25/04/2024,Minor Revision,2024-06-09,,,10546,
S00454,J03,2024-04-13,rejected,2024-05-29,,,"10,071",
S00455,J03,2024-01-06,REJ,2024-03-11,,,"8,864",
S00456,J03,2024-08-31,accepted,2024-10-14,2024-11-21,2024-12-01,8041,"$2,166.23"
S00457,J03,2024-05-12,ACCEPT,2024-06-16,22/07/2024,2024-08-15,9751,"$2,325.41"
S00458,J03,2024-03-04,rejected,2024-04-09,,,9800,
S00459,J03,2024-05-09,Revise,10/07/2024,,,"5,244",
S00460,J03,2023-02-22,rejected,2023-04-10,,,"3,973",
S00461,J03,2024-08-15,Rejected,2024-09-10,,,5009,
S00462,J03,2024-09-28,Reject,2024-11-28,,,"7,960",
S00463,J03,18/03/2024,REJ,2024-05-21,,,7796,
S00464,J03,2024-06-30,Rejected,2024-08-19,,,7081,
S00465,J03,2023-12-13,R&R,2024-01-15,,,9511,
S00466,J04,2023-05-31,Reject,2023-06-14,,,"3,609",
S00467,J04,02/03/2023,Accepted,2023-03-29,21/04/2023,2023-05-31,"7,293","£2,057.64"
S00468,J04,2023-05-28,Reject,09/07/2023,,,8030,
S00469,J04,2024-07-27,Rejected,2024-08-22,,,"4,098",
S00470,J04,11/08/2023,Reject,2023-09-11,,,"10,591",
S00471,J04,05/06/2023,Reject,21/06/2023,,,"8,116",
S00472,J04,2023-12-20,Reject,2024-01-18,,,5656,
S00473,J04,10/07/2024,Major Revision,27/07/2024,,,"5,796",
S00474,J04,2024-07-24,Rejected,26/08/2024,,,3699,
S00475,J04,2024-08-23,REJ,21/09/2024,,,"7,168",
S00476,J04,15/01/2023,rejected,2023-02-09,,,7101,
S00477,J04,03/01/2024,Reject,2024-01-25,,,"3,501",
S00478,J04,2024-05-20,Reject,15/06/2024,,,"6,147",
S00479,J04,2024-05-01,Reject,2024-05-22,,,3457,
S00480,J04,2023-10-30,REJ,2023-11-16,,,"4,563",
S00481,J04,2023-06-16,R&R,2023-07-02,,,8430,
S00482,J04,2023-02-22,Accepted,09/03/2023,2023-04-08,2023-05-04,4025,1453.62
S00483,J04,2023-07-12,rejected,2023-08-01,,,"9,208",
S00484,J04,2024-06-08,accepted,2024-07-06,13/08/2024,2024-09-11,"7,032",1583.41
S00485,J04,2024-01-24,rejected,2024-02-15,,,"9,056",
S00486,J04,2023-10-27,rejected,2023-11-16,,,4750,
S00487,J04,2024-03-06,REJ,2024-04-06,,,"5,747",
S00488,J04,2023-09-04,Reject,2023-10-05,,,"5,634",
S00489,J04,2024-07-12,rejected,2024-08-09,,,"5,785",
S00490,J04,2024-09-10,Reject,06/10/2024,,,8653,
S00491,J04,2023-12-11,R&R,2024-01-10,,,"9,159",
S00492,J04,2023-06-28,Reject,2023-07-22,,,"8,791",
S00493,J04,2023-06-02,REJ,2023-06-25,,,"5,149",
S00494,J04,2023-07-21,accepted,2023-08-08,2023-09-14,2023-10-02,3976,"$1,309.39"
S00495,J04,2024-06-03,Rejected,2024-07-03,,,"10,055",
S00496,J04,2023-09-09,Major Revision,2023-10-10,,,"6,725",
S00497,J04,2023-08-15,Accept,01/09/2023,2023-09-23,2023-10-20,3401,1926.54
S00498,J04,2024-07-12,accepted,2024-08-12,2024-09-11,2024-10-03,9080,2525.69
S00499,J04,2024-09-02,REJ,2024-10-02,,,"9,727",
S00500,J04,2024-03-08,rejected,2024-03-29,,,11336,
S00501,J04,2023-06-16,Reject,2023-07-01,,,5499,
S00502,J04,2023-07-25,Reject,2023-08-15,,,4477,
S00503,J04,25/05/2023,REJ,2023-06-19,,,"10,180",
S00504,J04,2023-06-06,Reject,2023-06-23,,,9598,
S00505,J04,22/03/2024,Accepted,2024-04-13,2024-05-16,2024-06-14,"11,217","£2,099.87"
S00506,J04,2023-08-26,accepted,2023-09-22,19/10/2023,2023-11-04,"9,120",1300.23
S00507,J04,2023-06-25,Rejected,2023-07-05,,,10695,
S00508,J04,2024-04-09,Reject,2024-04-30,,,10049,
S00509,J04,2023-08-21,REJ,2023-09-18,,,"9,128",
S00510,J04,2024-04-16,Reject,2024-05-01,,,4082,
S00511,J04,2024-05-07,Minor Revision,2024-06-03,,,"11,216",
S00512,J04,2024-01-06,Reject,2024-02-05,,,3901,
S00513,J04,2024-03-01,Revise,2024-04-08,,,9704,
S00514,J04,05/05/2023,Major Revision,2023-06-07,,,9873,
S00515,J04,06/03/2024,Accept,2024-04-01,2024-05-02,2024-05-27,3246,"$2,306.17"
S00516,J04,2024-01-01,Major Revision,2024-01-24,,,"8,443",
S00517,J04,2024-06-08,Reject,2024-06-24,,,3790,
S00518,J04,2023-09-25,Rejected,2023-10-25,,,4573,
S00519,J04,2024-06-17,REJ,2024-07-14,,,"10,589",
S00520,J04,2023-01-27,rejected,2023-02-11,,,"9,995",
S00521,J04,2024-03-14,Accept,2024-04-09,2024-05-12,2024-05-28,3416,1222.84
S00522,J04,2023-03-27,Revise,2023-04-10,,,6563,
S00523,J04,2024-05-04,Accepted,2024-05-23,2024-06-27,2024-07-07,9580,1643.77
S00524,J04,2023-08-12,rejected,08/09/2023,,,"7,666",
S00525,J04,2024-08-10,Major Revision,2024-08-29,,,"5,372",
S00526,J04,2024-05-11,REJ,2024-05-25,,,"6,204",
S00527,J04,2023-05-01,rejected,2023-05-14,,,11198,
S00528,J04,2023-12-28,rejected,2024-01-16,,,"10,371",
S00529,J04,2023-11-14,REJ,11/12/2023,,,11214,
S00530,J04,2023-08-12,Minor Revision,29/08/2023,,,7133,
S00531,J04,2023-10-27,Reject,2023-11-17,,,10098,
S00532,J04,25/07/2023,Accepted,2023-08-11,2023-09-10,2023-10-01,7161,"$1,813.90"
S00533,J04,2023-01-26,Major Revision,2023-02-22,,,5315,
S00534,J04,2024-09-25,R&R,23/10/2024,,,"8,312",
S00535,J04,2024-01-29,R&R,2024-02-18,,,3677,
S00536,J04,05/07/2023,Rejected,2023-07-31,,,4136,
S00537,J04,2023-02-06,Rejected,25/02/2023,,,"6,198",
S00538,J04,2023-04-09,ACCEPT,2023-05-05,2023-05-28,2023-06-24,"9,282",1454.58
S00539,J04,2024-04-11,Rejected,05/05/2024,,,"4,855",
S00540,J04,06/07/2024,Rejected,2024-07-23,,,"6,141",
S00541,J04,2023-10-18,Rejected,2023-11-21,,,10608,
S00542,J04,2024-07-31,REJ,2024-08-27,,,4779,
S00543,J04,20/02/2024,Accepted,18/03/2024,2024-04-22,2024-05-21,8299,"£2,000.15"
S00544,J04,2023-03-06,R&R,2023-04-08,,,9203,
S00545,J04,2023-06-13,Major Revision,2023-07-02,,,11203,
S00546,J04,2024-02-18,rejected,2024-03-15,,,"3,672",
S00547,J05,2023-05-24,Accept,2023-06-12,2023-07-08,2023-07-27,"3,949",
S00548,J05,2023-07-24,Reject,2023-08-15,,,9508,
S00549,J05,2023-02-18,Accept,2023-03-14,2023-04-29,2023-05-31,9349,
S00550,J05,2023-10-20,Minor Revision,2023-11-19,,,11190,
S00551,J05,2024-03-07,Accepted,2024-03-24,2024-04-21,2024-05-01,3215,
S00552,J05,2023-06-22,ACCEPT,2023-07-16,2023-08-23,2023-09-02,9200,
S00553,J05,2024-02-12,Rejected,2024-02-27,,,3706,
S00554,J05,2023-08-18,ACCEPT,2023-09-05,2023-10-19,2023-11-21,"11,305",
S00555,J05,2024-02-11,Revise,2024-03-11,,,"8,924",
S00556,J05,2024-09-16,ACCEPT,2024-10-04,2024-11-07,2024-11-29,9312,
S00557,J05,2023-09-24,Reject,2023-10-13,,,3581,
S00558,J05,2023-03-01,rejected,2023-03-24,,,"5,297",
S00559,J05,2024-06-08,Rejected,2024-06-28,,,"9,985",
S00560,J05,2023-07-20,Accepted,2023-08-13,20/09/2023,2023-10-23,4308,
S00561,J05,2023-12-08,rejected,2024-01-01,,,"10,708",
S00562,J05,2023-01-20,rejected,2023-02-17,,,6619,
S00563,J05,2023-02-17,accepted,2023-03-08,2023-04-05,2023-04-25,"4,485",
S00564,J05,2023-06-19,Reject,2023-07-16,,,4644,
S00565,J05,2024-06-03,Accepted,2024-06-29,2024-07-20,2024-08-14,"9,959",
S00566,J05,2023-02-25,Accept,2023-03-23,2023-04-26,2023-05-28,"7,630",
S00567,J05,2024-09-25,Reject,2024-10-15,,,10511,
S00568,J05,2024-03-17,accepted,2024-04-09,2024-05-16,2024-06-18,"8,645",
S00569,J05,2024-07-29,rejected,2024-08-22,,,3435,
S00570,J05,2023-11-09,rejected,2023-11-21,,,"6,026",
S00571,J05,22/05/2024,Rejected,2024-06-09,,,"8,098",
S00572,J05,2024-08-06,Accept,2024-08-28,2024-09-29,2024-11-02,4247,
S00573,J05,2024-08-19,Rejected,2024-09-07,,,4349,
S00574,J05,2023-09-02,rejected,2023-09-20,,,"4,530",
S00575,J05,2023-12-13,rejected,2023-12-30,,,"10,967",
S00576,J05,20/11/2023,accepted,2023-12-09,2024-01-01,2024-01-22,"10,072",
S00577,J05,2024-05-02,REJ,2024-05-18,,,10336,
S00578,J05,2024-04-04,accepted,2024-04-19,2024-05-11,2024-06-11,8287,
S00579,J05,2024-08-24,Reject,2024-09-17,,,"6,543",
S00580,J05,2024-04-05,Reject,28/04/2024,,,4109,
S00581,J05,2023-02-14,REJ,2023-03-06,,,9171,
S00582,J05,2023-10-19,accepted,2023-11-07,2023-11-30,2024-01-05,"10,108",
S00583,J05,2024-07-09,rejected,2024-08-06,,,"8,780",
S00584,J05,2023-03-27,R&R,2023-04-14,,,"8,492",
S00585,J05,2023-09-23,accepted,15/10/2023,2023-11-25,2023-12-06,11020,
S00586,J05,2023-04-27,rejected,2023-05-17,,,"3,824",
S00587,J05,2024-05-20,Rejected,2024-06-10,,,"11,418",
S00588,J05,12/08/2024,rejected,2024-09-03,,,"10,720",
S00589,J05,2023-04-09,REJ,2023-04-27,,,6100,
S00590,J05,2023-10-01,R&R,2023-10-13,,,6597,
S00591,J05,23/05/2023,Rejected,2023-06-19,,,"6,794",
S00592,J05,2023-09-10,rejected,27/09/2023,,,7379,
S00593,J05,2023-12-14,Accepted,2024-01-11,2024-02-14,2024-03-16,"4,547",
S00594,J05,2023-10-02,REJ,2023-10-27,,,"6,283",
S00595,J05,2024-07-24,Reject,2024-08-11,,,"7,651",
S00596,J05,2024-01-07,Rejected,2024-01-29,,,3526,
S00597,J05,2024-02-02,Accepted,2024-02-20,2024-03-29,2024-05-05,"3,548",
S00598,J05,12/11/2023,Rejected,2023-12-04,,,7259,
S00599,J05,2024-01-24,Reject,2024-02-19,,,"7,049",
S00600,J05,11/12/2023,REJ,2023-12-31,,,"4,477",
S00601,J05,2023-10-15,REJ,2023-11-10,,,"5,685",
S00602,J05,2023-07-31,Accepted,2023-08-20,2023-09-18,25/10/2023,"10,517",
S00603,J05,2023-01-13,REJ,2023-01-27,,,10337,
S00604,J05,2023-06-27,ACCEPT,2023-07-15,2023-08-26,2023-09-14,"9,369",
S00605,J05,2024-09-25,rejected,2024-10-10,,,6304,
S00606,J05,2024-09-22,accepted,2024-10-13,2024-11-08,2024-11-26,"4,549",
S00607,J05,2023-03-21,REJ,2023-04-13,,,"8,804",
S00608,J05,2023-09-24,rejected,2023-10-08,,,8510,
S00609,J05,2023-01-23,Rejected,2023-02-26,,,8679,
S00610,J05,2024-08-14,REJ,2024-09-06,,,7481,
S00611,J05,27/08/2024,ACCEPT,2024-09-22,2024-11-02,2024-11-30,"10,144",
S00612,J05,2023-09-18,Accept,2023-10-14,2023-11-21,2023-12-30,"8,393",
S00613,J05,03/04/2024,Reject,2024-04-23,,,"4,911",
S00614,J05,2024-06-14,Rejected,2024-07-12,,,"4,194",
S00615,J05,2024-01-26,Reject,2024-02-17,,,6075,
S00616,J05,2024-02-10,REJ,29/02/2024,,,"4,299",
S00617,J05,2023-04-16,Revise,2023-05-05,,,"6,288",
S00618,J05,2023-01-01,Reject,2023-01-22,,,5519,
S00619,J05,2023-09-11,ACCEPT,2023-09-29,01/11/2023,2023-12-07,"9,070",
S00620,J05,2023-06-18,REJ,2023-07-09,,,"4,825",
S00621,J05,15/06/2024,Accept,2024-07-09,2024-08-16,2024-09-12,10579,
S00622,J05,2024-03-05,REJ,2024-03-27,,,8318,
S00623,J05,2024-08-13,Minor Revision,2024-08-28,,,"10,741",
S00624,J06,25/05/2023,REJ,2023-06-28,,,6611,
S00625,J06,2023-03-25,Revise,08/05/2023,,,"10,540",
S00626,J06,31/07/2024,Rejected,25/08/2024,,,8369,
S00627,J06,2024-08-31,Accept,2024-10-14,2024-11-18,2024-12-27,"3,439",
S00628,J06,2023-07-07,rejected,2023-08-07,,,3848,
S00629,J06,2024-05-01,Minor Revision,2024-06-29,,,7441,
S00630,J06,2023-03-25,Accept,08/05/2023,31/05/2023,10/06/2023,"7,328",
S00631,J06,2024-07-22,REJ,2024-09-28,,,8996,
S00632,J06,2024-07-12,REJ,2024-09-01,,,"9,321",
S00633,J06,2023-01-18,rejected,2023-03-03,,,6541,
S00634,J06,2023-04-22,Rejected,2023-05-30,,,11240,
S00635,J06,2024-07-22,rejected,2024-09-19,,,3282,
S00636,J06,2023-05-17,REJ,2023-06-26,,,6508,
S00637,J06,2024-07-13,Revise,2024-09-20,,,"6,550",
S00638,J06,2024-02-02,rejected,2024-03-07,,,7736,
S00639,J06,2024-03-29,Rejected,2024-05-23,,,7935,
S00640,J06,2023-12-06,rejected,2024-02-03,,,"8,393",
S00641,J06,2024-04-18,REJ,2024-05-12,,,"4,779",
S00642,J06,2024-08-25,Revise,2024-10-14,,,8539,
S00643,J06,2023-06-04,Reject,2023-07-11,,,"9,118",
S00644,J06,2023-10-09,Accept,2023-11-23,22/12/2023,2024-01-15,"10,178",
S00645,J06,2024-09-12,Revise,2024-10-26,,,10240,
S00646,J06,2024-02-28,Reject,2024-03-30,,,"7,518",
S00647,J06,2023-04-04,R&R,2023-05-14,,,5480,
S00648,J06,2023-06-04,Accepted,2023-07-29,2023-09-09,2023-10-07,"7,194",
S00649,J06,2023-11-21,Minor Revision,2023-12-30,,,"7,134",
S00650,J06,2023-11-25,Accepted,2024-01-06,15/02/2024,2024-03-10,"7,842",
S00651,J06,2023-05-15,Accept,2023-06-22,2023-08-06,2023-09-01,"3,281",
S00652,J06,2023-06-14,Reject,2023-08-14,,,"8,870",
S00653,J06,2023-05-27,REJ,2023-07-10,,,"3,216",
S00654,J06,2023-05-26,Reject,2023-06-28,,,9862,
S00655,J06,2024-06-18,rejected,2024-07-29,,,3973,
S00656,J06,2024-01-06,REJ,2024-02-12,,,3263,
S00657,J06,2024-04-21,REJ,2024-05-26,,,"3,733",
S00658,J06,2024-08-27,Accept,2024-11-04,2024-12-03,2024-12-23,6549,
S00659,J06,2024-08-30,rejected,2024-10-18,,,3919,
S00660,J06,2023-06-21,rejected,2023-09-01,,,5261,
S00661,J06,2023-12-15,REJ,2024-02-13,,,"5,249",
S00662,J06,2023-05-10,Rejected,29/06/2023,,,6578,
S00663,J06,2023-12-22,rejected,2024-02-18,,,8507,
S00664,J06,2024-08-30,rejected,2024-10-19,,,"7,240",
S00665,J06,2024-03-17,Rejected,2024-04-20,,,9152,
S00666,J06,2023-08-25,rejected,2023-10-20,,,7321,
S00667,J06,2023-02-13,ACCEPT,2023-03-30,2023-06-08,2023-07-03,"8,957",
S00668,J06,2024-07-18,Rejected,2024-09-07,,,7577,
S00669,J06,2024-04-18,Reject,2024-05-30,,,"5,333",
S00670,J06,13/10/2023,Reject,2023-12-01,,,"8,139",
S00671,J06,2023-01-22,Accepted,2023-03-09,27/04/2023,2023-05-23,4933,
S00672,J06,2024-04-21,ACCEPT,2024-06-08,2024-07-05,2024-07-24,"8,686",
S00673,J06,2023-10-19,REJ,2023-12-20,,,6141,
S00674,J06,2023-06-24,REJ,2023-08-25,,,3886,
S00675,J06,2023-02-04,rejected,2023-03-08,,,10755,
S00676,J06,2024-06-08,Accepted,22/07/2024,2024-08-29,2024-10-06,"11,385",
S00677,J06,2024-02-21,REJ,2024-04-27,,,"6,055",
S00678,J06,2023-08-13,Reject,2023-10-05,,,6563,
S00679,J06,2023-03-09,Rejected,2023-04-24,,,8756,
S00680,J06,23/06/2023,Rejected,2023-09-06,,,7837,
S00681,J06,2024-07-26,Rejected,2024-09-16,,,"8,366",
S00682,J06,2024-01-22,accepted,2024-03-05,2024-04-14,2024-05-05,"5,941",
S00683,J06,2024-03-06,REJ,2024-04-20,,,10563,
S00684,J06,2024-07-07,Rejected,2024-08-29,,,"5,971",
S00685,J06,2023-05-07,Reject,2023-06-19,,,"9,576",
S00686,J06,2023-03-06,rejected,06/05/2023,,,7444,
S00687,J06,2023-10-25,Revise,2023-12-05,,,9639,
S00688,J06,2023-07-24,REJ,2023-09-30,,,3698,
S00689,J06,2024-06-28,Major Revision,2024-08-15,,,5091,
S00690,J06,2023-12-18,REJ,2024-02-07,,,"9,688",
S00691,J06,2023-04-13,REJ,2023-06-12,,,"7,195",
S00692,J06,2023-07-24,Rejected,2023-08-26,,,10083,
S00693,J06,2024-01-07,rejected,2024-02-16,,,"6,925",
S00694,J06,2023-06-20,Accept,01/08/2023,2023-08-23,2023-09-20,"3,946",
S00695,J06,2024-06-17,rejected,2024-07-17,,,7156,
S00696,J06,2023-04-17,R&R,2023-06-08,,,"6,058",
S00697,J06,2023-06-12,Reject,2023-08-20,,,8559,
S00698,J06,2024-03-26,ACCEPT,2024-05-09,2024-06-25,2024-07-18,"8,431",
S00699,J06,2023-08-25,Accepted,2023-09-30,2023-11-22,2023-12-14,3763,
S00700,J06,2023-02-27,REJ,2023-04-26,,,6611,
S00701,J06,2023-03-27,Accepted,2023-05-04,22/06/2023,2023-07-19,10231,
S00702,J06,2024-04-06,Revise,2024-06-04,,,"3,581",
S00703,J06,2023-10-28,Reject,2023-12-21,,,6143,
S00704,J06,2023-07-03,Rejected,2023-08-18,,,7176,
S00705,J06,01/02/2023,Reject,2023-03-23,,,"8,103",
S00706,J06,2023-12-05,R&R,2024-01-17,,,7990,
S00707,J06,2024-01-30,REJ,2024-03-13,,,8238,
S00708,J06,2023-10-04,Reject,2023-11-13,,,7806,
S00709,J06,2023-06-11,rejected,2023-08-04,,,8817,
S00710,J06,27/03/2023,Rejected,2023-04-18,,,"4,216",
S00711,J06,2024-07-09,Revise,2024-09-10,,,"6,769",
S00712,J06,2024-03-28,rejected,2024-05-03,,,"5,712",
S00713,J06,20/05/2023,Accept,2023-07-12,2023-08-04,2023-09-07,3921,
S00714,J06,2024-01-03,Reject,2024-02-02,,,4898,
S00715,J06,2023-09-10,ACCEPT,2023-11-08,2023-12-15,2024-01-16,11232,
S00716,J06,2024-02-10,Rejected,2024-04-07,,,"7,244",
S00717,J06,2023-08-24,ACCEPT,2023-10-05,2023-11-03,2023-12-11,5837,
S00718,J06,2023-12-14,rejected,2024-01-21,,,"8,826",
S00719,J06,2023-07-28,rejected,2023-10-05,,,"7,886",
S00720,J06,30/12/2023,Reject,2024-02-10,,,"5,069",
S00721,J06,2023-01-24,Rejected,2023-03-14,,,10395,
S00722,J06,2024-07-28,rejected,2024-09-03,,,"7,636",
S00723,J06,2023-11-01,Rejected,16/12/2023,,,"9,815",
S00724,J06,2023-12-31,Accept,2024-02-10,2024-03-16,2024-04-08,11432,
S00725,J06,2023-05-11,REJ,2023-07-26,,,10742,
S00726,J06,2023-11-04,Accepted,08/01/2024,2024-02-13,2024-02-28,5157,
S00727,J06,2023-04-26,REJ,2023-06-17,,,3531,
S00728,J06,2023-12-18,rejected,2024-02-04,,,6557,
S00729,J06,05/09/2023,ACCEPT,2023-10-25,2023-12-28,2024-01-13,"5,357",
S00730,J06,05/07/2024,rejected,2024-08-21,,,7959,
S00731,J06,2023-10-18,Rejected,2023-12-14,,,10796,
S00732,J06,2024-07-27,Reject,2024-09-09,,,"6,861",
S00733,J06,2023-04-29,Rejected,2023-06-19,,,10278,
S00734,J06,2023-03-07,Reject,2023-05-27,,,"8,776",
S00735,J06,2024-03-18,Major Revision,2024-05-22,,,"6,931",
S00736,J06,2024-02-23,REJ,2024-04-21,,,5931,
S00737,J06,2023-06-29,rejected,2023-08-18,,,6759,
S00738,J06,2023-12-16,Revise,2024-01-27,,,7943,
S00739,J06,2024-08-14,Accept,2024-10-03,2024-10-23,2024-11-05,"5,876",
S00740,J06,2023-09-08,Accept,2023-11-10,2023-11-21,2023-12-14,3816,
S00741,J06,2023-01-30,rejected,2023-03-31,,,"9,961",
S00742,J06,2024-04-06,Major Revision,2024-05-31,,,"11,490",
S00743,J06,2023-10-20,rejected,2023-11-29,,,4505,
S00744,J06,2024-04-28,Reject,2024-06-17,,,9356,
S00745,J06,25/05/2023,rejected,21/06/2023,,,"9,098",
S00746,J06,2023-04-24,rejected,2023-06-05,,,6705,
S00747,J06,2023-03-02,Accepted,2023-05-04,2023-06-05,2023-06-15,9052,
S00748,J06,2023-07-27,accepted,2023-09-21,2023-10-21,2023-11-16,3430,
S00749,J06,2023-01-09,Rejected,2023-03-07,,,7837,
S00750,J06,2023-07-13,Rejected,2023-09-05,,,"4,791",
S00751,J06,2023-06-16,rejected,2023-07-30,,,"4,888",
S00752,J06,2024-02-08,ACCEPT,2024-03-12,2024-05-08,2024-06-11,9226,
S00753,J06,2023-04-13,Rejected,2023-06-02,,,8484,
S00754,J06,2024-07-22,REJ,2024-09-12,,,6226,
S00755,J06,2023-07-03,Rejected,2023-08-28,,,8520,
S00756,J06,2024-04-07,Reject,2024-05-23,,,"5,996",
S00757,J06,2024-01-30,accepted,2024-03-18,2024-04-30,2024-05-29,"11,162",
S00758,J06,2024-04-07,REJ,2024-06-05,,,"9,448",
S00759,J06,16/01/2023,Minor Revision,2023-03-03,,,"5,068",
S00760,J06,2023-04-13,Reject,2023-06-29,,,9149,
S00761,J06,2024-06-08,Rejected,20/07/2024,,,9188,
S00762,J06,2024-03-07,Reject,2024-04-29,,,5610,
S00763,J06,2023-07-11,Rejected,2023-09-02,,,"9,538",
S00764,J06,2023-04-16,Rejected,2023-05-16,,,7105,
S00765,J06,2023-10-07,Rejected,2023-12-02,,,"7,277",
S00766,J06,2024-04-19,Rejected,2024-06-08,,,"10,555",
S00767,J06,2024-01-12,ACCEPT,2024-03-12,2024-04-29,2024-05-16,4923,
S00768,J06,2023-07-12,Reject,2023-08-20,,,6267,
S00769,J06,2024-08-29,Accept,2024-10-09,2024-11-21,2024-12-15,"10,457",
S00770,J06,07/01/2024,Rejected,2024-02-22,,,"9,947",
S00771,J06,2023-08-20,Reject,2023-10-21,,,"3,515",
S00772,J06,2023-08-23,ACCEPT,2023-11-04,2023-12-04,2023-12-19,"10,745",
S00773,J06,2023-05-17,rejected,2023-06-21,,,6427,
S00774,J06,2023-02-03,Major Revision,2023-03-28,,,"9,433",
S00775,J06,2024-01-30,Rejected,2024-04-10,,,7183,
S00776,J06,2023-04-13,Rejected,2023-04-25,,,"7,648",
S00777,J06,2024-04-23,Minor Revision,2024-05-29,,,"3,399",
S00778,J06,15/08/2023,REJ,2023-10-18,,,10087,
S00779,J06,24/09/2024,REJ,2024-11-25,,,"7,834",
S00780,J06,2023-10-26,Rejected,2023-12-20,,,"5,827",
S00781,J06,2023-04-26,Reject,2023-06-27,,,"3,763",
S00782,J06,2023-04-06,REJ,2023-06-02,,,8294,
S00783,J06,2024-04-08,Accept,2024-06-02,2024-06-23,2024-07-13,"5,399",
S00784,J06,2024-09-18,REJ,2024-10-12,,,4342,
S00785,J06,2023-03-18,Rejected,2023-04-17,,,6229,
S00786,J06,2024-07-20,Rejected,2024-09-07,,,11404,
S00787,J06,07/07/2023,REJ,2023-08-15,,,5833,
S00788,J06,2023-02-07,rejected,2023-03-31,,,9829,
S00789,J06,2024-01-12,Reject,2024-02-14,,,9977,
S00790,J06,2024-01-14,ACCEPT,2024-02-19,2024-04-03,29/04/2024,"5,446",
S00791,J06,2024-09-04,rejected,2024-10-20,,,"3,716",
S00792,J06,12/08/2024,Accept,2024-09-02,2024-10-13,2024-11-01,"3,389",
S00793,J06,19/05/2024,rejected,13/07/2024,,,9652,
S00794,J06,2023-11-23,Rejected,01/02/2024,,,9254,
S00795,J06,2023-04-19,R&R,12/06/2023,,,"7,037",
S00796,J06,2024-04-02,rejected,2024-05-21,,,8671,
S00797,J06,2024-05-01,R&R,2024-06-25,,,"8,624",
S00798,J06,2023-12-13,Rejected,2024-02-01,,,"6,060",
S00799,J06,2024-07-11,Rejected,2024-08-17,,,"4,910",
S00800,J06,2023-04-19,Rejected,2023-06-14,,,9598,
S00801,J06,2024-09-22,rejected,2024-10-16,,,"7,932",
S00802,J06,24/07/2024,Reject,2024-08-26,,,"8,839",
S00803,J06,08/08/2023,REJ,2023-10-05,,,"7,377",
S00804,J06,2024-02-27,REJ,24/04/2024,,,"4,453",
S00805,J07,2023-02-08,Revise,2023-03-19,,,7406,
S00806,J07,2024-02-20,REJ,2024-04-05,,,9479,
S00807,J07,2023-02-19,Reject,2023-04-08,,,6803,
S00808,J07,21/01/2023,REJ,2023-03-08,,,"6,584",
S00809,J07,02/02/2024,Major Revision,2024-03-16,,,8090,
S00810,J07,2024-04-02,Reject,2024-05-18,,,10630,
S00811,J07,2024-07-04,Rejected,2024-08-19,,,"9,177",
S00812,J07,2024-08-07,REJ,2024-10-11,,,"8,613",
S00813,J07,30/10/2023,REJ,2023-12-31,,,"10,356",
S00814,J07,16/03/2024,Revise,2024-05-12,,,5847,
S00815,J07,2024-05-09,REJ,2024-07-08,,,8685,
S00816,J07,2024-02-28,rejected,2024-04-18,,,6619,
S00817,J07,2023-08-15,REJ,30/10/2023,,,"9,390",
S00818,J07,2023-01-24,rejected,2023-04-01,,,"7,447",
S00819,J07,2024-09-02,Reject,2024-10-15,,,4899,
S00820,J07,20/01/2023,rejected,2023-03-02,,,"7,591",
S00821,J07,2023-01-01,rejected,30/01/2023,,,5357,
S00822,J07,2024-05-28,accepted,2024-07-06,2024-07-25,2024-08-19,"11,151","$1,319.34"
S00823,J07,2024-02-10,REJ,2024-04-06,,,10785,
S00824,J07,2024-06-18,Accepted,2024-08-04,2024-09-04,07/10/2024,"7,993","£1,676.84"
S00825,J07,2023-09-22,R&R,2023-11-13,,,8964,
S00826,J07,2024-05-31,rejected,2024-08-02,,,"6,295",
S00827,J07,2024-04-19,accepted,2024-06-02,2024-06-12,2024-07-10,"5,541",1873.26
S00828,J07,2024-05-18,accepted,2024-07-17,2024-09-01,2024-10-02,4283,"$2,126.74"
S00829,J07,2023-06-27,rejected,06/09/2023,,,"5,109",
S00830,J07,2024-01-14,Minor Revision,2024-03-18,,,"6,898",
S00831,J07,2024-02-10,accepted,2024-04-10,2024-05-22,2024-06-15,3267,1930.46
S00832,J07,2024-01-20,REJ,2024-03-09,,,6245,
S00833,J07,2024-04-25,REJ,2024-07-02,,,9622,
S00834,J07,2024-05-02,Revise,2024-06-25,,,5337,
S00835,J07,27/06/2023,Accept,2023-08-04,20/09/2023,2023-10-08,9897,1782.16
S00836,J07,2024-02-12,ACCEPT,2024-04-23,2024-06-11,2024-07-18,6299,1713.83
S00837,J07,2023-10-30,REJ,2023-12-15,,,"9,504",
S00838,J07,2024-03-18,Revise,2024-05-14,,,4148,
S00839,J07,2023-01-24,Rejected,2023-03-07,,,5385,
S00840,J07,2023-04-26,Accepted,2023-06-01,2023-07-10,2023-08-14,"7,341","$2,022.45"
S00841,J07,2023-02-15,rejected,2023-05-06,,,6186,
S00842,J07,2023-04-06,Reject,2023-06-21,,,8257,
S00843,J07,2023-09-15,Accepted,2023-12-05,13/01/2024,2024-02-11,7959,1745.19
S00844,J07,2024-03-25,Reject,2024-05-24,,,"5,147",
S00845,J07,2024-04-25,Reject,2024-06-11,,,11472,
S00846,J07,2023-08-20,Major Revision,2023-11-07,,,"3,613",
S00847,J07,2023-10-02,rejected,2023-11-30,,,6436,
S00848,J07,2023-08-10,Rejected,2023-09-20,,,"3,521",
S00849,J07,2023-07-19,Minor Revision,2023-08-21,,,"11,084",
S00850,J07,2023-02-18,REJ,2023-03-17,,,10390,
S00851,J07,2023-09-15,Reject,2023-11-19,,,"10,028",
S00852,J07,29/02/2024,Revise,07/04/2024,,,5521,
S00853,J07,2024-02-14,Major Revision,2024-04-06,,,9812,
S00854,J07,2023-07-07,REJ,2023-08-19,,,6977,
S00855,J07,2024-08-16,Reject,2024-10-17,,,10425,
S00856,J07,2023-11-13,Accepted,2023-12-27,2024-01-27,2024-02-14,"6,630",1772.18
S00857,J07,2024-01-21,REJ,2024-03-17,,,"10,402",
S00858,J07,2023-11-15,rejected,2024-01-03,,,"3,346",
S00859,J07,2024-07-27,ACCEPT,2024-10-01,2024-10-30,2024-12-03,7655,"£1,686.47"
S00860,J07,2023-04-21,REJ,2023-06-24,,,"5,486",
S00861,J07,2024-09-10,Reject,2024-11-07,,,"3,552",
S00862,J07,2023-05-23,REJ,2023-07-10,,,10525,
S00863,J07,2023-07-23,rejected,2023-08-23,,,"3,414",
S00864,J07,2023-03-11,rejected,2023-05-24,,,5544,
S00865,J07,2024-03-26,R&R,2024-05-13,,,"7,077",
S00866,J07,2024-01-23,Reject,2024-03-11,,,7032,
S00867,J07,12/01/2024,Rejected,2024-03-06,,,"7,745",
S00868,J07,15/09/2024,Minor Revision,2024-11-27,,,"3,232",
S00869,J07,2023-07-12,R&R,24/08/2023,,,"3,206",
S00870,J07,2023-09-18,Reject,2023-10-23,,,10383,
S00871,J07,2023-02-07,Rejected,2023-03-26,,,"11,306",
S00872,J07,2023-12-22,rejected,2024-02-18,,,"7,909",
S00873,J07,2024-02-09,Accepted,2024-04-14,2024-05-03,2024-06-12,3626,"£1,886.24"
S00874,J07,2024-01-14,rejected,2024-03-04,,,9153,
S00875,J07,2024-03-21,accepted,2024-05-06,2024-06-19,2024-07-18,"10,952",2061.34
S00876,J07,2023-02-16,ACCEPT,2023-04-09,2023-05-17,13/06/2023,3253,"$2,321.59"
S00877,J07,2023-03-26,Accepted,2023-05-31,2023-06-23,08/07/2023,"9,552",2012.69
S00878,J07,29/08/2024,Rejected,2024-11-01,,,"5,194",
S00879,J07,2023-10-10,Rejected,01/01/2024,,,"11,121",
S00880,J07,2023-03-16,rejected,2023-05-28,,,6618,
S00881,J07,04/03/2023,Rejected,2023-05-13,,,7999,
S00882,J07,2023-09-30,Revise,2023-11-18,,,8626,
S00883,J07,2024-09-09,REJ,15/10/2024,,,7389,
S00884,J07,2024-02-08,Reject,2024-04-14,,,8812,
S00885,J07,2024-09-09,Reject,2024-11-07,,,9888,
S00886,J07,2023-11-15,Reject,2024-01-21,,,"4,385",
S00887,J07,2023-07-25,ACCEPT,2023-09-09,2023-10-06,2023-11-01,"11,266","$1,333.34"
S00888,J07,14/07/2023,Rejected,2023-09-08,,,"5,315",
S00889,J07,2024-07-09,Reject,2024-09-20,,,6802,
S00890,J07,2024-09-05,rejected,02/11/2024,,,3297,
S00891,J07,2023-01-05,REJ,2023-02-08,,,"10,288",
S00892,J07,2024-09-11,REJ,2024-11-13,,,"3,972",
S00893,J07,2024-05-11,Reject,2024-07-26,,,"3,689",
S00894,J07,2023-01-21,Rejected,2023-04-06,,,3528,
S00895,J07,2023-12-08,Rejected,2024-01-27,,,"5,770",
S00896,J07,2024-05-05,Major Revision,2024-06-21,,,"8,121",
S00897,J07,2023-12-13,Reject,19/02/2024,,,10935,
S00898,J07,10/01/2024,REJ,2024-03-09,,,"11,030",
S00899,J07,2024-07-29,REJ,2024-09-18,,,"6,610",
S00900,J07,2024-06-19,Accepted,2024-08-02,2024-09-13,2024-10-18,10109,"£2,068.64"
S00901,J07,2024-01-20,Reject,2024-03-06,,,8128,
S00902,J07,2023-09-05,Reject,31/10/2023,,,"3,440",
S00903,J07,2023-12-16,accepted,2024-02-21,2024-04-09,2024-04-23,"9,274","£2,087.59"
S00904,J07,2024-01-03,R&R,2024-02-20,,,9346,
S00905,J07,2024-05-03,Rejected,2024-06-20,,,"8,675",
S00906,J07,25/05/2023,REJ,04/07/2023,,,"9,453",
S00907,J07,2024-07-22,Rejected,2024-09-04,,,"5,591",
S00908,J07,2023-09-08,rejected,2023-11-02,,,"5,194",
S00909,J07,2024-04-05,Reject,2024-05-15,,,4043,
S00910,J07,2023-07-03,Rejected,2023-08-25,,,"4,312",
S00911,J07,2024-03-27,Reject,2024-06-01,,,"5,005",
S00912,J07,25/03/2023,Reject,2023-05-15,,,6141,
S00913,J07,2023-08-31,Accepted,2023-10-25,14/11/2023,30/11/2023,"9,978","$1,946.77"
S00914,J07,2023-09-14,rejected,2023-11-19,,,"8,717",
S00915,J07,2023-02-13,rejected,2023-04-03,,,"9,965",
S00916,J07,2023-02-16,rejected,2023-04-07,,,10195,
S00917,J07,22/02/2023,Rejected,03/05/2023,,,"8,115",
S00918,J07,2024-03-31,REJ,2024-05-30,,,"3,347",
S00919,J07,2024-02-18,Rejected,2024-05-10,,,9656,
S00920,J07,2023-01-19,REJ,2023-03-14,,,"4,185",
S00921,J07,2023-02-04,REJ,2023-04-24,,,"5,492",
S00922,J07,2024-03-25,Accept,2024-06-10,2024-07-18,2024-08-06,"10,183",1228.14
S00923,J07,2023-03-30,Reject,2023-06-04,,,11107,
S00924,J07,2024-03-10,rejected,2024-04-25,,,8679,
S00925,J07,2023-04-30,Revise,2023-06-26,,,8954,
S00926,J07,2023-10-24,REJ,2024-01-02,,,8150,
S00927,J07,2024-07-03,Reject,2024-08-24,,,7158,
S00928,J07,2024-05-31,Reject,2024-07-27,,,4863,
S00929,J07,2023-05-31,Minor Revision,2023-07-21,,,4730,
S00930,J07,2024-01-14,REJ,2024-03-10,,,"10,716",
S00931,J07,2024-08-12,Major Revision,2024-10-31,,,11439,
S00932,J07,2024-01-20,ACCEPT,2024-03-04,2024-04-26,22/05/2024,"9,544","£1,847.30"
S00933,J07,2023-09-09,REJ,2023-10-31,,,"8,632",
S00934,J07,2023-04-30,rejected,2023-06-30,,,3457,
S00935,J07,2024-08-14,R&R,2024-10-11,,,"4,662",
S00936,J07,2024-02-05,REJ,2024-04-05,,,"10,951",
S00937,J07,2023-01-13,Revise,2023-03-12,,,"11,353",
S00938,J07,2023-03-20,Rejected,2023-05-08,,,6282,
S00939,J07,2023-02-18,accepted,2023-03-19,2023-04-26,2023-05-24,"8,390","$2,213.29"
S00940,J07,2023-10-17,accepted,2024-01-11,2024-02-09,2024-02-27,"9,989","$2,576.88"
S00941,J07,2023-01-31,Reject,2023-04-19,,,7988,
S00942,J07,11/05/2024,Reject,2024-06-21,,,10256,
S00943,J07,2024-06-05,ACCEPT,10/07/2024,24/08/2024,2024-09-16,4981,"$1,506.82"
S00944,J07,2024-05-24,Reject,2024-07-10,,,10158,
S00945,J07,2023-01-03,rejected,2023-03-24,,,"5,662",
S00946,J07,2024-04-03,Rejected,2024-06-02,,,"9,144",
S00947,J07,2023-10-14,Rejected,2023-12-27,,,8620,
S00948,J07,2023-10-19,ACCEPT,2023-11-24,2023-12-24,2024-01-10,4834,"$1,810.12"
S00949,J07,08/05/2023,REJ,2023-07-04,,,10260,
S00950,J07,2024-05-10,REJ,2024-06-13,,,"9,800",
S00951,J07,2023-08-20,rejected,26/09/2023,,,4732,
S00952,J07,2023-07-25,rejected,2023-09-08,,,"3,342",
S00953,J07,2023-03-30,accepted,2023-05-12,2023-06-21,2023-07-17,"9,083",2305.02
S00954,J07,2024-04-14,accepted,2024-06-27,2024-07-17,2024-08-15,"5,208","£2,065.83"
S00955,J07,17/08/2023,Reject,07/10/2023,,,"4,146",
S00956,J07,2024-09-06,rejected,26/11/2024,,,"7,003",
S00957,J07,2024-01-25,Rejected,2024-04-15,,,6792,
S00958,J07,2024-02-06,Reject,2024-03-09,,,"10,556",
S00959,J07,05/04/2023,REJ,2023-06-15,,,"7,470",
S00960,J07,2024-02-12,accepted,2024-04-14,2024-05-27,2024-06-26,"7,398","£2,065.95"
S00961,J07,2024-09-24,REJ,09/12/2024,,,"8,950",
S00962,J07,2024-07-16,rejected,2024-08-31,,,"7,436",
S00963,J07,2024-04-05,REJ,2024-06-16,,,4119,
S00964,J07,2023-11-28,REJ,2024-01-25,,,4779,
S00965,J07,2023-12-06,REJ,2024-01-30,,,10173,
S00966,J07,2023-06-03,Reject,2023-07-29,,,10402,
S00967,J07,2023-09-05,rejected,2023-10-27,,,"10,817",
S00968,J07,06/06/2024,Accepted,2024-08-07,2024-08-29,2024-09-30,5024,"$1,405.11"
S00969,J07,2024-04-30,Accept,2024-06-14,2024-07-03,09/08/2024,7650,1531.38
S00970,J07,2023-09-10,rejected,2023-10-24,,,"7,630",
S00971,J07,2023-11-24,REJ,2024-02-04,,,"11,453",
S00972,J07,2023-11-27,R&R,27/01/2024,,,3393,
S00973,J08,2023-09-28,REJ,2023-11-09,,,9473,
S00974,J08,2023-06-13,Rejected,2023-08-06,,,8112,
S00975,J08,22/01/2024,rejected,2024-02-11,,,"9,105",
S00976,J08,2023-06-19,REJ,07/09/2023,,,"6,653",
S00977,J08,2023-11-10,REJ,2024-01-27,,,7496,
S00978,J08,2023-03-13,REJ,2023-04-24,,,"9,617",
S00979,J08,2024-07-25,rejected,2024-09-20,,,"9,347",
S00980,J08,2024-02-10,Reject,2024-04-02,,,"4,315",
S00981,J08,2024-05-29,Minor Revision,2024-06-26,,,"11,281",
S00982,J08,11/08/2024,rejected,05/10/2024,,,"3,807",
S00983,J08,2023-10-26,Rejected,2023-12-07,,,9341,
S00984,J08,2023-07-12,Reject,2023-09-06,,,9949,
S00985,J08,2024-01-23,rejected,2024-03-17,,,"4,236",
S00986,J08,2023-06-01,Revise,2023-06-27,,,"11,216",
S00987,J08,10/10/2023,Accepted,2023-11-23,2024-01-10,2024-02-06,"9,920","$2,564.91"
S00988,J08,2023-10-21,rejected,2023-12-10,,,"3,295",
S00989,J08,2023-05-26,accepted,2023-07-09,22/08/2023,2023-09-09,"10,384","$2,480.30"
S00990,J08,03/11/2023,accepted,2023-12-31,2024-01-18,2024-02-17,"4,218",1867.95
S00991,J08,2023-02-21,REJ,2023-05-15,,,11123,
S00992,J08,2023-04-18,REJ,2023-06-18,,,"5,539",
S00993,J08,2023-12-03,rejected,2024-01-09,,,4568,
S00994,J08,2023-03-28,Rejected,2023-05-14,,,"9,353",
S00995,J08,2024-02-07,REJ,2024-04-23,,,10099,
S00996,J08,2023-01-12,R&R,2023-03-08,,,"11,068",
S00997,J08,2024-09-25,rejected,23/11/2024,,,"6,563",
S00998,J08,2024-03-21,Rejected,2024-05-26,,,"10,070",
S00999,J08,02/02/2023,rejected,2023-04-19,,,"4,150",
S01000,J08,2024-06-20,ACCEPT,29/08/2024,2024-10-03,2024-10-25,"8,037",1872.13
S01001,J08,2023-02-02,Rejected,2023-02-26,,,5042,
S01002,J08,2023-11-24,Minor Revision,15/01/2024,,,"3,314",
S01003,J08,2024-03-10,rejected,2024-05-17,,,"4,624",
S01004,J08,2024-08-13,Rejected,2024-10-12,,,8113,
S01005,J08,2024-02-17,rejected,2024-04-09,,,"9,141",
S01006,J08,2023-10-16,Accepted,2024-01-02,2024-02-09,2024-03-01,"6,405",1725.55
S01007,J08,2023-08-20,Reject,2023-10-04,,,"9,103",
S01008,J08,2023-05-09,rejected,2023-07-09,,,"8,454",
S01009,J08,2023-09-15,Reject,21/11/2023,,,"11,344",
S01010,J08,2023-02-10,accepted,2023-04-12,2023-05-17,2023-06-10,"8,974","£1,620.80"
S01011,J08,2024-07-21,accepted,2024-08-30,2024-10-07,2024-11-10,7807,1314.25
S01012,J08,2024-06-27,Rejected,2024-08-06,,,10592,
S01013,J08,2023-12-01,Rejected,2023-12-27,,,"3,600",
S01014,J08,2024-02-29,Reject,2024-05-12,,,"6,107",
S01015,J08,2024-02-16,Accepted,31/03/2024,2024-05-24,2024-06-13,3403,2429.37
S01016,J08,2024-08-17,Rejected,25/09/2024,,,4325,
S01017,J08,2024-01-22,Accept,2024-03-15,2024-03-27,2024-04-14,"6,984",1522.33
S01018,J08,2024-02-01,Reject,2024-03-01,,,9933,
S01019,J08,2023-09-20,rejected,08/11/2023,,,10785,
S01020,J08,2024-03-19,Reject,2024-05-22,,,5827,
S01021,J08,15/04/2023,Reject,22/06/2023,,,"4,769",
S01022,J08,2024-01-19,Rejected,2024-02-24,,,"8,847",
S01023,J08,2024-05-14,Accepted,2024-07-08,15/08/2024,2024-09-18,5642,"$1,343.99"
S01024,J08,2023-02-24,Rejected,2023-04-28,,,"8,171",
S01025,J08,2023-10-11,ACCEPT,2023-12-02,2024-01-20,2024-02-13,3251,1609.62
S01026,J08,2023-01-02,Reject,2023-03-01,,,9978,
S01027,J08,03/06/2024,Accepted,2024-08-16,2024-09-19,2024-10-24,"11,236","£2,275.04"
S01028,J08,2023-03-08,REJ,2023-04-25,,,"11,025",
S01029,J08,2024-09-19,rejected,2024-11-24,,,"10,213",
S01030,J08,2024-09-24,rejected,2024-12-05,,,"4,742",
S01031,J08,2024-04-06,REJ,2024-06-09,,,"10,653",
S01032,J08,16/08/2024,rejected,2024-10-10,,,"4,695",
S01033,J08,2023-11-06,Reject,2023-12-04,,,"5,346",
S01034,J08,02/09/2024,Rejected,2024-10-30,,,5600,
S01035,J08,2023-08-02,rejected,2023-09-08,,,"5,499",
S01036,J08,2023-09-06,accepted,2023-10-27,2023-12-06,2023-12-28,10725,1943.75
S01037,J08,2023-06-07,REJ,2023-07-12,,,"7,910",
S01038,J08,2023-07-08,Rejected,21/08/2023,,,9191,
S01039,J08,06/01/2023,REJ,20/02/2023,,,10263,
S01040,J08,2023-03-17,REJ,2023-04-10,,,"9,313",
S01041,J08,2023-01-01,REJ,2023-03-23,,,10028,
S01042,J08,2023-01-14,Minor Revision,2023-02-24,,,"11,142",
S01043,J08,2024-04-01,Reject,2024-05-30,,,"5,930",
S01044,J08,2024-03-16,Rejected,2024-05-16,,,8385,
S01045,J08,2023-07-09,REJ,2023-08-24,,,"4,608",
S01046,J08,2024-01-22,REJ,27/02/2024,,,"5,798",
S01047,J08,2023-01-23,Rejected,2023-04-11,,,6446,
S01048,J08,2023-07-28,Revise,2023-09-04,,,"10,295",
S01049,J08,2023-10-03,accepted,2023-11-22,2023-12-07,2023-12-22,5792,"£1,427.58"
S01050,J08,2023-08-18,Rejected,2023-09-25,,,"4,689",
S01051,J08,2024-02-27,Reject,2024-03-28,,,"5,814",
S01052,J08,2024-07-15,rejected,2024-08-17,,,"8,239",
S01053,J08,14/03/2023,rejected,23/05/2023,,,7079,
S01054,J08,2024-03-12,REJ,2024-04-29,,,"5,546",
S01055,J08,2023-11-13,Minor Revision,2024-01-18,,,5076,
S01056,J08,2023-04-17,rejected,2023-06-28,,,3578,
S01057,J08,2024-05-29,ACCEPT,2024-08-11,2024-09-14,2024-10-19,"9,508",2194.81
S01058,J08,27/07/2023,ACCEPT,28/09/2023,2023-11-01,2023-11-28,"4,565","£1,214.63"
S01059,J08,2023-08-06,Reject,2023-10-11,,,9518,
S01060,J08,2023-12-24,Rejected,2024-02-06,,,"6,688",
S01061,J08,2024-07-07,Accept,2024-09-07,2024-10-10,2024-10-20,"6,766","£2,078.29"
S01062,J08,2023-11-26,Reject,2024-01-13,,,"6,950",
S01063,J08,2023-06-29,Reject,2023-08-12,,,3896,
S01064,J08,2024-03-18,REJ,2024-05-12,,,"5,136",
S01065,J08,2023-11-04,Rejected,2023-12-11,,,3827,
S01066,J08,2023-03-14,rejected,2023-04-29,,,"9,205",
S01067,J08,2023-08-05,Minor Revision,2023-09-30,,,"7,538",
S01068,J08,2023-01-25,Rejected,2023-04-12,,,11244,
S01069,J08,2023-01-08,accepted,2023-03-16,2023-05-06,09/06/2023,"11,488",2171.50
S01070,J08,2024-02-09,Reject,2024-04-17,,,"6,124",
S01071,J08,2023-05-16,Rejected,2023-07-13,,,7584,
S01072,J08,2023-04-20,rejected,2023-06-07,,,6242,
S01073,J08,2024-02-01,Rejected,19/03/2024,,,5352,
S01074,J08,2024-06-04,rejected,2024-07-22,,,4270,
S01075,J08,2023-04-01,Rejected,2023-04-21,,,"10,067",
S01076,J08,2023-10-08,rejected,2023-12-18,,,"6,587",
S01077,J08,2023-11-04,REJ,2024-01-07,,,"6,239",
S01078,J08,2023-04-21,Accept,2023-07-09,2023-08-17,2023-09-01,6984,"$1,864.51"
S01079,J08,2023-09-09,rejected,2023-10-26,,,"10,705",
S01080,J08,08/02/2023,rejected,2023-03-22,,,8094,
S01081,J08,2023-12-05,Reject,2024-01-20,,,"6,136",
S01082,J08,2023-02-12,REJ,2023-03-24,,,3307,
S01083,J08,2023-07-11,Minor Revision,2023-09-05,,,"5,698",
S01084,J08,27/07/2023,Rejected,2023-09-02,,,6610,
S01085,J08,2023-08-11,rejected,2023-10-16,,,6752,
S01086,J08,2024-08-22,Reject,2024-10-11,,,9465,
S01087,J08,2024-09-28,Accepted,01/11/2024,2024-11-13,26/12/2024,"9,772","$1,449.96"
S01088,J08,2024-09-21,rejected,2024-11-21,,,5816,
S01089,J08,2023-12-27,Rejected,2024-02-05,,,5639,
S01090,J08,2023-01-24,Reject,2023-03-21,,,"10,322",
S01091,J08,2023-09-26,Reject,2023-11-17,,,"9,887",
S01092,J08,2024-09-30,Reject,2024-11-07,,,3975,
S01093,J08,2023-10-28,REJ,2023-12-27,,,"5,763",
S01094,J08,25/02/2024,REJ,2024-04-22,,,"5,468",
S01095,J08,2024-03-14,Reject,2024-05-02,,,"4,185",
S01096,J08,2023-08-13,rejected,2023-10-13,,,"8,182",
S01097,J08,2024-03-27,Reject,2024-05-08,,,"4,258",
S01098,J08,2023-04-13,Accepted,2023-06-07,2023-07-08,2023-08-09,"6,381","£1,771.55"
S01099,J08,2023-05-04,Reject,2023-06-30,,,"7,368",
S01100,J08,2024-06-05,Accepted,06/08/2024,2024-09-20,2024-10-11,6216,"£1,389.89"
S01101,J08,2023-02-02,Rejected,2023-03-17,,,6600,
S01102,J08,2023-02-24,REJ,2023-04-18,,,"7,017",
S01103,J08,2024-06-05,Rejected,2024-08-05,,,11394,
S01104,J08,2024-05-15,Rejected,2024-07-13,,,"8,052",
S01105,J08,2023-05-27,Rejected,2023-07-23,,,"10,748",
S01106,J08,2023-06-28,accepted,2023-08-27,2023-09-16,13/10/2023,10530,"$1,857.37"
S01107,J08,2023-10-19,Reject,2023-11-17,,,4722,
S01108,J08,2024-04-28,rejected,2024-06-15,,,8630,
S01109,J08,21/05/2023,Rejected,2023-07-14,,,"11,421",
S01110,J08,2024-04-07,accepted,2024-05-28,2024-06-20,2024-07-30,"11,229","$1,697.31"
S01111,J08,2024-03-13,rejected,2024-05-15,,,"6,499",
S01112,J08,2024-03-20,Revise,2024-05-21,,,"6,387",
S01113,J08,2023-05-07,rejected,2023-07-01,,,"9,556",
S01114,J08,03/04/2024,Major Revision,2024-06-10,,,10068,
S01115,J08,2023-12-10,ACCEPT,2024-01-29,2024-02-08,2024-02-18,11123,1649.10
S01116,J08,04/02/2024,ACCEPT,2024-03-05,2024-04-08,2024-05-06,8212,"$1,393.36"
S01117,J08,2024-06-24,REJ,2024-08-21,,,"7,734",
S01118,J08,2023-02-15,Rejected,2023-04-17,,,4876,
S01119,J08,2024-03-01,Reject,2024-04-25,,,"8,159",
S01120,J08,2023-09-04,REJ,2023-10-24,,,"9,795",
S01121,J08,2023-01-09,rejected,2023-03-06,,,4030,
S01122,J08,2023-09-23,Accept,2023-10-20,2023-11-23,2023-12-22,8680,"£1,748.61"
S01123,J08,2024-01-22,REJ,2024-03-17,,,8094,
S01124,J08,25/04/2023,Revise,2023-07-02,,,5335,
S01125,J08,2023-05-06,accepted,2023-06-21,18/07/2023,2023-08-10,3566,1909.42
S01126,J08,2024-05-09,Rejected,2024-06-30,,,10823,
S01127,J08,2024-05-02,rejected,2024-06-26,,,7135,
S01128,J08,02/09/2024,REJ,2024-11-09,,,8835,
S01129,J08,2024-09-28,Rejected,05/12/2024,,,6359,
S01130,J08,2024-06-26,Rejected,2024-08-20,,,6313,
S01131,J08,2024-08-23,rejected,2024-11-15,,,4092,
S01132,J08,2023-01-02,ACCEPT,2023-02-28,2023-04-15,11/05/2023,6552,"£1,856.98"
S01133,J08,2024-06-18,Reject,2024-08-01,,,10514,
S01134,J08,2023-03-04,ACCEPT,2023-05-05,2023-06-03,2023-06-21,"10,279","$2,158.30"
S01135,J08,2024-07-07,REJ,2024-08-28,,,6909,
S01136,J08,2023-10-05,REJ,2023-11-14,,,9433,
S01137,J09,2024-09-18,rejected,2024-11-16,,,4464,
S01138,J09,2024-06-03,Reject,2024-07-18,,,7577,
S01139,J09,2023-10-13,REJ,2023-11-21,,,"9,365",
S01140,J09,2024-07-25,Major Revision,2024-09-10,,,6437,
S01141,J09,2023-04-12,Rejected,2023-05-07,,,8273,
S01142,J09,2024-10-01,Rejected,2024-10-20,,,9646,
S01143,J09,2023-01-22,REJ,2023-03-05,,,"4,317",
S01144,J09,21/05/2023,REJ,2023-06-17,,,"6,013",
S01145,J09,2023-11-05,Rejected,2023-12-07,,,10904,
S01146,J09,2024-07-19,accepted,2024-08-16,2024-10-01,2024-10-29,7624,"£2,145.06"
S01147,J09,2023-12-06,REJ,2024-01-18,,,6312,
S01148,J09,2024-04-25,Major Revision,01/06/2024,,,"9,353",
S01149,J09,2023-10-17,Rejected,2023-12-02,,,5283,
S01150,J09,2023-04-23,rejected,2023-06-13,,,6661,
S01151,J09,2023-12-07,Rejected,2024-01-14,,,4427,
S01152,J09,2023-12-01,accepted,2023-12-29,13/01/2024,04/02/2024,10549,"$2,267.98"
S01153,J09,2023-01-09,Accept,04/03/2023,2023-05-06,08/06/2023,6419,"£2,066.27"
S01154,J09,2024-07-28,rejected,2024-09-22,,,"9,904",
S01155,J09,2023-11-07,Reject,2023-12-10,,,6598,
S01156,J09,2023-07-06,R&R,2023-08-17,,,"4,481",
S01157,J09,2024-01-19,Major Revision,2024-02-09,,,5304,
S01158,J09,2024-05-24,Rejected,2024-07-01,,,8944,
S01159,J09,2023-11-03,Reject,2023-11-29,,,7302,
S01160,J09,2024-09-11,Accept,2024-10-04,2024-10-28,2024-11-17,3931,2565.67
S01161,J09,2024-04-11,Accept,2024-05-23,2024-07-01,2024-07-23,6632,1254.78
S01162,J09,2023-07-15,ACCEPT,2023-08-30,2023-10-04,2023-10-25,10584,2260.16
S01163,J09,2024-01-19,Rejected,2024-02-27,,,"9,111",
S01164,J09,2023-09-07,ACCEPT,2023-10-03,2023-11-07,2023-11-21,"9,745",2211.76
S01165,J09,2023-11-16,Rejected,25/12/2023,,,"9,589",
S01166,J09,2023-03-19,Reject,2023-04-26,,,9992,
S01167,J09,2023-08-09,Reject,2023-08-28,,,8882,
S01168,J09,2023-10-30,accepted,2023-12-09,05/01/2024,2024-02-17,7627,"£1,325.36"
S01169,J09,2023-11-27,rejected,2023-12-21,,,5732,
S01170,J09,2024-09-01,Reject,2024-10-05,,,4371,
S01171,J09,2023-10-19,REJ,29/12/2023,,,"7,355",
S01172,J09,2023-01-09,Revise,2023-02-25,,,7155,
S01173,J09,2024-07-30,ACCEPT,2024-09-11,2024-10-14,2024-11-04,8607,2361.89
S01174,J09,2023-12-04,ACCEPT,2024-01-09,2024-02-04,28/02/2024,10147,"£2,530.28"
S01175,J09,30/08/2023,Rejected,2023-10-11,,,11284,
S01176,J09,2024-09-06,REJ,2024-10-24,,,"10,267",
S01177,J09,2024-04-16,Reject,2024-05-18,,,10465,
S01178,J09,2024-06-14,REJ,2024-07-24,,,8931,
S01179,J09,2024-02-02,Reject,2024-03-08,,,3729,
S01180,J09,2023-01-28,Accepted,2023-02-27,2023-03-18,08/04/2023,"7,789",1304.74
S01181,J09,2023-06-13,Rejected,2023-07-15,,,"6,517",
S01182,J09,2023-11-20,ACCEPT,2023-12-26,2024-02-29,14/03/2024,"3,294","$2,136.96"
S01183,J09,2023-04-14,Reject,26/05/2023,,,10626,
S01184,J09,02/09/2024,ACCEPT,03/10/2024,2024-10-24,2024-11-13,6774,2127.98
S01185,J09,2024-01-02,accepted,2024-02-11,2024-04-01,2024-04-17,3348,1274.49
S01186,J09,2023-10-29,Rejected,2023-12-08,,,8272,
S01187,J09,2023-08-13,Reject,2023-09-22,,,7532,
S01188,J09,2024-07-02,Reject,2024-08-05,,,4771,
S01189,J09,2023-01-21,Reject,2023-02-13,,,"9,211",
S01190,J09,10/03/2024,Revise,2024-04-02,,,"6,769",
S01191,J09,2023-02-27,Rejected,2023-04-05,,,9729,
S01192,J09,2023-11-11,Reject,2023-12-16,,,7318,
S01193,J09,2023-03-01,R&R,2023-04-16,,,4035,
S01194,J09,2023-07-08,Revise,2023-08-10,,,"5,670",
S01195,J09,2023-08-27,Accepted,2023-10-08,2023-11-06,2023-12-01,"9,994","$2,580.06"
S01196,J09,2023-12-15,ACCEPT,2024-01-09,31/01/2024,2024-02-13,9159,"$1,730.40"
S01197,J09,2023-01-08,rejected,2023-02-07,,,3768,
S01198,J09,2024-05-15,rejected,2024-06-10,,,4291,
S01199,J09,2023-02-09,Reject,2023-04-02,,,5641,
S01200,J09,2024-06-20,Reject,2024-07-19,,,"10,833",
S01201,J09,2023-04-28,ACCEPT,2023-06-04,2023-07-04,2023-07-27,"7,608","$2,556.05"
S01202,J09,2024-01-31,REJ,2024-03-02,,,4384,
S01203,J09,2023-09-06,Rejected,2023-10-12,,,"8,657",
S01204,J09,2023-07-28,Accept,2023-08-16,2023-09-13,2023-10-03,"5,200","£2,173.97"
S01205,J09,2023-07-01,Rejected,2023-08-08,,,"3,381",
S01206,J09,2024-06-21,Reject,2024-07-21,,,4357,
S01207,J09,2023-01-19,Accepted,2023-03-10,2023-04-03,2023-04-28,10415,"£1,560.25"
S01208,J09,2023-11-15,REJ,2023-12-05,,,"8,925",
S01209,J09,2023-01-19,REJ,2023-03-14,,,"4,490",
S01210,J09,2023-08-16,ACCEPT,2023-09-25,2023-11-10,2023-12-04,8700,1896.04
S01211,J09,2023-05-25,Rejected,2023-07-07,,,"6,959",
S01212,J09,2023-03-04,Minor Revision,2023-04-11,,,10842,
S01213,J09,2024-04-12,REJ,2024-05-22,,,"10,387",
S01214,J09,2023-08-14,REJ,2023-09-23,,,5415,
S01215,J09,2024-05-14,REJ,2024-06-17,,,"9,152",
S01216,J09,11/01/2023,Rejected,2023-02-08,,,"6,457",
S01217,J09,2024-01-11,R&R,2024-03-04,,,"5,020",
S01218,J09,2023-09-27,Revise,2023-10-31,,,"7,367",
S01219,J09,2023-03-01,rejected,2023-03-22,,,"4,672",
S01220,J09,2024-02-17,rejected,31/03/2024,,,10969,
S01221,J09,2024-03-19,rejected,2024-04-17,,,"9,912",
S01222,J09,2023-01-07,Major Revision,2023-02-06,,,"8,803",
S01223,J09,20/01/2024,Reject,13/02/2024,,,9444,
S01224,J09,06/11/2023,ACCEPT,2023-12-03,2023-12-13,2023-12-26,"7,649",1875.93
S01225,J09,2024-07-24,REJ,2024-08-19,,,9565,
S01226,J09,18/04/2024,R&R,19/05/2024,,,"7,568",
S01227,J09,2023-04-24,REJ,2023-06-17,,,"11,403",
S01228,J09,2023-04-15,Rejected,2023-05-12,,,3809,
S01229,J09,2024-09-29,REJ,2024-11-03,,,"9,922",
S01230,J09,2024-01-29,Accept,2024-03-10,2024-04-11,2024-05-16,4456,"$1,702.92"
S01231,J09,2023-02-12,Revise,2023-03-30,,,3330,
S01232,J09,2024-07-19,Rejected,2024-08-30,,,"6,730",
S01233,J09,2023-07-24,Rejected,2023-09-07,,,4179,
S01234,J09,02/08/2024,Reject,2024-08-30,,,"7,738",
S01235,J09,2024-01-05,Major Revision,2024-02-15,,,"3,707",
S01236,J09,2023-06-06,Revise,2023-07-29,,,10764,
S01237,J09,2024-04-27,REJ,2024-06-07,,,3403,
S01238,J09,2024-04-03,Revise,2024-06-03,,,9656,
S01239,J09,23/03/2023,REJ,2023-04-28,,,"8,583",
S01240,J09,2023-09-02,REJ,2023-10-31,,,"6,003",
S01241,J09,2023-06-01,REJ,2023-07-30,,,11084,
S01242,J09,2024-07-20,ACCEPT,2024-08-28,2024-10-13,2024-11-16,"5,368","$1,593.67"
S01243,J09,2024-01-01,Reject,2024-02-21,,,"3,587",
S01244,J09,2023-12-11,Minor Revision,2024-01-19,,,"10,747",
S01245,J09,05/08/2023,Accept,2023-08-31,2023-10-16,2023-10-30,"7,881","£1,847.85"
S01246,J09,2023-07-15,Reject,2023-08-21,,,"9,738",
S01247,J09,2024-07-18,Revise,2024-08-14,,,9195,
S01248,J09,22/07/2023,accepted,01/09/2023,03/10/2023,2023-10-26,6135,2166.51
S01249,J09,2024-07-11,rejected,13/08/2024,,,"8,133",
S01250,J09,09/03/2024,REJ,2024-04-16,,,9349,
S01251,J09,2023-03-27,rejected,2023-05-15,,,"10,050",
S01252,J09,2024-01-28,Reject,2024-02-25,,,"4,244",
S01253,J09,2024-08-07,REJ,2024-09-18,,,"5,784",
S01254,J09,2024-04-26,accepted,2024-05-26,2024-06-27,2024-07-28,"8,391","£2,183.62"
S01255,J09,2024-02-01,Accepted,2024-02-24,2024-04-04,2024-04-16,5285,2269.83
S01256,J09,2023-07-21,Accept,2023-08-24,2023-10-05,05/11/2023,9259,"£1,962.13"
S01257,J09,2024-06-29,Reject,2024-08-15,,,3647,
S01258,J09,2024-08-15,Rejected,2024-09-22,,,"6,908",
S01259,J09,2023-09-27,Rejected,2023-10-26,,,9338,
S01260,J09,2023-11-08,Accept,08/12/2023,2024-01-08,2024-01-24,8257,1519.20
S01261,J09,10/07/2023,rejected,2023-08-23,,,9004,
S01262,J09,06/01/2024,rejected,2024-02-09,,,7430,
S01263,J09,2023-08-08,Rejected,2023-09-19,,,"11,019",
S01264,J09,2023-11-13,ACCEPT,2023-11-24,2023-12-28,2024-02-02,"11,270",1409.24
S01265,J09,2024-08-15,Reject,2024-09-21,,,"5,185",
S01266,J09,2023-03-20,Accepted,2023-04-26,2023-05-27,2023-06-13,"8,987","$2,275.20"
S01267,J09,2023-06-05,R&R,2023-07-26,,,"6,924",
S01268,J09,2024-06-08,Minor Revision,07/07/2024,,,"4,640",
S01269,J10,2024-06-03,Rejected,05/07/2024,,,9321,
S01270,J10,2023-09-07,rejected,2023-09-23,,,"7,028",
S01271,J10,2024-06-30,Reject,2024-07-30,,,"10,626",
S01272,J10,2023-10-13,Accepted,2023-11-13,2023-12-19,20/01/2024,4560,
S01273,J10,09/03/2023,rejected,2023-04-17,,,9335,
S01274,J10,2023-12-29,REJ,2024-01-17,,,"8,573",
S01275,J10,2023-10-06,Rejected,2023-11-04,,,8186,
S01276,J10,2024-01-29,REJ,2024-03-09,,,8920,
S01277,J10,2024-03-26,REJ,2024-04-21,,,9061,
S01278,J10,2024-02-24,Rejected,2024-04-05,,,9722,
S01279,J10,2023-09-12,Reject,2023-10-25,,,"5,402",
S01280,J10,2023-06-20,rejected,03/08/2023,,,8223,
S01281,J10,2024-02-24,Reject,2024-03-23,,,"5,188",
S01282,J10,2023-12-23,Major Revision,2024-01-20,,,10650,
S01283,J10,03/08/2024,Reject,2024-08-24,,,7537,
S01284,J10,2023-08-04,Accepted,2023-09-01,2023-10-26,2023-11-23,8913,
S01285,J10,2024-03-18,rejected,2024-04-01,,,"10,698",
S01286,J10,2023-02-25,Reject,2023-03-23,,,7698,
S01287,J10,2024-01-31,rejected,2024-03-02,,,"7,254",
S01288,J10,03/05/2024,Accepted,2024-05-29,2024-06-28,2024-07-26,"7,284",
S01289,J10,2024-02-10,Revise,2024-03-09,,,"6,954",
S01290,J10,2024-03-15,REJ,2024-04-18,,,"10,801",
S01291,J10,2024-02-01,accepted,2024-02-22,2024-04-04,2024-04-21,"10,936",
S01292,J10,2024-04-22,ACCEPT,2024-05-15,2024-06-19,2024-07-05,7476,
S01293,J10,12/09/2024,Major Revision,10/10/2024,,,"9,628",
S01294,J10,2024-08-03,accepted,2024-09-12,2024-10-02,2024-10-14,7157,
S01295,J10,2024-08-30,Major Revision,2024-10-05,,,"6,490",
S01296,J10,2024-03-01,rejected,2024-03-31,,,6539,
S01297,J10,2023-01-03,accepted,2023-02-10,2023-03-20,2023-04-26,"11,049",
S01298,J10,2024-04-05,Revise,2024-04-30,,,9595,
S01299,J10,2023-10-17,Rejected,2023-11-18,,,"7,288",
S01300,J10,2024-04-13,Accepted,2024-05-21,2024-07-08,07/08/2024,8246,
S01301,J10,2024-06-14,Reject,2024-07-23,,,"5,845",
S01302,J10,2024-06-15,Reject,2024-07-31,,,"5,149",
S01303,J10,2024-06-16,rejected,2024-07-10,,,"9,170",
S01304,J10,2023-11-07,Accepted,2023-12-02,2024-01-15,2024-02-04,"4,682",
S01305,J10,2023-11-08,Reject,2023-12-07,,,10781,
S01306,J10,2023-11-09,rejected,19/12/2023,,,4695,
S01307,J10,2023-02-21,R&R,2023-04-04,,,7444,
S01308,J10,2023-04-20,Reject,2023-05-30,,,"7,911",
S01309,J10,2023-08-14,rejected,2023-09-09,,,"3,607",
S01310,J10,05/10/2023,Rejected,2023-11-01,,,"10,906",
S01311,J10,2023-10-01,REJ,04/11/2023,,,7139,
S01312,J10,2023-06-23,Accepted,2023-07-30,2023-08-27,2023-09-12,"5,345",
S01313,J10,2023-03-29,Accepted,2023-04-27,2023-05-16,2023-06-19,"10,283",
S01314,J10,2023-09-07,Reject,2023-10-10,,,"3,961",
S01315,J10,2024-03-18,Major Revision,16/04/2024,,,4065,
S01316,J10,2023-06-11,Rejected,2023-07-04,,,10929,
S01317,J10,2023-05-15,rejected,2023-06-06,,,5848,
S01318,J10,2024-01-14,Rejected,01/02/2024,,,"11,074",
S01319,J10,2024-03-28,Accepted,2024-04-26,2024-06-01,2024-06-26,"4,106",
S01320,J10,2023-08-04,Reject,2023-09-15,,,"8,001",
S01321,J10,2024-07-20,Reject,2024-08-26,,,"10,602",
S01322,J10,2023-11-07,Rejected,2023-11-30,,,6684,
S01323,J10,06/05/2023,REJ,2023-05-29,,,"10,565",
S01324,J10,2023-03-07,Minor Revision,2023-03-17,,,"7,130",
S01325,J10,2023-07-30,REJ,2023-08-20,,,"11,188",
S01326,J10,2024-08-09,ACCEPT,11/09/2024,2024-10-14,2024-11-09,9862,
S01327,J10,2024-03-01,rejected,2024-04-10,,,7396,
S01328,J10,2024-06-27,rejected,2024-08-05,,,10862,
S01329,J10,16/04/2023,Reject,2023-05-03,,,"5,454",
S01330,J10,2023-10-15,Rejected,2023-11-28,,,10325,
S01331,J10,2023-03-19,Rejected,2023-04-17,,,"9,731",
S01332,J10,2023-12-10,REJ,2024-01-05,,,8479,
S01333,J10,08/06/2023,Reject,03/07/2023,,,"6,929",
S01334,J10,21/04/2023,ACCEPT,2023-05-23,2023-06-27,2023-07-08,7884,
S01335,J10,23/10/2023,Rejected,2023-12-01,,,"10,871",
S01336,J10,2023-11-28,Rejected,2024-01-01,,,10294,
S01337,J10,2023-11-06,Rejected,2023-11-23,,,"6,028",
S01338,J10,2023-04-28,Rejected,2023-06-14,,,10094,
S01339,J10,2023-04-27,Rejected,2023-05-11,,,4189,
S01340,J10,2023-12-11,Accepted,2024-01-09,2024-02-03,2024-02-24,"11,086",
S01341,J10,2023-08-28,Minor Revision,2023-10-12,,,"8,912",
S01342,J10,07/09/2023,Rejected,2023-09-26,,,10612,
S01343,J10,2024-08-26,rejected,2024-09-18,,,"10,021",
S01344,J10,2023-04-18,ACCEPT,2023-05-22,2023-06-20,2023-07-24,8980,
S01345,J10,26/04/2024,REJ,2024-05-16,,,"7,963",
S01346,J10,2023-01-23,Accepted,2023-02-13,10/04/2023,2023-05-11,10235,
S01347,J10,2023-03-30,Rejected,2023-04-24,,,9832,
S01348,J10,2024-05-22,accepted,2024-06-12,2024-07-17,2024-07-27,"6,619",
S01349,J10,01/01/2023,Reject,2023-01-29,,,4064,
S01350,J10,23/02/2023,Reject,22/03/2023,,,8469,
S01351,J10,2023-07-24,Rejected,2023-08-12,,,6477,
S01352,J10,2023-12-02,REJ,2023-12-28,,,"11,241",
S01353,J10,2024-05-03,Rejected,2024-06-11,,,"6,330",
S01354,J10,2023-04-04,Reject,2023-04-20,,,7974,
S01355,J10,2024-06-29,Reject,26/07/2024,,,8034,
S01356,J10,2023-06-03,REJ,2023-06-26,,,"8,686",
S01357,J10,2024-07-11,accepted,2024-08-04,2024-08-30,2024-10-01,"7,182",
S01358,J10,2023-03-06,REJ,2023-04-16,,,"8,689",
S01359,J10,2024-08-29,Accept,2024-09-23,2024-10-12,2024-11-10,"3,340",
S01360,J10,2023-11-30,Accepted,2023-12-28,2024-02-05,28/02/2024,5599,
S01361,J10,2023-07-31,ACCEPT,2023-09-08,2023-09-21,2023-10-24,"8,739",
S01362,J10,2024-09-10,REJ,2024-10-08,,,"5,052",
S01363,J11,2023-06-03,rejected,2023-06-18,,,"9,948",
S01364,J11,2024-06-30,Reject,2024-07-29,,,"3,452",
S01365,J11,2023-03-16,Reject,2023-04-06,,,11038,
S01366,J11,2024-09-20,Accept,2024-10-12,2024-11-05,2024-12-12,"6,349","$1,776.15"
S01367,J11,2024-09-27,REJ,2024-10-21,,,"10,324",
S01368,J11,2023-05-04,REJ,27/05/2023,,,6843,
S01369,J11,2023-07-24,Accepted,2023-08-21,2023-09-22,2023-10-16,8290,2037.59
S01370,J11,2023-07-10,rejected,2023-07-30,,,4256,
S01371,J11,2023-07-22,Accepted,2023-08-09,2023-09-26,2023-10-10,"10,522","£1,403.05"
S01372,J11,2023-01-06,rejected,2023-02-03,,,"9,972",
S01373,J11,2024-07-21,rejected,2024-08-12,,,"9,845",
S01374,J11,2023-07-30,Major Revision,2023-08-18,,,"6,628",
S01375,J11,16/07/2024,accepted,2024-08-11,2024-08-29,25/09/2024,11108,"£1,685.62"
S01376,J11,2023-01-21,Rejected,2023-02-26,,,4767,
S01377,J11,2023-12-06,ACCEPT,2023-12-26,2024-01-16,2024-02-09,"10,409","£2,299.90"
S01378,J11,2023-09-11,rejected,10/10/2023,,,10413,
S01379,J11,17/12/2023,rejected,2024-01-07,,,"9,094",
S01380,J11,2024-07-15,Rejected,2024-08-01,,,"5,541",
S01381,J11,2023-04-22,Rejected,2023-05-15,,,5260,
S01382,J11,2024-02-09,Rejected,2024-03-06,,,"3,798",
S01383,J11,2023-08-16,ACCEPT,2023-09-04,2023-10-25,2023-11-19,"11,153",1369.48
S01384,J11,2023-01-03,REJ,26/01/2023,,,"3,784",
S01385,J11,2024-04-08,Minor Revision,30/04/2024,,,10842,
S01386,J11,2023-12-09,Reject,2024-01-07,,,"3,540",
S01387,J11,01/09/2023,Rejected,2023-09-28,,,6785,
S01388,J11,2024-02-28,rejected,2024-03-21,,,3372,
S01389,J11,2023-06-25,rejected,2023-07-17,,,4638,
S01390,J11,2024-01-03,REJ,2024-02-05,,,"4,908",
S01391,J11,2024-09-03,Revise,2024-09-28,,,7807,
S01392,J11,2023-10-21,Reject,2023-11-03,,,11427,
S01393,J11,2024-03-18,accepted,2024-04-11,2024-05-21,2024-06-09,4441,"£2,103.82"
S01394,J11,2024-01-22,Accept,2024-02-06,2024-03-12,2024-04-03,"5,286","£1,408.61"
S01395,J11,2024-09-23,Reject,2024-10-18,,,"9,334",
S01396,J11,2023-03-23,REJ,2023-04-27,,,6275,
S01397,J11,2024-02-06,rejected,2024-03-06,,,9796,
S01398,J11,2024-02-08,Reject,2024-03-01,,,"7,315",
S01399,J11,12/10/2023,rejected,07/11/2023,,,"3,949",
S01400,J11,2023-06-07,ACCEPT,2023-06-30,2023-08-27,2023-09-06,"11,015","£1,485.85"
S01401,J11,04/09/2023,Reject,2023-09-22,,,3946,
S01402,J11,2023-07-19,ACCEPT,2023-08-10,2023-09-15,2023-10-23,10811,"£2,010.71"
S01403,J11,2023-06-09,Rejected,2023-06-30,,,"8,393",
S01404,J11,2023-12-21,Revise,2024-01-19,,,9704,
S01405,J11,2023-02-13,Rejected,2023-03-10,,,6091,
S01406,J11,2023-09-18,rejected,2023-10-20,,,10683,
S01407,J11,2023-07-01,Rejected,2023-07-25,,,"7,433",
S01408,J11,2023-11-14,R&R,2023-12-01,,,"3,615",
S01409,J11,2024-04-11,REJ,2024-04-29,,,"10,918",
S01410,J11,2023-09-18,Reject,2023-10-16,,,10881,
S01411,J11,2023-01-21,rejected,2023-02-13,,,"10,650",
S01412,J11,2024-03-30,REJ,2024-04-21,,,"5,700",
S01413,J11,2023-07-31,REJ,2023-08-23,,,"7,976",
S01414,J11,2023-01-06,REJ,2023-01-29,,,8247,
S01415,J11,2023-07-05,R&R,2023-07-25,,,11500,
S01416,J11,2024-07-15,REJ,2024-07-28,,,"10,207",
S01417,J11,2024-01-04,Reject,2024-02-04,,,"5,797",
S01418,J11,13/02/2023,Reject,2023-03-04,,,11483,
S01419,J11,2023-12-03,Accept,2023-12-23,2024-01-19,2024-02-15,3337,"£1,938.31"
S01420,J11,2024-08-26,Reject,2024-09-17,,,10924,
S01421,J11,2024-02-19,Minor Revision,2024-03-14,,,5950,
S01422,J11,21/05/2023,Reject,2023-06-15,,,9936,
S01423,J11,2024-05-30,Rejected,2024-07-04,,,5900,
S01424,J11,2023-09-09,Accepted,2023-10-02,2023-11-01,2023-12-05,5240,2124.96
S01425,J11,2023-01-15,REJ,2023-01-30,,,10048,
S01426,J11,2024-07-23,rejected,2024-08-23,,,"9,809",
S01427,J11,2024-04-20,Rejected,10/05/2024,,,"6,150",
S01428,J11,2024-07-15,rejected,2024-08-03,,,10275,
S01429,J11,06/08/2023,Revise,27/08/2023,,,5657,
S01430,J11,2023-03-07,REJ,2023-04-04,,,"9,398",
S01431,J11,2024-02-06,REJ,03/03/2024,,,10308,
S01432,J11,21/07/2023,Accepted,2023-08-16,2023-08-31,2023-09-29,"8,251",1508.12
S01433,J11,2024-02-11,Minor Revision,2024-03-08,,,8310,
S01434,J11,2024-06-03,REJ,2024-06-16,,,8488,
S01435,J11,2023-11-15,REJ,2023-12-11,,,"4,967",
S01436,J11,2024-09-08,REJ,2024-10-07,,,"7,072",
S01437,J11,2024-03-09,Rejected,2024-03-28,,,"3,604",
S01438,J11,2023-09-16,Accept,2023-10-16,2023-11-21,2023-12-22,6200,"£2,423.69"
S01439,J11,2024-02-13,REJ,2024-02-29,,,8418,
S01440,J11,2024-09-28,Revise,2024-10-18,,,10252,
S01441,J11,2024-05-04,Accept,2024-05-27,2024-06-27,2024-07-19,9158,"$1,414.30"
S01442,J11,2024-05-14,Revise,2024-06-05,,,"4,839",
S01443,J11,2023-10-31,Rejected,2023-11-19,,,10439,
S01444,J11,2023-06-18,accepted,2023-07-12,2023-08-09,2023-09-16,3707,"£1,951.51"
S01445,J11,2024-09-01,rejected,2024-09-22,,,5451,
S01446,J11,15/03/2023,Reject,2023-04-17,,,"8,987",
S01447,J11,2023-06-18,Major Revision,2023-07-05,,,"10,106",
S01448,J11,2024-01-02,Major Revision,23/01/2024,,,8533,
S01449,J11,2023-07-03,Reject,2023-08-09,,,6083,
S01450,J11,2024-05-25,Rejected,11/06/2024,,,"7,239",
S01451,J11,2023-12-06,Reject,2023-12-24,,,9741,
S01452,J11,2024-06-11,ACCEPT,2024-07-01,2024-08-03,2024-09-11,"4,352",2277.82
S01453,J11,2024-02-04,rejected,2024-02-14,,,"9,675",
S01454,J11,2023-02-10,ACCEPT,2023-02-27,2023-04-20,2023-04-30,9489,1333.93
S01455,J11,2024-02-16,Major Revision,2024-03-09,,,"6,752",
S01456,J11,2023-08-17,Revise,2023-09-18,,,"10,618",
S01457,J11,2024-01-23,REJ,2024-02-15,,,3721,
S01458,J12,2023-07-26,Accept,2023-08-14,2023-09-19,2023-09-29,"10,569",
S01459,J12,20/02/2023,REJ,2023-03-17,,,"10,567",
S01460,J12,2023-01-21,Rejected,2023-02-19,,,3794,
S01461,J12,2023-09-03,Rejected,2023-09-15,,,"7,719",
S01462,J12,2024-09-16,Accept,07/10/2024,2024-11-27,,4708,
S01463,J12,2023-02-24,REJ,2023-03-14,,,"3,468",
S01464,J12,2023-08-20,Major Revision,2023-09-11,,,"3,423",
S01465,J12,2024-02-12,Accept,2024-03-12,2024-04-01,2024-04-11,"4,667",
S01466,J12,2024-02-12,REJ,2024-03-09,,,10866,
S01467,J12,2024-07-19,Rejected,2024-08-12,,,10306,
S01468,J12,2024-03-14,Reject,2024-04-06,,,4673,
S01469,J12,01/03/2023,Rejected,2023-04-01,,,5349,
S01470,J12,2023-12-07,Reject,2023-12-24,,,9596,
S01471,J12,2023-10-19,REJ,2023-11-11,,,"11,063",
S01472,J12,2023-08-10,REJ,2023-08-30,,,4969,
S01473,J12,2023-03-31,Rejected,2023-04-27,,,5345,
S01474,J12,01/04/2023,REJ,25/04/2023,,,6656,
S01475,J12,2024-02-28,rejected,27/03/2024,,,9297,
S01476,J12,2023-07-20,Rejected,2023-08-13,,,"3,575",
S01477,J12,2023-07-17,Revise,2023-08-11,,,3352,
S01478,J12,18/11/2023,rejected,2023-12-15,,,"7,322",
S01479,J12,2024-02-11,rejected,2024-03-02,,,5031,
S01480,J12,2024-01-17,Rejected,2024-02-05,,,"7,224",
S01481,J12,2024-04-06,R&R,2024-04-23,,,10893,
S01482,J12,2024-08-18,rejected,2024-09-13,,,"9,078",
S01483,J12,2024-01-12,Reject,2024-02-02,,,"9,262",
S01484,J12,2023-11-24,Reject,2023-12-20,,,4792,
S01485,J12,2024-06-11,Reject,2024-06-27,,,5586,
S01486,J12,2023-01-13,Rejected,2023-02-12,,,"7,291",
S01487,J12,2023-05-03,rejected,2023-05-26,,,7524,
S01488,J12,2024-08-18,Major Revision,2024-09-09,,,"5,999",
S01489,J12,2023-01-08,Reject,2023-02-13,,,4023,
S01490,J12,2024-07-07,R&R,2024-08-09,,,5421,
S01491,J12,2023-06-01,Revise,2023-06-24,,,9809,
S01492,J12,2024-09-08,REJ,10/10/2024,,,6738,
S01493,J12,2024-04-20,REJ,2024-05-06,,,"3,526",
S01494,J12,23/01/2024,Reject,2024-02-09,,,"9,259",
S01495,J12,07/06/2023,rejected,2023-06-29,,,"6,714",
S01496,J12,2023-06-14,rejected,2023-07-12,,,10486,
S01497,J12,2023-10-06,Reject,2023-10-28,,,"6,153",
S01498,J12,28/05/2024,Reject,2024-06-23,,,"9,572",
S01499,J12,2024-07-17,Major Revision,16/08/2024,,,"8,846",
S01500,J12,2024-04-27,REJ,2024-05-21,,,6328,
S01501,J12,2023-06-05,rejected,2023-06-26,,,"5,305",
S01502,J12,2023-06-06,REJ,2023-06-23,,,11019,
S01503,J12,2023-10-13,REJ,2023-11-02,,,3502,
S01504,J12,2023-06-25,REJ,2023-07-20,,,"6,997",
S01505,J12,2023-03-28,Major Revision,2023-04-18,,,"9,593",
S01506,J12,2023-09-03,Reject,23/09/2023,,,"4,801",
S01507,J12,2024-04-06,Reject,2024-05-02,,,6126,
S01508,J12,2024-07-11,Rejected,2024-08-08,,,"9,610",
S01509,J12,2023-06-11,Reject,2023-06-29,,,"9,482",
S01510,J12,2024-05-22,Minor Revision,2024-06-25,,,3716,
S01511,J12,2024-04-06,R&R,2024-05-06,,,3241,
S01512,J12,2023-08-19,Revise,2023-09-13,,,"10,313",
S01513,J12,2023-11-29,Rejected,2023-12-16,,,"4,972",
S01514,J12,2023-12-23,REJ,2024-01-11,,,"4,244",
S01515,J12,2023-06-05,Reject,2023-06-20,,,4293,
S01516,J12,2024-02-01,rejected,2024-02-25,,,8207,
S01517,J12,23/04/2023,Rejected,2023-05-21,,,3605,
S01518,J12,2023-05-30,Reject,2023-06-18,,,3669,
S01519,J12,2024-06-08,Accepted,2024-07-04,2024-07-24,2024-08-17,9786,
S01520,J12,2023-11-09,Rejected,2023-12-06,,,"10,789",
S01521,J12,2024-01-06,Reject,2024-01-24,,,4470,
S01522,J12,2023-06-19,Reject,2023-07-02,,,"6,171",
S01523,J12,2024-09-27,R&R,2024-10-07,,,"10,603",
S01524,J12,2023-06-12,Minor Revision,2023-07-12,,,4743,
S01525,J12,2023-04-11,Minor Revision,04/05/2023,,,5138,
S01526,J12,2024-06-27,Accepted,17/07/2024,2024-08-26,2024-10-02,"5,182",
S01527,J12,18/08/2023,rejected,2023-09-14,,,7165,
S01528,J12,2024-03-02,rejected,2024-03-28,,,"5,772",
S01529,J12,2024-09-19,rejected,2024-10-16,,,"11,314",
S01530,J12,2023-08-11,ACCEPT,2023-08-30,07/10/2023,2023-10-26,5486,
S01531,J12,2023-11-01,Rejected,2023-11-22,,,7808,
S01532,J12,2023-10-17,REJ,08/11/2023,,,"8,522",
S01533,J12,2024-02-23,Rejected,2024-03-16,,,3327,
S01534,J12,2024-05-13,Reject,2024-05-26,,,"5,055",
S01535,J13,2023-12-12,accepted,2024-02-04,20/02/2024,2024-03-15,"10,857",
S01536,J13,29/12/2023,rejected,2024-02-04,,,9066,
S01537,J13,20/01/2024,Rejected,2024-03-20,,,8912,
S01538,J13,2023-07-27,rejected,2023-10-13,,,"4,544",
S01539,J13,2023-06-27,REJ,2023-07-18,,,"7,182",
S01540,J13,2023-04-28,rejected,2023-06-13,,,5696,
S01541,J13,2024-05-20,Reject,05/07/2024,,,"8,258",
S01542,J13,2024-04-30,rejected,2024-06-18,,,"5,460",
S01543,J13,2024-08-12,rejected,2024-10-04,,,3495,
S01544,J13,2023-05-28,Accepted,2023-08-09,2023-09-11,2023-10-17,"6,054",
S01545,J13,2023-07-19,accepted,02/09/2023,12/09/2023,2023-10-02,"8,755",
S01546,J13,2023-11-03,Reject,2023-12-19,,,"9,324",
S01547,J13,2024-05-12,Rejected,2024-06-26,,,"10,874",
S01548,J13,2023-05-06,REJ,2023-06-21,,,4577,
S01549,J13,2024-06-12,Reject,2024-08-13,,,"10,395",
S01550,J13,2023-12-27,REJ,2024-02-21,,,4438,
S01551,J13,2023-06-21,Reject,2023-08-04,,,10632,
S01552,J13,2024-03-15,Rejected,2024-04-10,,,9568,
S01553,J13,2024-09-01,rejected,2024-10-29,,,"8,484",
S01554,J13,2023-04-07,Accept,2023-05-06,2023-06-07,2023-07-12,"4,361",
S01555,J13,23/04/2023,rejected,2023-06-19,,,"9,711",
S01556,J13,2023-10-09,rejected,30/11/2023,,,3389,
S01557,J13,2024-06-04,ACCEPT,2024-07-22,2024-08-12,2024-08-23,"7,879",
S01558,J13,2023-05-03,accepted,2023-06-26,2023-07-29,2023-08-21,"3,365",
S01559,J13,2023-05-18,REJ,2023-07-01,,,9564,
S01560,J13,2024-05-06,Accepted,05/07/2024,2024-07-24,09/09/2024,"6,414",
S01561,J13,25/03/2024,rejected,2024-05-27,,,3783,
S01562,J13,2023-08-20,Accept,2023-10-15,2023-11-14,2023-12-24,5857,
S01563,J13,2023-12-02,Revise,01/02/2024,,,6639,
S01564,J13,2023-01-02,Reject,2023-03-11,,,"4,484",
S01565,J13,2024-01-23,Revise,2024-03-31,,,6423,
S01566,J13,2023-11-10,ACCEPT,2024-01-03,24/01/2024,03/02/2024,"10,306",
S01567,J13,2023-09-20,Accepted,2023-10-29,2023-11-21,2023-12-17,10871,
S01568,J13,2023-04-25,Rejected,2023-06-15,,,"6,403",
S01569,J13,2023-09-11,Rejected,2023-10-31,,,"8,621",
S01570,J13,2023-04-25,REJ,2023-07-18,,,"3,342",
S01571,J13,2024-02-29,accepted,2024-04-29,2024-06-01,19/06/2024,3492,
S01572,J13,2024-01-19,REJ,2024-02-28,,,"5,956",
S01573,J13,2024-02-08,Reject,2024-03-27,,,5856,
S01574,J13,2023-12-24,Revise,2024-02-11,,,"9,156",
S01575,J13,2024-04-29,Accepted,2024-06-23,2024-07-20,23/08/2024,9876,
S01576,J13,2023-11-29,Major Revision,2024-01-20,,,4581,
S01577,J13,2024-06-12,Reject,2024-07-22,,,"3,291",
S01578,J13,2023-04-14,REJ,2023-05-05,,,"10,522",
S01579,J13,2024-07-12,Reject,2024-09-08,,,10807,
S01580,J13,2024-02-12,Rejected,2024-03-30,,,"7,919",
S01581,J13,2023-12-31,Reject,11/03/2024,,,4655,
S01582,J13,2023-03-29,Accept,2023-05-03,2023-06-04,03/07/2023,"8,388",
S01583,J13,2024-08-13,accepted,2024-08-29,2024-10-07,2024-10-23,"6,755",
S01584,J13,2024-02-25,R&R,2024-05-04,,,"6,130",
S01585,J13,2023-02-26,accepted,02/04/2023,2023-04-25,2023-05-09,"10,414",
S01586,J13,29/03/2023,Reject,2023-05-13,,,"4,683",
S01587,J13,2024-02-26,rejected,06/05/2024,,,"8,702",
S01588,J13,2023-07-02,rejected,28/08/2023,,,"5,686",
S01589,J13,2024-04-21,rejected,2024-05-30,,,7879,
S01590,J13,2023-02-03,Major Revision,2023-03-25,,,11496,
S01591,J13,2024-05-07,REJ,2024-05-30,,,3475,
S01592,J13,2024-05-02,Rejected,2024-06-10,,,"3,260",
S01593,J13,2024-05-12,Accept,2024-07-18,2024-08-18,2024-08-30,"3,857",
S01594,J13,2023-05-14,Reject,2023-06-25,,,10070,
S01595,J13,2023-12-27,ACCEPT,13/02/2024,2024-03-25,15/04/2024,9199,
S01596,J13,2023-08-18,Minor Revision,2023-10-26,,,8177,
S01597,J13,2023-09-03,rejected,2023-10-16,,,11203,
S01598,J13,17/10/2023,rejected,2023-12-10,,,6774,
S01599,J13,2023-12-11,REJ,2024-02-17,,,"5,153",
S01600,J13,2024-06-22,REJ,2024-08-01,,,5632,
S01601,J13,2023-12-26,Reject,2024-03-17,,,"4,098",
S01602,J13,2023-06-12,Minor Revision,2023-07-16,,,7018,
S01603,J13,2023-08-12,Rejected,2023-09-20,,,9294,
S01604,J13,08/01/2024,ACCEPT,2024-02-29,2024-03-31,2024-04-26,"6,448",
S01605,J13,2023-08-30,REJ,31/10/2023,,,"3,771",
S01606,J13,2024-04-30,rejected,2024-06-15,,,4203,
S01607,J13,2023-01-10,Major Revision,2023-03-25,,,"7,033",
S01608,J13,2023-09-28,Minor Revision,2023-11-14,,,"8,074",
S01609,J13,2023-02-01,rejected,2023-03-25,,,8765,
S01610,J13,2024-07-27,Reject,2024-09-14,,,5127,
S01611,J13,2023-11-30,accepted,2024-02-26,2024-04-09,2024-04-28,"3,797",
S01612,J13,2023-09-18,Reject,2023-10-22,,,11054,
S01613,J13,2024-04-28,Reject,01/07/2024,,,"10,938",
S01614,J13,2024-06-27,Rejected,2024-09-15,,,"4,474",
S01615,J13,2024-08-19,rejected,2024-09-19,,,"9,434",
S01616,J13,2023-10-03,Accept,2023-12-05,28/12/2023,2024-01-18,"8,688",
S01617,J13,08/01/2023,Rejected,2023-02-20,,,"9,561",
S01618,J13,2024-01-19,REJ,2024-02-19,,,7655,
S01619,J13,2023-12-24,rejected,2024-02-12,,,"10,017",
S01620,J13,2024-04-06,Rejected,2024-05-14,,,8103,
S01621,J13,2023-06-30,R&R,2023-08-09,,,"10,844",
S01622,J13,2023-10-23,Rejected,2024-01-15,,,"3,499",
S01623,J13,2024-05-04,Reject,2024-06-28,,,"11,038",
S01624,J13,2024-03-18,rejected,2024-04-28,,,8252,
S01625,J13,2023-01-11,Reject,2023-02-23,,,9515,
S01626,J13,2023-10-13,Rejected,2023-12-30,,,"8,841",
S01627,J13,18/06/2024,Rejected,2024-08-13,,,11104,
S01628,J13,2023-05-06,Reject,08/07/2023,,,10817,
S01629,J13,2023-01-12,Rejected,2023-02-08,,,6343,
S01630,J13,2024-06-19,accepted,2024-08-06,2024-09-12,12/10/2024,"8,671",
S01631,J13,2024-02-06,Rejected,2024-04-25,,,"9,273",
S01632,J13,2023-05-13,REJ,2023-07-10,,,10572,
S01633,J13,2024-06-13,Rejected,2024-07-18,,,"4,400",
S01634,J13,06/08/2023,Accepted,28/09/2023,2023-10-28,2023-11-13,"8,531",
S01635,J13,2023-12-29,rejected,2024-02-01,,,"9,193",
S01636,J13,2023-03-30,Reject,2023-06-01,,,5475,
S01637,J13,2024-09-14,Rejected,2024-11-03,,,3831,
S01638,J13,2023-06-21,rejected,2023-08-25,,,8136,
S01639,J13,2024-08-02,Reject,2024-09-15,,,"3,837",
S01640,J13,2023-05-01,Rejected,2023-06-16,,,"6,540",
S01641,J13,2024-03-19,Rejected,2024-05-07,,,10500,
S01642,J13,2024-07-23,Reject,2024-09-13,,,4879,
S01643,J13,2023-10-06,rejected,06/12/2023,,,"11,034",
S01644,J13,2024-05-19,ACCEPT,2024-06-30,2024-08-08,2024-08-29,7800,
S01645,J13,2023-10-28,REJ,2023-12-22,,,"6,239",
S01646,J13,2024-05-15,Revise,2024-07-09,,,8520,
S01647,J13,2023-10-30,Accepted,13/12/2023,2024-01-22,2024-02-22,"7,587",
S01648,J13,18/03/2024,Reject,2024-05-16,,,"6,091",
S01649,J13,27/04/2024,Accepted,2024-06-11,2024-07-08,30/07/2024,5081,
S01650,J13,2024-07-31,Accept,2024-10-27,2024-12-02,2024-12-21,"5,480",
S01651,J13,2023-08-27,rejected,2023-10-12,,,"5,119",
S01652,J13,2024-03-18,REJ,2024-04-16,,,"5,959",
S01653,J13,2024-02-03,Accepted,2024-03-19,2024-04-27,2024-05-23,"10,686",
S01654,J13,2024-06-27,Rejected,2024-08-18,,,"9,628",
S01655,J13,2023-10-28,rejected,2024-01-09,,,"5,812",
S01656,J13,2024-05-02,Accept,2024-06-26,2024-07-31,2024-08-26,4728,
S01657,J13,2023-08-12,Minor Revision,2023-09-20,,,"10,678",
S01658,J13,2024-09-30,Rejected,2024-11-07,,,6759,
S01659,J13,2023-10-11,accepted,2023-11-30,2024-01-17,2024-01-29,5164,
S01660,J13,2023-06-06,Rejected,2023-08-14,,,10344,
S01661,J13,12/04/2023,Reject,2023-06-12,,,"4,837",
S01662,J13,2023-06-02,Revise,31/07/2023,,,"10,194",
S01663,J13,2023-07-25,Reject,2023-09-24,,,"7,724",
S01664,J13,2023-05-08,rejected,2023-06-23,,,"3,954",
S01665,J13,2023-04-29,accepted,2023-06-26,2023-08-10,2023-09-03,"9,653",
S01666,J13,2023-10-27,Reject,2023-12-26,,,"4,493",
S01667,J13,2023-09-06,Rejected,2023-10-23,,,6362,
S01668,J13,03/01/2023,R&R,12/02/2023,,,"10,099",
S01669,J13,2023-04-09,REJ,2023-06-04,,,10261,
S01670,J13,2023-01-03,rejected,2023-03-07,,,"6,096",
S01671,J13,2023-12-14,rejected,2024-02-09,,,"11,034",
S01672,J13,2024-01-15,rejected,2024-04-02,,,"6,064",
S01673,J13,16/04/2023,Rejected,2023-07-06,,,"10,724",
S01674,J13,2023-06-03,rejected,03/08/2023,,,"9,926",
S01675,J13,2023-09-28,rejected,2023-11-19,,,"5,762",
S01676,J13,2024-03-21,Rejected,11/04/2024,,,4729,
S01677,J13,2024-03-03,REJ,2024-03-27,,,11202,
S01678,J13,2023-10-29,Major Revision,2023-12-11,,,"8,517",
S01679,J13,2023-05-17,R&R,2023-07-16,,,4443,
S01680,J13,2023-11-22,Reject,2024-01-12,,,"9,747",
S01681,J13,2024-01-04,Accepted,2024-03-16,2024-04-18,2024-05-10,5380,
S01682,J13,2023-03-15,accepted,2023-04-29,03/06/2023,2023-06-25,"6,280",
S01683,J13,2023-09-07,Accepted,2023-10-08,13/11/2023,2023-11-30,7951,
S01684,J13,2023-06-22,REJ,24/08/2023,,,"6,091",
S01685,J13,2023-02-08,REJ,2023-04-02,,,10872,
S01686,J13,2023-03-03,REJ,19/04/2023,,,"6,032",
S01687,J13,15/02/2024,Rejected,2024-05-21,,,"5,747",
S01688,J13,2023-02-13,Accepted,2023-03-30,2023-04-23,09/05/2023,8955,
S01689,J13,2024-01-02,R&R,2024-02-23,,,10061,
S01690,J13,2023-06-12,REJ,2023-07-15,,,"5,634",
S01691,J13,08/01/2023,REJ,2023-02-24,,,9233,
S01692,J13,2023-03-04,REJ,2023-04-30,,,9230,
S01693,J13,2023-06-07,Reject,2023-08-16,,,"8,334",
S01694,J13,2024-08-07,Rejected,2024-09-30,,,11424,
S01695,J13,2024-07-14,Reject,2024-09-10,,,"4,869",
S01696,J13,2024-09-11,Accept,2024-10-18,2024-11-24,2024-12-15,"10,864",
S01697,J13,2023-03-28,Rejected,2023-05-28,,,9665,
S01698,J13,2024-04-06,Rejected,2024-05-16,,,11415,
S01699,J13,2024-08-16,rejected,2024-09-28,,,"3,984",
S01700,J13,2024-08-15,Rejected,2024-10-15,,,"6,445",
S01701,J13,2023-01-26,REJ,2023-03-18,,,4243,
S01702,J13,2024-07-16,REJ,2024-09-29,,,"5,788",
S01703,J13,2023-11-05,Rejected,2024-01-08,,,11460,
S01704,J13,22/06/2023,Rejected,2023-08-12,,,"11,299",
S01705,J13,2024-03-11,Reject,2024-05-03,,,"4,479",
S01706,J13,2024-05-03,rejected,2024-06-21,,,"3,509",
S01707,J13,2024-03-08,Accepted,19/05/2024,2024-06-12,26/06/2024,"8,927",
S01708,J13,23/04/2023,Accepted,2023-06-11,2023-07-20,2023-08-20,9955,
S01709,J14,2023-03-02,rejected,2023-04-13,,,"3,529",
S01710,J14,2023-01-06,rejected,2023-02-27,,,8002,
S01711,J14,2023-05-25,REJ,2023-07-07,,,"7,342",
S01712,J14,2024-02-25,Rejected,2024-03-24,,,"6,219",
S01713,J14,2024-08-31,Rejected,2024-09-28,,,9592,
S01714,J14,16/02/2024,Rejected,2024-03-22,,,"3,659",
S01715,J14,2023-06-03,Reject,2023-07-07,,,6278,
S01716,J14,2024-05-22,rejected,2024-06-29,,,"7,440",
S01717,J14,2023-12-19,rejected,2024-02-02,,,"11,376",
S01718,J14,2024-10-01,Rejected,2024-11-26,,,3396,
S01719,J14,2024-02-27,Reject,11/04/2024,,,5256,
S01720,J14,2023-08-19,REJ,2023-09-19,,,"9,553",
S01721,J14,2023-09-30,Rejected,2023-10-29,,,3736,
S01722,J14,2023-08-22,Minor Revision,2023-10-06,,,6162,
S01723,J14,2023-09-21,Minor Revision,2023-11-08,,,7254,
S01724,J14,2023-07-26,ACCEPT,2023-09-03,2023-10-01,2023-10-28,"7,426",
S01725,J14,2024-03-26,Reject,2024-05-08,,,4127,
S01726,J14,2024-01-20,Minor Revision,22/02/2024,,,"6,389",
S01727,J14,2023-09-26,Revise,2023-10-28,,,"5,841",
S01728,J14,2024-03-15,Reject,2024-04-03,,,8787,
S01729,J14,2024-08-31,Reject,2024-09-18,,,"5,919",
S01730,J14,31/12/2023,Reject,2024-02-14,,,"9,037",
S01731,J14,2024-08-24,Rejected,2024-09-12,,,6606,
S01732,J14,08/07/2024,Reject,2024-08-28,,,"9,485",
S01733,J14,22/11/2023,rejected,2024-01-02,,,"10,751",
S01734,J14,2023-01-01,Accepted,15/02/2023,2023-04-07,2023-05-07,10601,
S01735,J14,2023-11-16,Rejected,2024-01-02,,,6964,
S01736,J14,2023-08-04,Rejected,2023-09-10,,,"7,721",
S01737,J14,2023-07-18,R&R,2023-08-23,,,10043,
S01738,J14,11/08/2023,REJ,2023-09-20,,,"11,092",
S01739,J14,2023-06-01,REJ,2023-07-15,,,7982,
S01740,J14,2024-04-13,Major Revision,2024-05-21,,,"8,910",
S01741,J14,2023-08-14,rejected,2023-10-09,,,"9,247",
S01742,J14,2024-09-04,ACCEPT,2024-10-03,2024-11-11,2024-11-26,10594,
S01743,J14,2023-08-22,REJ,2023-09-20,,,"10,411",
S01744,J14,2024-09-20,REJ,2024-10-26,,,"8,854",
S01745,J14,2023-12-20,Rejected,2024-01-10,,,"7,023",
S01746,J14,2023-09-04,rejected,15/10/2023,,,"6,007",
S01747,J14,2023-04-06,REJ,2023-05-17,,,8334,
S01748,J14,2024-09-20,rejected,2024-11-01,,,"9,167",
S01749,J14,2023-01-05,Reject,2023-02-18,,,"9,600",
S01750,J14,2024-06-20,Reject,2024-08-04,,,10773,
S01751,J14,2023-12-24,Accepted,2024-01-14,2024-02-19,17/03/2024,7699,
S01752,J14,2023-01-27,Major Revision,2023-03-11,,,"5,736",
S01753,J14,2024-05-27,Reject,2024-07-12,,,3644,
S01754,J14,2024-07-03,Accepted,2024-08-11,2024-09-19,2024-10-01,7167,
S01755,J14,2024-05-24,Accepted,2024-07-11,2024-08-15,09/09/2024,"9,591",
S01756,J14,2023-05-10,Rejected,2023-06-20,,,"3,244",
S01757,J14,2023-04-18,Reject,2023-05-18,,,3865,
S01758,J14,2023-04-15,Accept,2023-05-22,2023-07-09,2023-08-11,"4,141",
S01759,J14,2024-08-12,Reject,24/09/2024,,,"4,367",
S01760,J14,2023-06-01,Rejected,2023-07-08,,,10666,
S01761,J14,2024-03-27,ACCEPT,2024-05-01,2024-05-30,2024-07-13,11442,
S01762,J14,2024-01-07,REJ,2024-02-06,,,"3,539",
S01763,J14,28/07/2024,Reject,2024-08-31,,,6044,
S01764,J14,2023-02-07,Reject,14/03/2023,,,11061,
S01765,J14,2023-06-19,REJ,2023-07-31,,,4234,
S01766,J14,27/07/2024,Accept,2024-09-13,2024-10-19,2024-11-04,"7,153",
S01767,J14,2024-07-15,Major Revision,2024-09-03,,,"7,203",
S01768,J14,05/09/2023,Revise,2023-10-14,,,"5,731",
S01769,J14,2024-02-04,Reject,2024-03-07,,,3547,
S01770,J14,2024-09-10,Rejected,2024-10-27,,,"6,038",
S01771,J14,2024-01-11,Rejected,2024-03-07,,,4264,
S01772,J14,2023-11-24,Reject,2023-12-16,,,"7,411",
S01773,J14,2023-11-11,REJ,2023-12-30,,,"10,852",
S01774,J14,2023-05-24,Major Revision,2023-07-10,,,8703,
S01775,J14,2023-04-19,Accept,2023-06-08,2023-07-19,2023-08-15,"9,425",
S01776,J14,08/03/2024,rejected,2024-04-16,,,10875,
S01777,J14,2023-11-17,Reject,07/01/2024,,,11254,
S01778,J14,2024-05-08,accepted,2024-06-13,19/07/2024,31/07/2024,3431,
S01779,J14,2024-04-24,REJ,04/06/2024,,,3911,
S01780,J14,2024-03-10,Reject,2024-04-13,,,"11,054",
S01781,J14,2023-03-28,rejected,23/04/2023,,,8089,
S01782,J14,2024-05-27,Accepted,2024-07-24,2024-08-31,2024-09-18,6470,
S01783,J14,2023-07-15,Minor Revision,2023-08-24,,,8734,
S01784,J14,16/08/2023,Accepted,2023-09-14,13/10/2023,2023-10-25,5439,
S01785,J14,2024-08-24,REJ,2024-09-23,,,"3,931",
S01786,J14,2023-04-13,Accept,2023-05-01,2023-06-10,2023-07-02,"4,814",
S01787,J14,2023-04-08,Rejected,2023-05-04,,,"11,395",
S01788,J14,2024-07-06,Rejected,2024-08-02,,,"3,268",
S01789,J14,2023-07-27,Accept,2023-08-30,2023-09-27,2023-10-24,"3,309",
S01790,J14,2024-08-04,Accepted,2024-08-29,2024-09-29,2024-10-09,"9,849",
S01791,J14,2024-09-28,Major Revision,2024-10-28,,,"8,980",
S01792,J14,2024-02-25,rejected,2024-03-26,,,9846,
S01793,J14,2024-09-16,R&R,2024-11-18,,,9311,
S01794,J14,2024-05-29,Accept,2024-07-16,2024-08-10,2024-09-13,"7,120",
S01795,J14,20/02/2023,REJ,2023-03-07,,,"5,310",
S01796,J14,2023-12-14,accepted,2024-02-10,2024-03-20,30/03/2024,10052,
S01797,J14,2024-03-30,R&R,2024-05-07,,,"8,380",
S01798,J14,2023-07-27,Accept,2023-09-07,2023-10-18,2023-11-08,"4,538",
S01799,J14,2024-09-17,Minor Revision,2024-10-29,,,3441,
S01800,J14,2024-06-26,Rejected,20/07/2024,,,3529,
S01801,J14,06/08/2023,Accept,2023-09-25,2023-10-18,2023-11-15,"4,515",
S01802,J14,2023-10-09,Accepted,2023-11-20,2023-12-20,2024-01-21,"6,600",
S01803,J14,2023-04-30,accepted,2023-06-02,2023-07-13,2023-08-03,8844,
S01804,J14,2024-02-16,R&R,2024-04-02,,,10901,
S01805,J14,2024-01-06,Revise,2024-02-16,,,3213,
S01806,J14,2023-07-02,REJ,2023-08-30,,,5389,
S01807,J14,19/07/2024,Accept,2024-09-13,2024-10-21,2024-11-10,4627,
S01808,J14,2024-03-26,ACCEPT,2024-05-08,2024-07-05,01/08/2024,9785,
S01809,J14,2023-02-21,REJ,2023-03-18,,,"4,222",
S01810,J14,2024-06-20,Reject,2024-08-07,,,10678,
S01811,J14,2024-07-23,rejected,2024-08-30,,,4324,
S01812,J14,2024-02-22,Rejected,2024-03-29,,,"4,731",
S01813,J14,2023-03-27,REJ,2023-04-16,,,"4,439",
S01814,J14,2024-04-20,Rejected,2024-05-31,,,"6,351",
S01815,J14,2023-03-28,rejected,10/05/2023,,,9489,
S01816,J14,2023-07-16,rejected,2023-08-26,,,10023,
S01817,J14,2023-12-15,REJ,2024-02-09,,,"3,794",
S01818,J14,2024-08-25,REJ,22/09/2024,,,"4,269",
S01819,J14,2023-11-16,REJ,2023-12-30,,,"5,310",
S01820,J14,2023-12-19,Major Revision,2024-01-27,,,"9,663",
S01821,J14,2024-06-09,rejected,2024-07-16,,,"9,988",
S01822,J14,2024-07-15,ACCEPT,2024-08-19,2024-10-03,2024-10-22,8879,
S01823,J14,2023-05-29,rejected,2023-07-19,,,"9,460",
S01824,J14,2023-10-17,rejected,24/11/2023,,,"8,601",
S01825,J14,2023-08-02,accepted,2023-09-23,2023-11-02,2023-11-28,6697,
S01826,J14,2023-01-31,Reject,2023-02-24,,,"11,107",
S01827,J14,2024-07-22,Reject,2024-08-21,,,3503,
S01828,J14,2023-06-21,Rejected,2023-08-08,,,"6,143",
S01829,J14,2023-10-09,rejected,11/11/2023,,,"6,263",
S01830,J14,2023-10-30,Reject,2023-12-12,,,"10,465",
S01831,J14,2023-03-20,Reject,2023-05-17,,,"10,030",
S01832,J14,2023-08-30,Rejected,2023-10-22,,,3636,
S01833,J14,2023-08-04,Minor Revision,2023-09-12,,,"5,296",
S01834,J14,2024-01-12,REJ,2024-03-02,,,8642,
S01835,J14,2023-04-07,Reject,2023-05-08,,,3236,
S01836,J14,21/06/2023,Rejected,2023-07-30,,,6155,
S01837,J14,05/10/2023,REJ,31/10/2023,,,7234,
S01838,J14,2023-11-11,Reject,2024-01-05,,,5256,
S01839,J14,31/07/2023,Rejected,2023-09-03,,,"4,964",
S01840,J14,2023-05-27,REJ,2023-07-08,,,"4,818",
S01841,J14,2023-11-22,Reject,2023-12-30,,,"4,103",
S01842,J14,2024-02-07,Minor Revision,29/03/2024,,,"10,510",
S01843,J14,2024-06-23,Reject,2024-08-24,,,"5,849",
S01844,J14,30/03/2023,REJ,2023-05-08,,,"3,731",
S01845,J14,2024-05-28,R&R,2024-07-24,,,8703,
S01846,J14,2024-01-04,REJ,2024-01-30,,,"7,968",
S01847,J14,2023-02-03,rejected,2023-03-18,,,9806,
S01848,J15,2024-04-15,Reject,2024-06-24,,,"8,620",
S01849,J15,2024-05-14,REJ,2024-06-19,,,"8,279",
S01850,J15,2023-12-02,Reject,2024-01-25,,,"5,083",
S01851,J15,2023-01-12,Accept,2023-03-01,2023-03-11,2023-04-06,5639,"$2,197.69"
S01852,J15,2024-07-10,Revise,2024-08-19,,,"11,238",
S01853,J15,2023-10-23,Reject,2023-11-30,,,10101,
S01854,J15,2023-12-02,Rejected,2024-01-25,,,8185,
S01855,J15,2024-03-25,REJ,2024-04-20,,,"5,020",
S01856,J15,2024-06-07,Rejected,2024-08-03,,,"4,514",
S01857,J15,2024-08-03,rejected,2024-09-25,,,9694,
S01858,J15,2023-03-21,rejected,2023-05-14,,,11191,
S01859,J15,2023-05-30,Accept,2023-07-17,2023-08-25,2023-09-20,5493,1773.23
S01860,J15,2023-11-07,Rejected,15/12/2023,,,6007,
S01861,J15,2023-05-07,Major Revision,2023-07-01,,,"9,668",
S01862,J15,2023-10-15,Reject,2023-11-28,,,"6,700",
S01863,J15,2023-07-02,Reject,2023-09-03,,,11238,
S01864,J15,2023-09-06,Revise,2023-10-21,,,"7,933",
S01865,J15,2024-09-01,accepted,2024-11-02,2024-12-23,,10522,
S01866,J15,30/09/2024,R&R,2024-11-10,,,"8,917",
S01867,J15,2023-09-29,Major Revision,24/10/2023,,,"5,386",
S01868,J15,2023-11-05,Accepted,2023-12-16,2024-01-12,2024-02-12,"10,669","£1,449.70"
S01869,J15,2024-01-04,Reject,2024-03-05,,,4695,
S01870,J15,2023-07-31,Accept,2023-09-13,2023-10-16,2023-11-22,6952,1686.56
S01871,J15,19/05/2024,Reject,2024-07-09,,,4420,
S01872,J15,2024-05-27,ACCEPT,2024-07-28,2024-08-26,2024-10-03,"9,302","£2,427.35"
S01873,J15,2023-01-16,rejected,2023-03-31,,,"3,318",
S01874,J15,2023-04-25,Accepted,2023-06-25,2023-08-05,2023-09-09,6289,"£1,313.16"
S01875,J15,2024-07-08,Rejected,2024-08-20,,,5298,
S01876,J15,2023-02-02,Minor Revision,2023-04-07,,,10919,
S01877,J15,2023-10-26,REJ,10/12/2023,,,"7,929",
S01878,J15,2023-08-17,accepted,2023-10-16,04/12/2023,2023-12-28,4962,1739.53
S01879,J15,2023-06-27,ACCEPT,2023-09-07,2023-10-06,2023-10-16,10182,"$1,204.03"
S01880,J15,01/02/2023,Reject,2023-04-03,,,10832,
S01881,J15,2023-05-09,REJ,2023-06-29,,,"5,847",
S01882,J15,2023-01-03,ACCEPT,2023-03-12,2023-04-28,19/05/2023,"6,059",2220.75
S01883,J15,2023-03-17,REJ,2023-05-05,,,10245,
S01884,J15,2024-02-25,rejected,2024-04-27,,,11413,
S01885,J15,2024-08-10,Rejected,2024-10-06,,,"7,180",
S01886,J15,2024-01-16,R&R,2024-03-10,,,"10,310",
S01887,J15,2024-05-31,REJ,2024-07-04,,,"6,823",
S01888,J15,26/05/2024,rejected,2024-07-24,,,10598,
S01889,J15,2023-07-01,Rejected,2023-08-16,,,"7,255",
S01890,J15,2023-03-27,REJ,2023-05-16,,,6914,
S01891,J15,2024-05-29,Rejected,2024-06-21,,,"8,955",
S01892,J15,2024-09-21,Accept,2024-12-07,,,8203,
S01893,J15,2023-10-06,rejected,2023-11-20,,,4540,
S01894,J15,2024-09-21,rejected,2024-11-03,,,"10,324",
S01895,J15,2024-06-09,REJ,2024-07-30,,,6992,
S01896,J15,19/03/2024,Rejected,2024-05-23,,,5110,
S01897,J15,2023-01-09,Accept,2023-02-25,2023-04-20,08/05/2023,"8,952","$1,533.18"
S01898,J15,2023-10-28,rejected,2023-12-14,,,7112,
S01899,J15,2023-01-28,Rejected,2023-03-01,,,5886,
S01900,J15,2023-08-10,Rejected,2023-09-30,,,"8,725",
S01901,J15,2023-02-23,rejected,2023-05-06,,,"3,335",
S01902,J15,2024-01-05,Rejected,2024-03-18,,,"8,651",
S01903,J15,2024-04-05,Rejected,2024-05-21,,,"10,784",
S01904,J15,2024-06-29,Major Revision,2024-09-03,,,"10,054",
S01905,J15,2023-07-16,Accepted,2023-08-23,2023-09-27,2023-10-25,"8,771","$2,554.24"
S01906,J15,2024-05-03,Reject,2024-07-03,,,10728,
S01907,J15,2023-11-10,Reject,2024-01-09,,,9506,
S01908,J15,2023-05-10,REJ,15/06/2023,,,"6,362",
S01909,J15,29/03/2024,REJ,2024-05-26,,,10415,
S01910,J15,2023-12-19,rejected,2024-02-19,,,8102,
S01911,J15,2024-03-02,Accepted,2024-04-25,2024-06-01,2024-06-18,"7,699","$2,141.01"
S01912,J15,2023-08-06,REJ,2023-09-30,,,"9,044",
S01913,J15,2023-08-07,Rejected,2023-09-15,,,11391,
S01914,J15,2023-01-09,Major Revision,2023-03-05,,,4949,
S01915,J15,2024-03-05,accepted,2024-04-30,2024-06-05,2024-07-03,"9,658","£1,650.25"
S01916,J15,2023-11-20,Rejected,2024-01-27,,,"5,200",
S01917,J15,2023-08-13,rejected,2023-09-29,,,"8,646",
S01918,J15,2023-08-05,Minor Revision,2023-10-03,,,"6,451",
S01919,J15,2023-06-06,Reject,2023-08-02,,,4289,
S01920,J15,2024-02-19,REJ,2024-04-09,,,"4,711",
S01921,J15,2023-03-14,rejected,2023-04-26,,,4399,
S01922,J15,2024-08-22,R&R,2024-10-17,,,"10,936",
S01923,J15,2023-07-09,REJ,2023-08-13,,,"3,881",
S01924,J15,2023-11-17,Major Revision,2024-01-02,,,"8,490",
S01925,J15,2023-02-01,Rejected,2023-03-15,,,"4,333",
S01926,J15,2023-01-13,rejected,2023-02-18,,,"8,254",
S01927,J15,2023-11-25,rejected,2023-12-23,,,3354,
S01928,J15,21/06/2023,rejected,2023-08-15,,,8424,
S01929,J15,2023-05-03,rejected,2023-06-24,,,9532,
S01930,J15,2024-01-15,Reject,2024-03-04,,,"4,603",
S01931,J15,2023-11-09,ACCEPT,2023-12-10,2024-01-12,2024-02-13,"10,095",2191.51
S01932,J15,2023-01-29,R&R,2023-03-26,,,"4,598",
S01933,J15,2023-12-31,ACCEPT,2024-02-28,2024-04-04,2024-05-05,"6,538",2446.01
S01934,J15,2024-08-31,Reject,2024-10-18,,,4111,
S01935,J15,2023-03-20,REJ,2023-04-30,,,"5,001",
S01936,J15,15/06/2023,R&R,2023-08-14,,,11407,
S01937,J15,2024-02-06,Rejected,2024-04-07,,,8834,
S01938,J15,10/01/2024,rejected,12/02/2024,,,10598,
S01939,J15,2023-05-31,ACCEPT,2023-06-29,2023-08-12,2023-09-02,"11,109","£1,789.15"
S01940,J15,2023-10-31,rejected,2023-12-26,,,10969,
S01941,J15,15/02/2023,accepted,2023-04-02,27/05/2023,2023-06-29,3727,2156.64
S01942,J15,2024-05-16,Rejected,2024-07-13,,,11274,
S01943,J15,2024-06-23,Rejected,2024-08-23,,,9406,
S01944,J15,2024-03-23,Reject,2024-05-19,,,"8,407",
S01945,J15,2024-06-18,REJ,2024-07-16,,,8031,
S01946,J15,2023-12-24,accepted,2024-02-02,2024-03-17,2024-04-19,"8,740","£2,005.12"
S01947,J15,2023-04-18,accepted,2023-06-07,2023-06-28,15/07/2023,"11,166","$2,023.11"
S01948,J15,2023-10-18,Rejected,2023-11-25,,,4839,
S01949,J15,2024-04-11,Revise,2024-05-18,,,7096,
S01950,J15,2024-09-23,accepted,2024-10-30,2024-12-10,,"6,610",
S01951,J15,2024-06-23,Major Revision,2024-08-10,,,4542,
S01952,J15,2023-07-07,Revise,2023-08-12,,,"5,203",
S01953,J15,2024-05-02,Rejected,2024-07-11,,,"7,730",
S01954,J15,2023-11-04,Major Revision,2024-01-04,,,"7,102",
S01955,J15,2023-06-08,REJ,2023-08-04,,,"7,717",
S01956,J15,2023-08-31,REJ,2023-10-08,,,"3,484",
S01957,J15,2023-11-09,Accept,2023-12-13,2024-01-09,2024-02-08,"6,602","£1,660.83"
S01958,J15,2023-01-30,Rejected,04/04/2023,,,"5,610",
S01959,J15,2024-07-20,REJ,10/09/2024,,,3651,
S01960,J15,2024-03-14,Accepted,2024-05-31,2024-06-24,2024-08-01,"9,274",1398.34
S01961,J15,2024-08-14,REJ,2024-10-07,,,9291,
S01962,J15,2023-10-08,Reject,2023-11-29,,,6165,
S01963,J15,2023-10-25,accepted,2023-12-28,2024-01-19,13/02/2024,"8,870",1661.03
S01964,J15,2023-04-25,Rejected,2023-06-18,,,"7,051",
S01965,J15,2023-08-19,rejected,2023-11-09,,,"5,991",
S01966,J15,2024-01-29,Minor Revision,2024-03-06,,,"8,293",
S01967,J15,2024-01-15,Accepted,2024-02-21,2024-03-23,12/04/2024,"6,306",2204.61
S01968,J15,2024-01-01,Minor Revision,2024-02-19,,,10822,
S01969,J15,2024-03-05,Rejected,2024-04-25,,,9497,
S01970,J15,23/05/2024,Rejected,2024-07-05,,,6364,
S01971,J15,2023-09-15,rejected,2023-11-08,,,4067,
S01972,J15,29/04/2023,R&R,2023-06-11,,,4765,
S01973,J15,2024-06-15,accepted,2024-07-24,2024-09-01,2024-09-27,4622,1515.93
S01974,J15,2023-01-12,rejected,2023-03-05,,,"3,282",
S01975,J15,2023-11-23,Rejected,2024-01-28,,,8200,
S01976,J15,2024-05-19,rejected,2024-07-03,,,"8,144",
S01977,J15,2024-02-17,rejected,2024-04-26,,,"3,834",
S01978,J15,2024-07-15,Rejected,2024-08-19,,,"3,768",
S01979,J15,2023-08-18,rejected,2023-09-28,,,"7,771",
S01980,J15,2023-05-28,Accept,2023-07-20,2023-08-08,2023-09-03,3393,1624.73
S01981,J15,2024-03-04,accepted,2024-05-01,11/06/2024,2024-07-14,5733,2018.86
S01982,J15,2023-01-11,Revise,2023-03-14,,,9226,
S01983,J15,2023-06-17,Reject,2023-08-12,,,11007,
S01984,J15,2024-08-07,Rejected,2024-09-23,,,8499,
S01985,J15,2024-06-11,accepted,2024-08-10,2024-09-03,2024-10-03,4196,1849.43
S01986,J15,2023-01-16,rejected,27/02/2023,,,7480,
S01987,J15,2024-06-25,Reject,2024-07-22,,,"6,037",
S01988,J15,2024-09-07,Reject,2024-10-13,,,4497,
S01989,J15,2023-03-26,R&R,2023-05-07,,,6827,
S01990,J15,2023-10-24,ACCEPT,2023-12-20,2024-01-10,2024-01-30,"3,469","£2,536.35"
S01991,J15,2023-06-01,Reject,2023-07-18,,,4234,
S01992,J15,2023-05-31,Accepted,12/07/2023,2023-08-10,2023-09-10,"5,263","$1,511.08"
S01993,J15,2024-07-17,R&R,2024-08-18,,,"7,908",
S01994,J15,11/06/2024,Revise,2024-08-31,,,"7,404",
S01995,J15,2024-07-11,Rejected,28/08/2024,,,"6,941",
S01996,J15,2024-04-29,Rejected,2024-06-06,,,"8,575",
S01997,J15,2023-11-04,R&R,2023-12-14,,,"4,805",
S01998,J15,2023-09-13,Rejected,2023-10-26,,,8706,
S01999,J15,2023-11-20,Accepted,2024-01-02,02/02/2024,2024-03-04,7619,"£1,386.19"
S02000,J15,2023-06-12,Rejected,2023-07-20,,,"4,699",
S02001,J15,2024-03-12,Accepted,2024-04-13,2024-05-24,2024-06-16,3431,"$2,509.08"
S02002,J15,2023-04-09,Reject,2023-06-03,,,7501,
S02003,J15,2024-04-05,Revise,2024-06-02,,,"10,896",
S02004,J15,2023-01-05,ACCEPT,2023-02-17,2023-03-25,2023-05-01,8145,"$2,550.83"
S02005,J15,2024-07-24,rejected,2024-08-18,,,10861,
S02006,J15,2024-01-22,Major Revision,2024-03-19,,,"5,746",
S02007,J15,2024-01-15,Reject,2024-03-13,,,"6,138",
S02008,J15,25/09/2024,Reject,18/11/2024,,,7896,
S02009,J15,2023-05-09,REJ,2023-06-06,,,10138,
S02010,J15,2024-03-13,rejected,2024-05-04,,,9470,
S02011,J15,2023-09-25,Rejected,2023-11-03,,,"8,930",
S02012,J15,2023-02-21,Rejected,2023-04-08,,,"9,520",
S02013,J15,2024-06-12,rejected,2024-08-11,,,"10,667",
S02014,J15,2023-09-19,Reject,11/11/2023,,,7685,
S02015,J15,2023-04-14,rejected,2023-06-20,,,"6,631",
S02016,J15,2023-09-09,REJ,2023-10-27,,,6303,
S02017,J15,2023-09-08,ACCEPT,2023-10-28,2023-11-09,29/11/2023,6219,1679.83
S02018,J15,2024-01-23,Revise,2024-03-13,,,8960,
S02019,J15,2024-09-18,rejected,2024-10-29,,,"10,875",
S02020,J15,11/05/2024,Accept,2024-07-06,2024-08-05,2024-08-30,"8,372","£1,352.82"
S02021,J15,2023-01-31,Rejected,2023-03-21,,,"9,964",
S02022,J15,2024-03-04,Revise,2024-04-14,,,9176,
S02023,J15,2023-05-07,Accepted,2023-06-07,2023-07-22,2023-08-21,4677,2218.24
S02024,J15,2023-08-22,Rejected,06/10/2023,,,3355,
S02025,J15,2024-03-30,Rejected,2024-04-28,,,4725,
S02026,J15,2023-05-13,REJ,2023-06-26,,,4437,
S02027,J15,2023-03-14,Rejected,2023-05-07,,,8212,
S02028,J15,2023-07-20,Reject,2023-09-03,,,3867,
S02029,J15,2024-06-28,Reject,2024-08-17,,,3455,
S02030,J15,2024-03-28,REJ,2024-05-14,,,"4,747",
S02031,J15,2024-03-09,REJ,2024-05-04,,,7450,
S02032,J15,2023-10-25,Minor Revision,2023-12-09,,,"9,396",
S02033,J15,2023-04-25,Reject,2023-06-07,,,8646,
S02034,J15,2023-01-05,accepted,10/02/2023,20/03/2023,2023-04-03,"5,724","£1,893.82"
S02035,J15,08/01/2024,ACCEPT,2024-02-20,2024-04-04,2024-05-04,7401,2193.52
S02036,J15,2023-11-21,Rejected,2023-12-14,,,6065,
S02037,J15,2023-02-04,Accepted,2023-03-31,11/05/2023,31/05/2023,"7,406","£1,515.77"
S02038,J15,2024-09-24,REJ,2024-10-26,,,"5,350",
S02039,J15,2024-02-22,Reject,2024-04-22,,,"8,975",
S02040,J16,2023-07-29,Reject,08/09/2023,,,"7,568",
S02041,J16,2023-11-11,Accept,2023-12-16,2024-01-09,2024-01-25,7057,2127.19
S02042,J16,2024-01-19,ACCEPT,2024-02-18,2024-03-20,2024-04-14,10150,"£1,248.92"
S02043,J16,2024-04-04,Reject,2024-05-18,,,10240,
S02044,J16,2023-09-24,Major Revision,2023-10-22,,,"7,221",
S02045,J16,2023-03-11,REJ,2023-04-13,,,"4,902",
S02046,J16,2023-05-10,Accept,2023-06-06,2023-07-07,2023-08-03,11034,"£2,175.85"
S02047,J16,2023-01-11,REJ,22/02/2023,,,"6,382",
S02048,J16,2023-12-09,ACCEPT,2024-01-05,2024-02-15,2024-03-12,"8,071",2046.41
S02049,J16,18/02/2023,Reject,2023-04-10,,,"8,639",
S02050,J16,05/03/2023,ACCEPT,2023-04-01,2023-05-05,2023-05-15,9319,1826.66
S02051,J16,2023-07-17,Reject,2023-08-29,,,"6,220",
S02052,J16,2024-07-02,ACCEPT,2024-07-23,2024-09-05,2024-09-18,9701,"$1,560.36"
S02053,J16,2023-05-20,Revise,18/06/2023,,,4708,
S02054,J16,2024-02-22,Minor Revision,2024-03-29,,,"4,356",
S02055,J16,2023-02-13,Reject,2023-03-19,,,"6,296",
S02056,J16,27/09/2023,Rejected,2023-11-01,,,10745,
S02057,J16,2023-08-01,Rejected,06/09/2023,,,"5,944",
S02058,J16,2024-07-10,Rejected,06/08/2024,,,7922,
S02059,J16,2023-02-13,rejected,2023-03-11,,,4757,
S02060,J16,11/03/2024,rejected,2024-04-02,,,3711,
S02061,J16,2024-08-25,Rejected,2024-09-16,,,"9,696",
S02062,J16,27/09/2024,ACCEPT,2024-11-06,2024-12-08,,"9,360",
S02063,J16,2023-03-02,Rejected,2023-03-12,,,"5,239",
S02064,J16,2023-02-11,R&R,2023-03-24,,,10794,
S02065,J16,02/07/2024,Minor Revision,2024-08-04,,,8083,
S02066,J16,2024-01-18,Reject,2024-02-06,,,3635,
S02067,J16,2024-07-13,Reject,2024-08-21,,,"6,090",
S02068,J16,2024-05-30,REJ,2024-06-29,,,7284,
S02069,J16,2024-06-01,Rejected,2024-06-28,,,9576,
S02070,J16,2023-02-21,ACCEPT,2023-03-25,2023-05-31,2023-06-26,"9,395","$1,255.55"
S02071,J16,06/05/2023,R&R,2023-06-07,,,"3,663",
S02072,J16,2023-08-02,Reject,2023-09-01,,,10897,
S02073,J16,2023-10-28,Rejected,2023-12-08,,,9861,
S02074,J16,2023-12-08,rejected,12/01/2024,,,9518,
S02075,J16,2024-01-23,Reject,2024-02-17,,,5942,
S02076,J16,2023-06-26,rejected,2023-08-09,,,"6,594",
S02077,J16,2023-06-30,rejected,2023-08-13,,,"11,053",
S02078,J16,2024-01-01,accepted,2024-02-07,2024-03-08,2024-04-06,"4,496","$2,083.30"
S02079,J16,2024-09-11,rejected,2024-10-17,,,11366,
S02080,J16,2023-11-23,Reject,2023-12-22,,,"9,553",
S02081,J16,2023-01-17,REJ,2023-02-26,,,"5,703",
S02082,J16,2024-04-27,rejected,2024-06-09,,,"10,831",
S02083,J16,2024-01-19,REJ,2024-02-12,,,"3,509",
S02084,J16,2024-03-30,Accepted,2024-04-22,29/05/2024,2024-06-24,"4,434","$2,017.00"
S02085,J16,24/03/2023,REJ,24/04/2023,,,4212,
S02086,J16,2024-04-03,REJ,2024-05-15,,,3627,
S02087,J16,2023-04-28,Accepted,2023-05-30,2023-06-25,2023-07-16,5355,"£1,813.11"
S02088,J16,2024-05-12,Reject,2024-06-16,,,"5,242",
S02089,J16,2023-04-30,rejected,2023-06-05,,,4535,
S02090,J16,2024-03-21,Major Revision,2024-05-04,,,"4,085",
S02091,J16,2024-05-31,accepted,2024-07-06,30/08/2024,2024-09-22,9434,1374.63
S02092,J16,2023-05-11,Reject,2023-06-03,,,"9,603",
S02093,J16,27/07/2024,Accept,2024-08-26,2024-09-21,2024-10-01,7252,"$1,215.76"
S02094,J16,2024-05-07,Accepted,2024-06-05,2024-06-29,2024-07-18,"4,851","£2,557.48"
S02095,J16,2023-04-09,rejected,2023-05-01,,,"9,640",
S02096,J16,2023-11-03,Accept,2023-12-10,2024-01-15,2024-02-20,"4,407","£1,524.52"
S02097,J16,2023-11-01,Accepted,03/12/2023,2024-01-08,2024-02-09,8061,"$2,127.93"
S02098,J16,2024-03-13,Rejected,2024-03-29,,,7664,
S02099,J16,2024-09-25,Reject,2024-10-25,,,6186,
S02100,J16,2023-12-03,Minor Revision,2024-01-13,,,6290,
S02101,J16,2024-07-21,Revise,2024-08-27,,,"3,691",
S02102,J16,2023-09-25,Reject,2023-10-12,,,10384,
S02103,J16,2023-04-22,ACCEPT,2023-05-28,2023-07-18,03/08/2023,"3,704",1505.89
S02104,J16,2023-06-22,Major Revision,2023-07-31,,,"4,080",
S02105,J16,2023-04-10,Rejected,2023-05-12,,,7065,
S02106,J16,2023-07-01,R&R,21/07/2023,,,"11,481",
S02107,J16,2023-08-22,Accepted,2023-09-17,2023-10-16,2023-11-08,"6,662","$1,249.07"
S02108,J16,2023-01-12,ACCEPT,2023-02-16,2023-03-27,12/04/2023,8237,"$1,427.29"
S02109,J16,2023-01-25,Minor Revision,2023-02-28,,,"8,006",
S02110,J16,2023-02-06,REJ,2023-03-26,,,"11,262",
S02111,J16,2024-05-30,R&R,12/07/2024,,,5531,
S02112,J16,2024-09-05,accepted,2024-10-05,2024-10-31,2024-12-06,"11,246","$1,499.21"
S02113,J16,2023-02-18,REJ,2023-03-29,,,"8,157",
S02114,J16,2024-02-24,Major Revision,2024-03-23,,,"9,994",
S02115,J16,2023-09-15,Accepted,2023-10-11,2023-11-08,13/12/2023,"8,913","$1,685.86"
S02116,J16,2023-11-29,Accept,02/01/2024,2024-01-30,2024-02-18,7528,"$2,170.56"
S02117,J16,2024-08-19,Major Revision,2024-09-26,,,9819,
S02118,J16,2024-05-11,Reject,2024-06-20,,,10642,
S02119,J16,26/02/2024,Reject,2024-03-22,,,"7,251",
S02120,J16,2023-11-22,Accept,2023-12-16,2024-01-24,2024-02-28,"11,363","$1,536.14"
S02121,J16,2023-12-09,Rejected,2024-01-06,,,10697,
S02122,J16,2023-08-24,rejected,2023-09-23,,,"4,752",
S02123,J16,2023-09-15,REJ,2023-10-02,,,8390,
S02124,J16,2023-08-20,rejected,2023-10-08,,,"10,198",
S02125,J16,2023-03-29,REJ,2023-04-30,,,"5,013",
S02126,J16,2023-07-13,accepted,14/08/2023,2023-09-27,24/10/2023,"4,575",1490.58
S02127,J16,2023-11-09,ACCEPT,2023-12-08,2024-01-09,2024-02-15,4678,"£1,503.82"
S02128,J16,2023-08-28,Rejected,2023-10-06,,,"6,267",
S02129,J16,2023-10-16,Minor Revision,2023-11-26,,,"8,276",
S02130,J16,2024-07-27,Rejected,2024-08-31,,,"7,366",
S02131,J16,06/03/2023,rejected,16/04/2023,,,"5,180",
S02132,J16,2023-03-26,rejected,2023-05-01,,,"3,471",
S02133,J16,2024-02-04,REJ,2024-03-12,,,"8,560",
S02134,J16,2023-07-27,Accepted,31/08/2023,2023-10-07,2023-10-20,"9,640",1277.76
S02135,J16,2024-08-29,rejected,2024-09-27,,,10096,
S02136,J16,2024-06-28,Rejected,13/08/2024,,,8412,
S02137,J99,01/03/2024,Reject,2024-05-01,,,5000,
S00021,J01,2023-03-29,Revise,2023-06-13,,,11350,
